evaluating flake...
checking flake output 'lib'...
checking flake output 'packages'...
checking derivation packages.x86_64-linux.default...
running auto-GC to free 126899978240 bytes
finding garbage collector roots...
deleting garbage...
deleting '/nix/store/ybslpllql2y6iqgxylfm87ylsi6b8zx9-workspace-docs-check'
deleting '/nix/store/vfpp4q09z32dbhapcfsyx5jzkfy1xwwg-workspace-docs-check'
deleting '/nix/store/gha46ngll1qh8kjj28qqhywcbzblik5h-workspace-docs-check.drv'
deleting '/nix/store/cxgsxm4bnba5lrrriqgg4bgw338yp10k-generate-workspace-docs.drv'
deleting '/nix/store/bayvsxg3nn3qxgxasy52h0913hgw7q28-generate-workspace-docs'
deleting '/nix/store/inhd26iawj6ijsar3fik4hbdfpnmbbgd-workspace-docs-renderer-0.1.0'
deleting '/nix/store/8c0bs0dikp2z8h5hli2rg2rr1m67wh4k-workspace-docs-check.drv'
deleting '/nix/store/4q3qhcwyxl6rprwvmswk4k1bwxd9lx4y-workspace-docs-check.drv'
deleting '/nix/store/mp93i0ywgpa24d6rhidj29hdl6x9zx85-workspace-docs-renderer-0.1.0.drv'
deleting '/nix/store/1jnc3rxj09xixhlb9y1hq7lhkiyzg6rn-workspace-docs-check'
deleting '/nix/store/z0ysnfyd2g538w3ppmvnhqg4j98n17kh-rust-std-nightly-x86_64-unknown-linux-gnu.tar.gz'
deleting '/nix/store/v8zgmdhcrsmyd8xyffcm81nd0k1f5fn4-cargo-nightly-x86_64-unknown-linux-gnu.tar.gz'
deleting '/nix/store/sixg3bs3pqng3dr289qf1vviybzh5i86-rust-nightly-minimal-2026-09-04.drv'
deleting '/nix/store/zarqk24ni2lc73ckyja6db9j4xqhggdy-rust-std-nightly-minimal-2026-09-04.drv'
deleting '/nix/store/xm9xss4vy4d6gbbblfk5gzlllz2ra6sy-cargo-nightly-minimal-2026-09-04.drv'
deleting '/nix/store/rjski6q0mk104z7k04li2gidk6p5icjq-cargo-nightly-x86_64-unknown-linux-gnu.tar.gz.drv'
deleting '/nix/store/plj652dj86iqkgch35azad7srrwna317-cargo-nightly-x86_64-unknown-linux-gnu.tar.gz.drv'
deleting '/nix/store/npjji9zry1bw1xchb7zvs051g1d6xr8b-rustc-nightly-x86_64-unknown-linux-gnu.tar.gz'
deleting '/nix/store/kg92jq0i81lx72vj4hfqsv07bcyxk3j6-lndir-1.0.5.drv'
deleting '/nix/store/p7ry79bkp0giwlvzw38jqbgpmrab0dwg-lndir-1.0.5.tar.xz.drv'
deleting '/nix/store/dvj9bnk0vdbzzhn76wsnzk1dv6c6jbx1-stdenv-linux'
deleting '/nix/store/dhh1vhxasmyq7pvl6jdwkxcxqfydprwb-rustc-nightly-x86_64-unknown-linux-gnu.tar.gz.drv'
deleting '/nix/store/c9gq0pr093nxvn2i47l1wqxqbrxxqwna-update-autotools-gnu-config-scripts-hook.drv'
deleting '/nix/store/9n3jl9gmqwcianlpanq6lxjmk68gxpsm-rust-std-nightly-x86_64-unknown-linux-gnu.tar.gz.drv'
deleting '/nix/store/nz8xz8ax99skck3bpvaqv4807d6s257h-curl-8.21.0-dev'
deleting '/nix/store/w3dlylcx0xazp41dml02z4gfqlzp6zmi-curl-8.21.0-man'
deleting '/nix/store/n7rjvpbikqpg1ibj7qhvxw87f73r11j6-curl-8.21.0-bin'
deleting '/nix/store/j32dfnpwz3accxw3pxg4rzwyxr7wsvix-nghttp2-1.70.0-dev'
deleting '/nix/store/9v3p6l602b3mifa57nv62sfzvba3fqlw-libssh2-1.11.1-dev'
deleting '/nix/store/g3bcbl53jlgnd5aizrsbiqjnshsnp927-openssl-3.6.3-dev'
deleting '/nix/store/gk2waq8jq7b22kj6shg6qkya3yj06vdr-stdenv-linux-no-cc'
deleting '/nix/store/hd36xbvbc0vrn9f9idrfwxznri0ax427-gnumake-4.4.1'
deleting '/nix/store/721iq51ypzyll8p3lgrgf7fjqbq2w101-nghttp2-1.70.0'
deleting '/nix/store/5p6z3s8k8gflc7a6jrhy31ffvk4krs4q-mirrors-list'
deleting '/nix/store/5lia70hi0mmifs8ks7xbgzmh9wbcp800-krb5-1.22.2-dev'
deleting '/nix/store/4kkppbl3dpa8i43ln15m7mrsd67a8j4h-rust-std-nightly-x86_64-unknown-linux-gnu.tar.gz.drv'
deleting '/nix/store/49d600qd0cy61pwswvlcmv9rzk26s1m5-lndir-1.0.5'
deleting '/nix/store/437ip8pbzxn51bs3vq2sd8hjxp90765i-openssl-3.6.3-bin'
deleting '/nix/store/3vp59h9hrkcma53yalx21dp64yl9g7p9-rust-nightly-minimal-2026-09-04'
deleting '/nix/store/w03v6i2kd6spb1zdvzsssihfmnbkhn9c-cargo-nightly-minimal-2026-09-04'
deleting '/nix/store/3wsk2wjcswrg8pvq6bb7rq9ryb24dhap-rustc-nightly-minimal-2026-09-04'
deleting '/nix/store/30c08nr413lg8lw5yn8hfbcm85hm42mn-rust-std-nightly-minimal-2026-09-04'
deleting '/nix/store/2jbfqijqsraj87qykwzallxpyr25jw58-gnu-config-2024-01-01.drv'
deleting '/nix/store/9i9mnvs4dq9yck77pir1lcjjwfg5q4ya-config.sub-948ae97.drv'
deleting '/nix/store/62zlyj736kbsi3kh0abp0g2dixsk7aij-config.guess-948ae97.drv'
deleting '/nix/store/1rlhayf29a6dagihqjkfx1n6nibg6n2i-rustc-nightly-minimal-2026-09-04.drv'
deleting '/nix/store/h8vzzxq5gncafw2lf2b4mshcqrdaw218-rustc-nightly-x86_64-unknown-linux-gnu.tar.gz.drv'
deleting '/nix/store/yn8scfhr5k35i4wyn5rbf58qyhp55zlh-mirrors-list.drv'
deleting '/nix/store/iifp4fbhbyrc7zvy4lrxqzq6mv780mw7-curl-8.21.0.drv'
deleting '/nix/store/mpbp5jpmnil7bm2mg935qzsi5pbx780g-krb5-1.22.2.drv'
deleting '/nix/store/hykn7agpwg4hwxn0gm081gfy8j41w206-keyutils-1.6.3.drv'
deleting '/nix/store/d46kl141ckng45wkyqxficszlrz3qwhf-byacc-20260126.drv'
deleting '/nix/store/lfyphp1yhvw17msg4fg6rlch36ik30qq-libssh2-1.11.1.drv'
deleting '/nix/store/cmnj9c5mfk7dwp27dj9nmfrf94zn0mhr-openssl-3.6.3.drv'
deleting '/nix/store/nx231yc6h5bg052i50iyr6071339bcw3-make-binary-wrapper-hook.drv'
deleting '/nix/store/s636h4ifmi9zg20y49cfp3dm6smqv007-die-hook.drv'
deleting '/nix/store/3fknpamyxgf5g09m5v0ab7aly3dlwxml-coreutils-9.11.drv'
deleting '/nix/store/ww9h8anfxaac929jy6n4i7547rchhrhp-perl-5.42.3.drv'
deleting '/nix/store/lnr1bhp170qw3ngijs9f10jgxgq7wah3-libxcrypt-4.5.2.drv'
deleting '/nix/store/jq35mwm9gqb8d3gl8idg6fg295cxn81f-perl-5.42.3.drv'
deleting '/nix/store/24lq8qfn5k6a03gp18zls5h9m2c2qrhw-nghttp2-1.70.0.drv'
deleting '/nix/store/jw6iklwm3cpd0ld47pyxra5ahwjav7hm-pkg-config-wrapper-0.29.2.drv'
deleting '/nix/store/szvmq5qy8l85hnc26p41bn1nl6drkang-pkg-config-0.29.2.drv'
deleting '/nix/store/hywsfrqbc0k33ap8ggaksvpvqsgcrp2c-glibc-iconv-2.42.drv'
deleting '/nix/store/sdm1p7d2bfsyaqrh28r38349rvvgz094-pkgs-config-setup-hook.drv'
deleting '/nix/store/i11c44lqgp0hda0fr2hqzhzihnb6kw73-pkg-config-role-hook.drv'
deleting '/nix/store/h5dk9g9zdwyha8nryg4hnqbqvjg9fyci-add-flags.sh.drv'
deleting '/nix/store/4p9qv0p01l5yph3r9370q20q4w0zbn10-utils.bash.drv'
deleting '/nix/store/kv2m32vy9pnbp4kgkzfbclsbyam14dvg-stdenv-linux-no-cc.drv'
deleting '/nix/store/77n8896lf73fk7ls2lx7knz4wrppr347-expand-response-params.drv'
deleting '/nix/store/90yyxc3lkyxd23v52p9kh17p2j9r107c-stdenv-linux.drv'
deleting '/nix/store/np3rcv1r28hjfy8a2clm3wqwxpflc9b2-gnumake-4.4.1.drv'
deleting '/nix/store/14sifyrqz2gnhv17pzjr9mjf9ipfi1wk-curl-8.21.0'
deleting '/nix/store/llg0xxyy8sbsm09hlf21f6cj85r7jx3a-nghttp2-1.70.0-lib'
deleting '/nix/store/9rfv6mh9irsg4bdmc6147lphzznasc6w-libssh2-1.11.1'
deleting '/nix/store/0yn2z4sn1mfiy6hfsd1v0l6nz5sl8vca-krb5-1.22.2'
deleting '/nix/store/c3vh4x5xyvngqdxzscxnkh75ainlm20r-krb5-1.22.2-lib'
deleting '/nix/store/rq80dvfwbirxwzbfg8mw30fzaj0sq1vn-openssl-3.6.3'
deleting '/nix/store/zip5a40nj8zlp7wn7nsr5j28ghxgmqx6-findutils-4.11.0.drv'
deleting '/nix/store/xw09m9cnc9ayb2j53y2rj8jhm1h7kkxa-diffutils-3.12'
deleting '/nix/store/xcab8m6wdrd30l10bw3hkz32yiibynzv-file-5.48'
deleting '/nix/store/w88q44gqd1qg5wmkk7v0h97rpiqvam0l-gcc-wrapper-15.3.0'
deleting '/nix/store/yhr4ps9rdmb55pgqaq246vlh7xfac1dx-gnugrep-3.12'
deleting '/nix/store/w2mbg6mcq7k3j088sbwfziy8vsdhyk7v-gnutar-1.35'
deleting '/nix/store/sd9qcv5s2gxvd6hpp5hk5cixq2bd4jd1-gzip-1.14'
deleting '/nix/store/rvn3a23cc1r8db6869b32hr90ccxdfng-pkg-config-wrapper-0.29.2.drv'
deleting '/nix/store/vfvcmy15vbn98q5pifnalx1b6kgv4myz-pkg-config-role-hook.drv'
deleting '/nix/store/rm982p6i9ry7rwq5jn638kdpv0a2331f-binutils-wrapper-2.46'
deleting '/nix/store/nd34kmibbq6y7qmp78rhw38adsj5ffd0-zlib-1.3.2-dev'
deleting '/nix/store/s17x7bnrq6yxyq7bczn6z0vqscz3dj42-zlib-1.3.2-static'
deleting '/nix/store/nbfwdpig13nr39k9a7bx0ayrfgzzm2ff-expand-response-params'
deleting '/nix/store/m1imjfspgbr1rbf58p99q5gp9m6qqcyf-gnused-4.10.drv'
deleting '/nix/store/lx39haf2mfjj73ny19m7aaamr91s86am-gawk-5.4.1.drv'
deleting '/nix/store/k4ic11y8fvk2hd0wddj8yfb8znfky3ci-diffutils-3.12.drv'
deleting '/nix/store/jgc87clak8z7k0xvam3nqgk3ws366h54-gzip-1.14.drv'
deleting '/nix/store/sq2jcrbsw5gnwb87nipq31410i2nibna-make-shell-wrapper-hook.drv'
deleting '/nix/store/jg66vcyjabrdwfm6v8bz65vbpxfkhyal-keyutils-1.6.3-lib'
deleting '/nix/store/i4kjidyvl8ciwbcwm75g75sriq3knav0-findutils-4.11.0'
deleting '/nix/store/ghsfnhq7fzivhv63fjc4r6hszskbcnd1-die-hook.drv'
deleting '/nix/store/fpig164lz7fcipbndn61sfd2y2yq363n-patchelf-0.15.2'
deleting '/nix/store/d370b9hbls0nlbmrvryfvs5ssj6x3wg0-bzip2-1.0.8.drv'
deleting '/nix/store/cj9443b6ljpw3pzxa3x3ck7vrig9kkc0-pcre2-10.47'
deleting '/nix/store/bpy2ps3f0f3gvgvqjwgqriw1j1n840wd-gawk-5.4.1'
deleting '/nix/store/a17jwal3fbwya5b3ag2ln1b2n7cr1yyw-add-flags.sh.drv'
deleting '/nix/store/9ipfvwnqp1q8ijnmi5sxvlx9r8w34lw3-bash-5.3p15'
deleting '/nix/store/8043sbs64yxrazwwkgiwb4hjzmg1i9km-gnutar-1.35.drv'
deleting '/nix/store/gywrxnz6dbn6lyx6nz7fsykq4n3di1bw-version-check-hook.drv'
deleting '/nix/store/7n9ldpw06qbqlnf0iaig26agpn2aazfl-update-autotools-gnu-config-scripts-hook'
deleting '/nix/store/dxagrpxl8wg2z16al3ls3zaci6dvhnnn-gnu-config-2024-01-01'
deleting '/nix/store/645hnmlia730a5gs17lyc022hpssdmb0-gcc-wrapper-15.3.0.drv'
deleting '/nix/store/66y9izhfqzz2azjzypixhsjjf1f986q6-binutils-wrapper-2.46.drv'
deleting '/nix/store/qlb6psywv9i5pza9rzxh4imia0bacgav-binutils-2.46.drv'
deleting '/nix/store/fxxj3bihycn9rsz53kab0b21x2im0vfj-coreutils-9.11.drv'
deleting '/nix/store/wx078bc813nw189msx088lksvnl2jkg3-gmp-with-cxx-6.3.0.drv'
deleting '/nix/store/dm5q2n828gayjiqfby01gyjxazzx5x9j-acl-2.4.0.drv'
deleting '/nix/store/l1cpd6xld94ga5bgls293dgzxkg55glf-attr-2.6.0.drv'
deleting '/nix/store/b01vwixci0nkqjb2zgm3a0g5lj9s0ys8-xz-5.8.3.drv'
deleting '/nix/store/622jkvg8hgffly7dca6iif9drvimingx-bzip2-1.0.8-bin'
deleting '/nix/store/xz5xsq0nihfs15fbknz5w0yblg04760q-bzip2-1.0.8'
deleting '/nix/store/5pa1282x1sasbwhmnah6bny1g9pc2lj1-binutils-2.46'
deleting '/nix/store/pv8r845032qgj90a6mbqap950s5hqdjk-binutils-2.46-lib'
deleting '/nix/store/4yxdxw3kppr2pbic95p4mri520rkdag2-gcc-15.3.0'
deleting '/nix/store/qwi863qp79xkdm2yw3xzjh73dpg9qh67-glibc-2.42-84-dev'
deleting '/nix/store/axmdd5wlxg1c9dbblvj09pjhkawqxmqx-glibc-2.42-84-bin'
deleting '/nix/store/qq4wws3ilsbn5qv97r2mvsmrkh1pa1q3-isl-0.20'
deleting '/nix/store/l3p6y554mkxi4vipnnp8809kxj0g1lyv-zlib-1.3.2'
deleting '/nix/store/88xi58z58l9gs1hvm0inpljv7kcjd7pz-libmpc-1.4.1'
deleting '/nix/store/b9ksw15df0bm2rxzjdi1lrdhz54gsmsl-mpfr-4.2.2'
deleting '/nix/store/jrzincyqwpwvl7xvbnfjryyczd3b8a78-gmp-6.3.0'
deleting '/nix/store/4ykpdkd4v6426fpyx9crqhk8q9r1vm8q-gnugrep-3.12.drv'
deleting '/nix/store/ixiy3xbvpmgj18wh981myg91hcw6b4ii-pcre2-10.47.drv'
deleting '/nix/store/4nylac9gazdpsid79qyk0jpqm312b2jx-gnused-4.10'
deleting '/nix/store/3yzhai9fmlj4hd68p2anx157nkfi48j4-patch-2.8.drv'
deleting '/nix/store/bgf6bgp2apraq78pnqqc662rn8d76p9w-ed-1.22.5.drv'
deleting '/nix/store/c5gj1ayrji6ld8vm9l9q9ys470f5jn6r-lzip-1.26.drv'
deleting '/nix/store/3qgy8q2j64v2m9jy3a5jmssacbblhd4r-coreutils-9.11'
deleting '/nix/store/bmyw1idq6xyp1h4ksmb14s4imwnf8vwa-gmp-with-cxx-6.3.0'
deleting '/nix/store/bb2jb295969rw2xmijf6s578yb0pxypr-attr-2.6.0'
deleting '/nix/store/8jnb0l7s676sp8p1mh8n2188gk6vjgwp-acl-2.4.0'
deleting '/nix/store/3nm2k39w2hqkkwgjkg4x15s814kqbwd4-utils.bash.drv'
deleting '/nix/store/wyzs8br1iavz05jxd630is13a338xqw0-expand-response-params.drv'
deleting '/nix/store/2hmzvqg6ma55if672xwasasf7dzd44ar-pkgs-config-setup-hook.drv'
deleting '/nix/store/1rcr9yyj9qlgm3dyin1j37xl7q84h15i-patch-2.8'
deleting '/nix/store/52jf1mwz8si4za1dv3cv6hijsh8y035j-ed-1.22.5'
deleting '/nix/store/15rc6j0fmnxdx9nalcadamrrc6f18llh-glibc-locales-2.42-84.drv'
deleting '/nix/store/3qwlgcrxvmyv2d68a75qrv6vh3kb86il-locales-setup-hook.sh.drv'
deleting '/nix/store/0vqb1mcas5j8dv6bhbrshinlgsg6bvgi-gcc-15.3.0-lib'
deleting '/nix/store/wi6kaycsa2479qrxv9xy6yg3q5ggfs6j-gcc-15.3.0-libgcc'
deleting '/nix/store/0fb3jrf20z28598alm6g7rrsw6dz2cqj-xz-5.8.3-bin'
deleting '/nix/store/bdwsskqikgdlq94xqh5dvyd8263w995g-xz-5.8.3'
deleting '/nix/store/n51dhmdbik1kfrsm62j5knavmigwrl1a-glibc-2.42-84'
deleting '/nix/store/nga9d6m9iplygw3iqghk2g840nz7b0gy-libidn2-2.3.8'
deleting '/nix/store/yh8rykx8wakl1ccn8rc351f6r2wbg4cn-libunistring-1.4.2'
deleting '/nix/store/08w28xsqizhf3vn8c4ycs060a19xc8zc-pkg-config-0.29.2.drv'
deleting '/nix/store/f8a3430nqlwjjw826a6jlr0hxdk5zkab-glibc-iconv-2.42.drv'
deleting '/nix/store/07gs5gb9si4jxibraikcma4b2bhhji5z-patchelf-0.15.2.drv'
deleting '/nix/store/00bkpi81ds2v9i28f483mc534n4rz2jy-autoreconf-hook.drv'
deleting '/nix/store/qsswlxngz3lb5zp5vavky1av28ragczh-libtool-2.6.2.drv'
deleting '/nix/store/hplnhqsmnpr4gv35yf4cxvbalki3k308-bash-5.3p15.drv'
deleting '/nix/store/14p11261q81ndb75rcfpja61x7lmq53w-file-5.48.drv'
deleting '/nix/store/1nyb5zlz9053mh59bsw7yk0chwb99662-automake-1.18.1.drv'
deleting '/nix/store/qiw4azb21czvzakldjdk75lrxnvi0xkp-update-autotools-gnu-config-scripts-hook.drv'
deleting '/nix/store/n7n7x1lchhbb866jsniyh5qcffazjpv9-bootstrap-stage4-stdenv-linux-no-cc.drv'
deleting '/nix/store/jn7by80cjdwvb05b9cz3xfpnh0lwsl6q-gnu-config-2024-01-01.drv'
deleting '/nix/store/4fz7rqff91nmp59h4hm1gqxiwkarsmkk-autoconf-2.73.drv'
deleting '/nix/store/48jr9z07ncz5ad7ylkaj0ls19a2n2y6x-bootstrap-stage4-stdenv-linux.drv'
deleting '/nix/store/8h2wghnpg73n2fp62mmivrd47f6nvvn1-xz-5.8.3.drv'
deleting '/nix/store/31djlvvxrndillfsk12451c1ss9l6jlb-bootstrap-stage4-gcc-wrapper-15.3.0.drv'
deleting '/nix/store/mqmr5vqcmz5766m2zyh8amfnsf5jsxsp-gcc-15.3.0.drv'
deleting '/nix/store/z5j3r1vb51v7kcdlnb8kgwxj3m55v8c9-zlib-1.3.2.drv'
deleting '/nix/store/hfxzrw9892y8wfd3qlfnh299scgn2hrr-texinfo-7.3.drv'
deleting '/nix/store/gqcyscgipknk5xn98w7xcqld96smh2qd-libmpc-1.4.1.drv'
deleting '/nix/store/fwq03barjbckham2h0d0qqqcyilfnbsy-gettext-1.0.drv'
deleting '/nix/store/n7gmkjhqnz6xvzmk045fck4b4dxdr0jh-bash-5.3p15.drv'
deleting '/nix/store/6s0j1gxppalwm95i7diasxjbyagpdv8v-isl-0.20.drv'
deleting '/nix/store/6jvpcnc5izsd5qcz0lzzalpqjkzz9vs0-mpfr-4.2.2.drv'
deleting '/nix/store/jdzid4bc3lk134jy378skdwh1a7bxc58-update-autotools-gnu-config-scripts-hook.drv'
deleting '/nix/store/ml91lm1hmnhlr758wfk1lxqy8jxgi7p3-gnu-config-2024-01-01.drv'
deleting '/nix/store/dfdi65v0x9k6cazdzd3azrr82i6g5gl9-gmp-6.3.0.drv'
deleting '/nix/store/7mxhdvbdln2cb4w9hi6jq53n5ydgkjxb-expand-response-params.drv'
deleting '/nix/store/qkwr6ln944jvxpdmkn1ayzg6i7qqjfqr-bootstrap-stage3-stdenv-linux.drv'
deleting '/nix/store/f5bmddiclsb99l6m3sq878k3r3i5wxr5-bootstrap-stage3-gcc-wrapper-15.3.0.drv'
deleting '/nix/store/m5mlqxzblsg5c56zhrdnqa5am8fxnn92-binutils-patchelfed-ld-wrapper-2.46.drv'
deleting '/nix/store/nv2h6q88ybl3jr086l7jcf3bgib5chdf-binutils-patchelfed-ld-2.46.drv'
deleting '/nix/store/iq0gkb94j7sckdamkngkh6lz72grfvwy-glibc-2.42-84.drv'
deleting '/nix/store/drcwm3v1xrf37dk3hlckvdzhsbv1i3hh-libidn2-2.3.8.drv'
deleting '/nix/store/92vf41vg2y69rwqx5csk6n5vbhw98gar-libunistring-1.4.2.drv'
deleting '/nix/store/5gcimhd0ff67m5m5f3s44d848cz9938z-bootstrap-stage0-glibc-iconv-minimal-bootstrap.drv'
deleting '/nix/store/x0gdiambygzs7jj54h17lnr05f9k2ykh-expand-response-params.drv'
deleting '/nix/store/s6fs2vkngas8g0bd4vfbqgdi7p14wk1k-linux-headers-7.1.drv'
deleting '/nix/store/nk23cc1h6fkmcaw15pfcr5wf58a8pwj3-linux-headers-7.1'
deleting '/nix/store/jyj3lvzy7648c7z1ydj6r89mvg6igcxm-bootstrap-stage3-stdenv-linux-no-cc.drv'
deleting '/nix/store/wnb10ra0mn6i340c2mjgidivf0w9a242-patchelf-0.15.2.drv'
deleting '/nix/store/h7lr95dw1ahy2czsfa4ms9s77gx9cag2-python3-minimal-3.14.7.drv'
deleting '/nix/store/i94zkwl6a4izxb073c0n6vh4v8v29gbd-bash-5.3p15.drv'
deleting '/nix/store/mvi6fv7c37qprrd6a4spyzivr3f5sw22-update-autotools-gnu-config-scripts-hook.drv'
deleting '/nix/store/6sb74pb1466rgfrpfzb2mi1la97vl0ww-gnu-config-2024-01-01.drv'
deleting '/nix/store/dm4vfn35bwxq319ggzzcw7fwxq4683zi-bootstrap-stage2-stdenv-linux.drv'
deleting '/nix/store/khcid7bfg9gmrnwyvj03k44pxz7qkfmr-bootstrap-stage2-gcc-wrapper-15.3.0.drv'
deleting '/nix/store/4ahdc5ivzcz1igkqjmzncl21zpz1wapp-minimal-bootstrap-test.drv'
deleting '/nix/store/cdwl4biidw3pni0al82b9w0ih3k18qpz-minimal-bootstrap-test-builder.drv'
deleting '/nix/store/iq2yj62ikr4qf9g5frv2ychgp2gyx81f-minimal-bootstrap-bootstrap-chain-test.drv'
deleting '/nix/store/yxb3wxkrxhr7581g1f0fnd39wy2dis9i-vendor-cargo-deps.drv'
deleting '/nix/store/x1kyl5ldx915q5xc722z2h6db7mj8v42-nix-shell.drv'
deleting '/nix/store/s1k7asxvp11pf5l83h9rq0lc0kz4rw5y-nix-shell-env.drv'
deleting '/nix/store/r9b1qdz9cyla74sml2086785zcsm8ij6-linkLockedDeps.drv'
deleting '/nix/store/r2s20m71h7f8hfb8gsk6i2myknq6pn3j-linkLockedDeps.drv'
deleting '/nix/store/jvzhlcnfzzhhkk8ya093c4ndnig1nb7h-rust-default-1.98.0'
deleting '/nix/store/jgcv4i96mmd837zmhlpr9pvypy60m4j4-rust-default-1.98.0.drv'
deleting '/nix/store/har1ca2zs0j4hgl7mbdadncv94vr6lha-linkLockedDeps.drv'
deleting '/nix/store/ilv14cr9b79iihwd4gs518zk1hjf2m48-cargo-git-rad-z2QJLUqyAZnnHPiZQ1BFjLsX9ush3-ab123e3673b6dd616b3df5d044026b5e85755149.drv'
deleting '/nix/store/gyrn6d2mwl6v7lajgmr9ncw9fn1kpczr-rust-std-1.98.0-x86_64-unknown-linux-musl.tar.xz'
deleting '/nix/store/gbhrqh45xzdhny99as887w42pmri2fhi-rust-std-1.98.0-x86_64-unknown-linux-musl.tar.xz.drv'
deleting '/nix/store/dp3dqma19wnf96l4yhrkqizyq65afrlp-linkLockedDeps.drv'
deleting '/nix/store/dlnd6w3qxy0rm4lcmw0pgj359b5xy0hl-cargo-git-https-seed.radicle.garden-z2pbwQ4Zd52M4oC1W9bLT3nQem9ay.git-cad5a7cb6c6502b0ec5dc76c51e03352260d8efd.drv'
deleting '/nix/store/9vi73s7dqqq0nxh1hwpigb4alscv1jy4-cargo-git-https-seed.radicle.garden-zqhtZvsteJhxCJE96dMAZSZ9y1PX.git-b0fd0103bc9eed2c1b6d852045959462d105d8f1.drv'
deleting '/nix/store/4rjfw4hq84v0s806kzzn0kcagl52r2xp-cargo-git-https-git.onix.computer-z2CpqLFpdP36fZXYUK5ZNWxMibpCo.git-29dac88ecded94457572db3fdfaaaab95fa91525.drv'
deleting '/nix/store/milxq53n8mr1l6sfsi11fj7k57mji0s5-rust-default-1.98.0.drv'
deleting '/nix/store/cr29lk7jc0q293ci7hs3a7gmmasc9pnj-rust-std-1.98.0-x86_64-unknown-linux-musl.drv'
deleting '/nix/store/gwra5ajy8z3c9g63yx35qd9bgsvyzkf5-rust-std-1.98.0-x86_64-unknown-linux-musl.tar.xz.drv'
deleting '/nix/store/3900k7rdncclfnlrksxxl9inx4cdbiar-nix-shell-env'
deleting '/nix/store/y2vglckrmfxynvnm9bkfap7m31rfk99s-rust-default-1.98.0'
deleting '/nix/store/qhdrliif7hpmdlrcnywvmapxl7glm1li-rust-std-1.98.0-x86_64-unknown-linux-musl'
deleting '/nix/store/lmbzmx9c31cjp86jyqh576cwkgrmja94-rust-nightly-complete-2026-07-12.drv'
deleting '/nix/store/6fch895xim70fi4y1hylilm0ylxdylvk-rustfmt-preview-nightly-complete-2026-07-12.drv'
deleting '/nix/store/5cnz8jy2ihxhd591vpsmrz35fgshf7jq-rust-nightly-complete-2026-07-12'
deleting '/nix/store/ywa1xdr98qqf9vr5d3wndbf0dn9hy8na-rustfmt-preview-nightly-complete-2026-07-12'
deleting '/nix/store/zxd1d41izy45mnlj7qdampdm5axnzyks-binutils-wrapper-2.46.drv'
deleting '/nix/store/vf9rly3w3bxy4ycks69clwdv3z5v3z2n-xgcc-15.3.0.drv'
deleting '/nix/store/yy3zy4ad1d1k7jdjl1p25fns1savwjkn-bash-5.3p15.drv'
deleting '/nix/store/xwys0w6dw66n2x3yr3al9n3yhpdw5230-texinfo-7.3.drv'
deleting '/nix/store/vj176aizdddz7prjrp5ii1cq9qf1lxyz-which-2.25.drv'
deleting '/nix/store/v3y713hrhsdhbjq4wgxaclq5n5yiicva-python-setup-hook.sh.drv'
deleting '/nix/store/yldsbymlbz6dlghh8fk651246435ix7c-setup-hook.sh.drv'
deleting '/nix/store/wgnyfl6a02p20731g8c2byyqkgzdnf94-bootstrap-stage2-stdenv-linux-no-cc.drv'
deleting '/nix/store/ssvq1r0xd8f7paf6zqgpfql1a4drwhy2-xgcc-15.3.0-libgcc'
deleting '/nix/store/rpm0xmaxjc87as1hvmfk56v06xybsnwl-libmpc-1.4.1.drv'
deleting '/nix/store/p668cx3rzw5rkrs4c56k13gmawvlpfy7-isl-0.20.drv'
deleting '/nix/store/p2vwf5p1d5998n0rrdrzsrwi0jfg36x5-minimal-bootstrap-compiler-test.drv'
deleting '/nix/store/ikhzdb2c6k6jn2441lh2pazhc8q60764-autoconf-2.69.drv'
deleting '/nix/store/igkbndda8mi8l11vapwxwpkkzs2yvkv0-binutils-2.46.drv'
deleting '/nix/store/ic41irhn0jmb3nlh8jbyvvwbhgxhsdhn-patchelf-0.15.2.drv'
deleting '/nix/store/gvd7kgvw8vvj4xj5cw2har3qijqra01z-mpfr-4.2.2.drv'
deleting '/nix/store/gkifv7hk0k2jcs3iqsjvv6xf3gdgf4d7-minimal-bootstrap-bootstrap-chain-test-builder.drv'
deleting '/nix/store/n2ndlpdxn15xr576hzlnis2fnh655kx4-musl-simple-program-1.2.6.drv'
deleting '/nix/store/fajki4rylmxwsji496mf80xc1npwfjy1-libxcrypt-4.5.2.drv'
deleting '/nix/store/d6yyxk2137bb7f02k7qx22hcx8y39avm-nuke-refs.drv'
deleting '/nix/store/cncjdh04rw997bfwh103cllc634imvv8-mpc-1.3.1.drv'
deleting '/nix/store/m4vizkz3v3lz9xkr2274k8p058mb21jx-mpfr-4.2.2.drv'
deleting '/nix/store/cn9kdyfm882d7rijmm6b3b7q2jzdkf41-gmp-6.3.0.drv'
deleting '/nix/store/bk1xrdxmk92vyibf60brhq8348zgwmnl-bison-get-version-3.8.2.drv'
deleting '/nix/store/ap8w5scz7ppiis89rk6r7bmgm1vm6xjw-binutils-get-version-2.47.drv'
deleting '/nix/store/9ic4fn46vsw6whq5g0a9xxrgasd1gy1f-glibc-headers-2.42.drv'
deleting '/nix/store/8gszf35w5c46433jrpbh4ivl0vi5kplm-gnutar-get-version-1.35.drv'
deleting '/nix/store/8fylzvh6fihwp4sk4yj5p90dchd5sz9h-python-get-version-3.14.6.drv'
deleting '/nix/store/7w3an77sj6mjg9xiknkj4v512aq4izhg-gnum4-get-version-1.4.21.drv'
deleting '/nix/store/6wavasj69jk3h1dpzabgaq79l1yvyid7-musl-1.2.6.drv'
deleting '/nix/store/6pjhaysayjnmdwlkk28zn2c4mqs1f9nf-update-autotools-gnu-config-scripts-hook.drv'
deleting '/nix/store/f4ym48z63mqy5nv12xypli8z2fs5fcv5-gnu-config-2024-01-01.drv'
deleting '/nix/store/drcjl2g8dcy13f8cycqijh18pawnk23q-bootstrap-stage-xgcc-stdenv-linux-no-cc.drv'
deleting '/nix/store/5ljgcbyxifyrrhgqb7nvk39f79bqwjx2-minimal-bootstrap-static-tools-test.drv'
deleting '/nix/store/jij52h30cwvm7izmfazp6z32mbszk7nf-minimal-bootstrap-static-tools-test-builder.drv'
deleting '/nix/store/z72bf4ja9gfdm5pjl7ap81g1x2q5ps6j-binutils-static-get-version-2.47.drv'
deleting '/nix/store/vkp67mmfvg7j5v90cpkahg3ch3gh5m8f-gnused-static-get-version-4.10.drv'
deleting '/nix/store/r5dqm638mpkxr08l1bq69q2mib2h8xqs-xz-get-version-5.8.3.drv'
deleting '/nix/store/kyprh482fqg1xgddm1xp2jnbqwfzbg47-coreutils-static-get-version-9.11.drv'
deleting '/nix/store/igxb9pkrn1gg5xx4c04xcd8d0j80jgyx-gnupatch-static-get-version-2.8.drv'
deleting '/nix/store/i5f2pz45q051m9r44sd6bn70qgm7vs3b-patchelf-static-get-version-0.19.1.drv'
deleting '/nix/store/hil4mrbk717fh9sllfpx0q9s2ls258di-bash-static-get-version-5.3.drv'
deleting '/nix/store/gvqj54j9sjq3df4y6ycifydij3aczzbn-bzip2-static-get-version-1.0.8.drv'
deleting '/nix/store/c4vgmchpk1wipgsf48xnvr5iqf1zkbqf-gnugrep-static-get-version-3.12.drv'
deleting '/nix/store/a5ah4cx5927l8cg28c9l2sgr049gwvzx-bzip2-static-compress-1.0.8.drv'
deleting '/nix/store/a32pj2688gmjlbq4r0mqbi06ja89lfw6-gnutar-static-get-version-1.35.drv'
deleting '/nix/store/9ig56vgqhpxdf191lp48sp6jhbcya656-gzip-static-get-version-1.14.drv'
deleting '/nix/store/5snpfdsdaj02vpjx9q3ggjvcfya4abbm-gnumake-static-get-version-4.4.1.drv'
deleting '/nix/store/56q490rm1qqpc51dbrf7krz5hrfaxp5m-gmp-6.3.0.drv'
deleting '/nix/store/4q690p3lj5dpawv1fjkgrz0n375amxry-minimal-bootstrap-compiler-test-builder.drv'
deleting '/nix/store/xk03wj3cf91x27n3q56ybs21pzc9wkak-gcc-simple-program-15.3.0.drv'
deleting '/nix/store/mjrifcrjqigi9jmcnsilx73cnmnyq65q-glibc-simple-program-2.42.drv'
deleting '/nix/store/iv9nizclh7cwc28x613yr2sdma1w0n01-gcc-simple-program-10.4.0.drv'
deleting '/nix/store/3rpmdx1qljkp5y4jrp6497wh09hp1izm-diffutils-static-get-version-3.12.drv'
deleting '/nix/store/3i5xwx0hky8wa7jgkbj2wc9iq5zrvxxx-gcc-get-version-4.6.4.drv'
deleting '/nix/store/3f2vpqw0g64xs45njcvl2z11sss604yf-gcc-cxx-simple-program-4.6.4.drv'
deleting '/nix/store/368qz5i5qmqfk1zmbxwwvxj6ci84yd6q-expand-response-params.drv'
deleting '/nix/store/avf1m98lzc9dn489cfa5yp4b9y68mnkw-bootstrap-stage-xgcc-stdenv-linux.drv'
deleting '/nix/store/pmvmhvxk0ydxfqkgxp9mk26vfq1sjvfl-bootstrap-stage-xgcc-gcc-wrapper-15.3.0.drv'
deleting '/nix/store/qw4ljzq1b33ihambg3z3qwzzc8gi9kr1-expand-response-params.drv'
deleting '/nix/store/2yaz6a1dyvsys0kspgxbiy094r57jr7y-gettext-1.0.drv'
deleting '/nix/store/sj1pxp4j08cv5635ld4f542hc100n0hg-bash-5.3p15.drv'
deleting '/nix/store/vhm4386l1sn7f0hx8bd97wx15bdbxdk5-bison-3.8.2.drv'
deleting '/nix/store/lvbd3xys7m6mlz48ss1k7v67f33j3f72-perl-5.42.3.drv'
deleting '/nix/store/wb6bkwdif46pj4l9308l5h5zc586c3y4-zlib-1.3.2.drv'
deleting '/nix/store/hmyy9y0ivwjf9b3wpfqxdsr4b349f1ax-gnum4-1.4.21.drv'
deleting '/nix/store/9jax9b43j1w8a0i3jbv42xilmbvp6l74-update-autotools-gnu-config-scripts-hook.drv'
deleting '/nix/store/lpriklwb32biik28f9alfdh1cgkq7h5x-gnu-config-2024-01-01.drv'
deleting '/nix/store/d2zjnhxxh3r4vi6b08xnm2hqmzld8yy9-bootstrap-stage1-stdenv-linux-no-cc.drv'
deleting '/nix/store/2dnfyjcsm7ad8v62z0g8siaj0l1irc5y-gawk-static-get-version-5.4.1.drv'
deleting '/nix/store/2cq6w1c0d290ca3gzipfrbmak2dk2va8-gcc-simple-program-15.3.0.drv'
deleting '/nix/store/2b7vi7ca0vyc6l3n58g4k0cg8ac4brf0-bootstrap-stage1-stdenv-linux.drv'
deleting '/nix/store/8k653q9a3fc70c99nb136nszhc5aharh-update-autotools-gnu-config-scripts-hook.drv'
deleting '/nix/store/snphsq98xkydj3m4rdsjrnr604hp5bsn-gnu-config-2024-01-01.drv'
deleting '/nix/store/1qqpfim6a5ndjvlnspmncy1dc8wdr2yh-musl-1.2.6.drv'
deleting '/nix/store/1hh64pzmpjrxj5gk0ayzv8l0v7m3sz5c-bootstrap-stage1-gcc-wrapper-15.3.0.drv'
deleting '/nix/store/xzm8nxlb1wmqpsw9a9yrv7qaav9basbw-bootstrap-stage0-binutils-wrapper-2.47.drv'
deleting '/nix/store/s7qrjq01jhn5zjvwi3lgxa6m55n073hs-bootstrap-stage0-glibc-minimal-bootstrap.drv'
deleting '/nix/store/s0xq2rmj03llvcc2ysjky1jd7ncz16ym-bootstrap-stage0-stdenv-linux.drv'
deleting '/nix/store/15hmrhb3rii9hjn15skkaqiaiza4qivi-bootstrap-stage0-stdenv-linux-no-cc.drv'
deleting '/nix/store/z7sq1zhf1k7aqbnf1yb0bhgyzy9pfxpv-xz-5.8.3.drv'
deleting '/nix/store/mdk5wzzl0s2fp3mclaj1j1gqhqwb7iqb-gnumake-static-4.4.1.drv'
deleting '/nix/store/iv0i4c06vmpvh6cqip83m4y50bywr2hl-gnupatch-static-2.8.drv'
deleting '/nix/store/fsqxd82y43v1pan741wsjb6r9wpxrqnl-patchelf-static-0.19.1.drv'
deleting '/nix/store/bqfllzrqjx5swc5gdrnb6qhizbr4i94z-bzip2-static-1.0.8.drv'
deleting '/nix/store/bp6sph3mgir03nhy67f2g75n4maw4fwq-diffutils-static-3.12.drv'
deleting '/nix/store/9x7ncywm0cbzr108gw8jz3r8qj7qsczc-coreutils-static-9.11.drv'
deleting '/nix/store/9nh3pp1si0n85rkhh9z8l7pd32r84f0s-bash-static-5.3.drv'
deleting '/nix/store/7b0lvp4jcqsjz7514zc3gnk0126m2k9v-gcc-15.3.0.drv'
deleting '/nix/store/w6qlya7m2lgl2b1pl71n9l10a66jv4hm-glibc-2.42.drv'
deleting '/nix/store/xrrf3mmz19y62nx3mlmjnz6cwna5nmwa-gnugrep-static-3.12.drv'
deleting '/nix/store/k8sw7hpxm53p4ax34dq9ipyy596xvkjh-python-3.14.6.drv'
deleting '/nix/store/nclgf479kfrd4gzrdy3i0gazxapqbhjm-zlib-1.3.2.drv'
deleting '/nix/store/83qs8szhg8lfglhh27mr1gcpz25sy9m5-bison-3.8.2.drv'
deleting '/nix/store/x6bgrgzfvzs7xi4w9p5h7qihwn4dhc3c-gnum4-1.4.21.drv'
deleting '/nix/store/6fk5fqs23nnkf410zay37lh984fss3fb-gnused-static-4.10.drv'
deleting '/nix/store/8s2ym0m5qkw581p14p0pwahz3cgmng7b-linux-headers-6.5.6.drv'
deleting '/nix/store/5qmg0bn63lvd6654xyd9mpxaxp2xaipv-gzip-static-1.14.drv'
deleting '/nix/store/5hpggg4dh0pdr0kdhnlwidmyxrc71rgz-binutils-static-2.47.drv'
deleting '/nix/store/27frvn6lr5vzz2rh4rzbrdmlrm7wqm3y-gnutar-static-1.35.drv'
deleting '/nix/store/1ccz921mfnmlxnsafhh56mbpzywhpcqm-gawk-static-5.4.1.drv'
deleting '/nix/store/0xprybknz9vdva74gz0na80yix0jfnlb-findutils-static-get-version-4.11.0.drv'
deleting '/nix/store/shmza495zy8x81gkjgavkhvc0m5gcbzk-findutils-static-4.11.0.drv'
deleting '/nix/store/xi2aaxafiaz3lzx9gik12fj0r5wk638v-gcc-wrapper-15.3.0.drv'
deleting '/nix/store/xdh5xh93ba5kwpa47jxzfpk0jqr8wxxk-gcc-15.3.0.drv'
deleting '/nix/store/ca6ly9j4f55vb5radr7khzqlvh6bcmrj-gcc-10.4.0.drv'
deleting '/nix/store/wbarzzlms3119a9mk852y60akbddsls4-gcc-cxx-4.6.4.drv'
deleting '/nix/store/4h5630plsvzywfxzg2gl6cxc28aipa3r-gnutar-1.35.drv'
deleting '/nix/store/sv35anhbjm20h4536h2lcbs4hwf5zb90-musl-1.2.6.drv'
deleting '/nix/store/qgn6d5sh1jnyjjjdbxsa75na32z4sbbc-gcc-4.6.4.drv'
deleting '/nix/store/cmzkb81lwbg92jjbv6qmfbppw7jg8hnv-binutils-2.47.drv'
deleting '/nix/store/kxh2m956988rmzxrm8kcgddd8l1l755c-binutils-2.47.tar.xz.drv'
deleting '/nix/store/l0547plm67sgc2n9471lz38x6ipcnd8j-cargo-package-gix-discover-0.49.0'
deleting '/nix/store/943maaw9wwdckq14q78lj9b28c0acsrx-cargo-package-gix-discover-0.49.0.drv'
deleting '/nix/store/0gdnsyzjbw14c0c1racb5q74hx4pf5vn-cargo-src-gix-discover-0.49.0.drv'
deleting '/nix/store/maw8kz6pfqs13r9pa8vdidi5vp5c456f-cargo-package-base64-0.22.1.drv'
deleting '/nix/store/69fnsvfxy7d35h63x39gyh95ynsk1xgp-cargo-package-base64-0.22.1'
deleting '/nix/store/kmlp2fzknnqgss53xkkr8pndq1anndb7-cargo-package-syn-3.0.4.lock'
deleting '/nix/store/znbsm8nysssvw006sriqd74gz6bllmaj-rust-std-nightly-complete-2026-07-12'
deleting '/nix/store/3iclrpwy04bgifxyc8yqf1sxngy6mc0q-rust-std-nightly-complete-2026-07-12.drv'
deleting '/nix/store/psaril8liq99vh618v5cq3c1nz5ggakj-cargo-package-gix-validate-0.11.0'
deleting '/nix/store/nz4mrcx1lwsib1yqawl934nbjlq13yrw-cargo-package-gix-validate-0.11.0.drv'
deleting '/nix/store/vap5vs90j10v9fzagi4nyiw3in556vij-cargo-package-defmt-macros-1.0.1'
deleting '/nix/store/a0pqachnm1k5v4dkpwsi6j9rmbm72581-cargo-package-defmt-macros-1.0.1.drv'
deleting '/nix/store/xqrkr9ffs19chikj7gqswlg05x44ykpf-tpm2-tss-4.1.3.drv'
deleting '/nix/store/yni8rq6hr3gis1y1aw65mc791ig1qf1g-iproute2-7.1.0.drv'
deleting '/nix/store/fbszzv5pvg576f0fvfn6g0g1w74m66kd-iptables-1.8.13.drv'
deleting '/nix/store/lsj5cyxq1l3mm7zwrffwlfny5ak0s7if-iptables-1.8.13.tar.xz.drv'
deleting '/nix/store/cmiklmirjn7wvj1bj3z19jvz8fcx2016-cargo-package-core-foundation-sys-0.8.7'
deleting '/nix/store/93cgfpx6qnccala1hgrbbklqzhnxnqk7-cargo-package-core-foundation-sys-0.8.7.drv'
deleting '/nix/store/3prjcnk7bmv5md8h3b8ddqx7bacimvd1-itoa-1.0.15.drv'
deleting '/nix/store/sfv6x8g2wzlh7rkwdp8vhfk8r4hrc4s7-crate-itoa-1.0.15.tar.gz.drv'
deleting '/nix/store/ckhi0ng27xqldkwb74lmzada941pknmc-setenv-0.1.1.3.drv'
deleting '/nix/store/7mn0mv9fx9ca5szrvmkp4nqms5ak1dki-setenv-0.1.1.3.tar.gz.drv'
deleting '/nix/store/m63hnil7mq6223iacfyhfajjfijzsppd-cargo-package-async-trait-0.1.89'
deleting '/nix/store/62h3abnc4306grqzals3blbwc1m1kfwp-cargo-package-async-trait-0.1.89.drv'
deleting '/nix/store/v6hjjn4rwik8csqsdv7m0ycv9yjym848-rwkv-layer-harness-quality-0.1.0.drv'
deleting '/nix/store/kjnwgn0jd28c864gp3bv7b7rvxxaagyj-rwkv-layer-harness-quality-0.1.0'
deleting '/nix/store/zsn21giciycgqr994hxsy20igmyh14zz-target-lexicon-0.13.3'
deleting '/nix/store/d07n83jrikdb3z6irg57hd924imga4g7-target-lexicon-0.13.3.drv'
deleting '/nix/store/rgpq0457128j0lwzsvaj296j0jhrxacx-cargo-package-gix-trace-0.1.18'
deleting '/nix/store/iz915vr2ixanvxqlvcil9m3wmrz50f0p-cargo-package-gix-trace-0.1.18.drv'
deleting '/nix/store/vcfs32k21a7nqxqld8kwidrzf4j9lfn4-cargo-package-rayon-1.11.0.drv'
deleting '/nix/store/bqp1k1c946mz4rn7x3gg7qk9gkbpa9dc-cargo-package-rayon-1.11.0'
deleting '/nix/store/9r6kp246kvw2myvi3hbwvdpb3zmwqiam-cargo-package-prost-derive-0.14.3'
deleting '/nix/store/1ka2wah1xh6kf7c6mq9n5g57kgnxz2d3-cargo-package-prost-derive-0.14.3.drv'
deleting '/nix/store/ncfzbgybxzcbrz73ja7xa2f4x2zfmvsz-cargo-src-prost-derive-0.14.3.drv'
deleting '/nix/store/m03rwk8fwr8icglyh9zzfgfsrrilcvxr-cargo-package-faster-hex-0.10.0'
deleting '/nix/store/2f0ahmf1di926z32jgqviinl4vip91l7-cargo-package-faster-hex-0.10.0.drv'
deleting '/nix/store/z0w6fjmz1c888x86v155a6ydsc82j6ar-cargo-src-faster-hex-0.10.0.drv'
deleting '/nix/store/xbqrcih4f03hj67096dd6ni8ika138pc-muse-pi-turn-self-test.drv'
deleting '/nix/store/x5y6h4dxgz0wz8sk5pfaw2x2b84xfafv-muse-round-self-test'
deleting '/nix/store/qvzjc119ipc33h2n11a8mwkjzaxjb1fw-muse-round-self-test.drv'
deleting '/nix/store/x1bgkw5by8w82kyx695cc9j1mixg8vwa-muse-pi-turn-1.0.drv'
deleting '/nix/store/5yf9nq5x4rrlmbgs2nv0c18j90qw1k5y-muse-pi-turn-1.0'
deleting '/nix/store/1ag5ykmgclmg9wik69f2s2mkm8pc7al8-muse-pi-turn-self-test'
deleting '/nix/store/clhzb64nxrzbw9qjf7l6sznihgbl7zfm-cargo-package-byteorder-1.5.0.drv'
deleting '/nix/store/68xkkb7acy7par83z9dqa6mal5wkzn3b-cargo-package-byteorder-1.5.0'
deleting '/nix/store/570ls82qwvby8di9k79rspby6pzsy7y9-typed-process-0.2.13.0.drv'
deleting '/nix/store/minfsgcyqfd6klrav0shayl3mvdssjim-typed-process-0.2.13.0.tar.gz.drv'
deleting '/nix/store/fg62g0j3i4dhmrrz7442rgv2r724bvvr-cargo-package-async-channel-2.5.0.drv'
deleting '/nix/store/ascaxb8r3l8x63z5qzr65x8r02x5wpib-cargo-package-async-channel-2.5.0'
deleting '/nix/store/fmpivvnh1my547gig7m7ks4f5z2rhjcw-cargo-package-n0-error-0.1.3'
deleting '/nix/store/cv60cmhk496qlwbxzf95v3frg812rs9h-cargo-package-n0-error-0.1.3.drv'
deleting '/nix/store/a1yyc4dnwi4q1paw8jagwnyxplimvh13-cargo-package-portable-atomic-util-0.2.7.drv'
deleting '/nix/store/k4qkwcfhrv3hjgmwd4k16a5gkflwa9pc-tree-sitter-ambient-0.1.0.drv'
deleting '/nix/store/q84fd3j7bcwxs3y7lybi7lcyps4jfynk-cargo-package-socket2-0.6.3.drv'
deleting '/nix/store/af5zwimprkgj7gsqigny2ll2visw02h2-cargo-package-socket2-0.6.3'
deleting '/nix/store/cvprcb8q5cgqa4nr5l0a93nwskd8cjza-cargo-package-foldhash-0.2.0.drv'
deleting '/nix/store/cil63zzykhjr6gbw75cl71vh686r26xp-cargo-package-foldhash-0.2.0'
deleting '/nix/store/5f1667rpw512ssdlxc9z34lm39gr2qrn-just-1.55.1.drv'
deleting '/nix/store/wdg53r7gxrzqg7iaksfi216zp1caiab6-just-1.55.1-vendor.drv'
deleting '/nix/store/4q0ksvaggh0zb50jmff9vr929b0z3r6f-just-1.55.1'
deleting '/nix/store/gyl8k5qbgshw7lfz1rh3lvhcavacihrg-v0.8.0.tar.gz.drv'
deleting '/nix/store/3b4rw5zg9qw4fbafa37c5ihkgdhs057j-cargo-package-nu-ansi-term-0.50.3'
deleting '/nix/store/2h2haiilijc2zmzkhiz5w2ch10qv5fyn-cargo-package-nu-ansi-term-0.50.3.drv'
deleting '/nix/store/8ds5rxmqqciwv1p7fhfzkr5yhbwq57ik-nghttp2-1.57.0.tar.bz2.drv'
deleting '/nix/store/zvmlzckmdhyrk9d1ydl04ckm45idljvq-cargo-package-time-macros-0.2.27'
deleting '/nix/store/yl6p8gwgzd2k032waws3klz49xcl1jmw-cargo-package-time-macros-0.2.27.drv'
deleting '/nix/store/ba9cyipa5rqg0dkd9xznxdswri4bfdyw-cargo-package-cranelift-module-0.116.1.drv'
deleting '/nix/store/4sv2ngmxw3425gkax3mx4m0c89zxlr3m-cargo-package-cranelift-module-0.116.1'
deleting '/nix/store/qdrhg8pc0nj8jwdzbbwvy7psp38caz9x-cargo-package-arrayvec-0.5.2'
deleting '/nix/store/c7yxbbp2bi52m801klgnlp4q58fks35p-cargo-package-arrayvec-0.5.2.drv'
deleting '/nix/store/6fqq9giczkdwd9vkf3cg1vbrxb88ppp9-cargo-package-system-configuration-0.7.0'
deleting '/nix/store/2x9zrfh4w0ki4ri2whz98lfimivfnly4-cargo-package-system-configuration-0.7.0.drv'
deleting '/nix/store/fgw9bh29vgbr6n7r91mmsjbdxkfd4156-cargo-src-system-configuration-0.7.0.drv'
deleting '/nix/store/mx2l94g4n7mvnz9v0622c5dzwy2jj871-cargo-package-stable_deref_trait-1.2.1'
deleting '/nix/store/f36y4gvm686sg1l4csc9w17kfl4krcx0-cargo-package-stable_deref_trait-1.2.1.drv'
deleting '/nix/store/kmyap9z4b5f3brchkn6b66g6nymyiwjm-cargo-package-async-stream-0.3.6.drv'
deleting '/nix/store/9kc7gdvaisnjw0ynh5c09xpxc54lwlwf-cargo-package-async-stream-0.3.6'
deleting '/nix/store/xcrbrhp72bv9p39k2ln3zw5m2380p2i9-cargo-package-block-buffer-0.10.4.drv'
deleting '/nix/store/fjm2xwansyxza7w645vcinnqw0bi7lny-cargo-package-block-buffer-0.10.4'
deleting '/nix/store/w98schx4y53myapjnqlqwid1wwy8pd9c-unicode-ident-1.0.19'
deleting '/nix/store/49ckrnxrw7mvmlgni19zdgbhmvpxg052-unicode-ident-1.0.19.drv'
deleting '/nix/store/fa2yff6i7cmhp8a9mxbxm64lqs3vp55a-cargo-package-vmm-sys-util-0.11.2'
deleting '/nix/store/bnk9rn4mp5b6mk3mg8hdwk8lgkwjiys2-cargo-package-vmm-sys-util-0.11.2.drv'
deleting '/nix/store/fmk2r3p5w6g2za3lgp46q2s4mxxxzl83-cargo-package-arc-swap-1.9.1'
deleting '/nix/store/c2mzm9px56v24hsyz3956d6j9n9vdx3j-cargo-package-arc-swap-1.9.1.drv'
deleting '/nix/store/v91h2b8dvw9p39gva7y524mpmnwani6n-cargo-package-malachite-base-0.9.2'
deleting '/nix/store/6251nawakf4j2fk6ssa7hd0yidp429vz-cargo-package-malachite-base-0.9.2.drv'
deleting '/nix/store/rpqzgdq7cq98357xn06vsz7iw10r92di-cargo-package-iddqd-0.4.6.drv'
deleting '/nix/store/6bnl9alm6fc14g72n1ifhrqa0s9kh4kw-cargo-package-iddqd-0.4.6'
deleting '/nix/store/s074g4z9dp3ydfz107sah0qii1p0cdmr-data-encoding-2.9.0.drv'
deleting '/nix/store/55x1djjyadbaa89qp4hh03irs7z9nazz-cargo-nextest-0.9.138'
deleting '/nix/store/3i53m50gp03z58d3gd8y6sbi9mr64khn-cargo-nextest-0.9.138.drv'
deleting '/nix/store/jdy25v2brx3mp244ay8sp3jw4d01hwbj-Glob-0.10.2.drv'
deleting '/nix/store/5hzmh841y4y24y54jmffyz6kx1w9193q-Glob-0.10.2.tar.gz.drv'
deleting '/nix/store/yf8plv4632j8kvhmrdhddn8nhzh6ach3-windows_i686_gnu-0.48.5.drv'
deleting '/nix/store/0cw093qg6l5ygxc3hidghc8bpn3xgn46-vm-determinism-drift-receipt-check.drv'
deleting '/nix/store/dwjmadns6jahycwwa0chf72fjwqgl8bf-event-listener-2.5.3.drv'
deleting '/nix/store/ix8dfcr8f30q6yycjbv7nr6y3s0zzbwf-mantle-spacewasm-reference-bundler-0.1.0.lock'
deleting '/nix/store/wc5wd80hka8fgqmplk7v0wgmdhx5qkdr-cargo-package-itertools-0.12.1.drv'
deleting '/nix/store/3pjzzv2inb2wq01fn8liq79m11x5bjl5-cargo-package-itertools-0.12.1'
deleting '/nix/store/jpvihgb1mfx8sxp1ii1iq3pw9q18b7gf-source'
deleting '/nix/store/7ziw6d8p6r4sksk0kghdm1dm7jvdn6jj-anyhow-1.0.100.drv'
deleting '/nix/store/nivbj15abv6xdb7ym9yrw0157zq2yik7-crate-anyhow-1.0.100.tar.gz.drv'
deleting '/nix/store/n0pgr46l4vpjql6lc2wjhzchgynkrnh7-cargo-package-termtree-0.5.1'
deleting '/nix/store/jaw8mzyk0akvj9akcjsz0adszxmcn3rz-cargo-package-termtree-0.5.1.drv'
deleting '/nix/store/wajwdpj937b9csd6aab0zbq0xqmv7s3i-chaoscontrol-protocol-observation-deps-0.1.0.lock'
deleting '/nix/store/hfhdvqr840v32yh4gy8gq9dxffmnzns1-source.drv'
deleting '/nix/store/w4h33sgjvvbz7yajjcd5q3s59m3zynkl-cargo-package-quick-error-1.2.3'
deleting '/nix/store/2960b8qksl5pbak2vb55vp0wv983d573-cargo-package-quick-error-1.2.3.drv'
deleting '/nix/store/wr1snfwra3fyq5dfmmg0qf39i27g1xrp-cargo-package-rustls-platform-verifier-android-0.1.1.drv'
deleting '/nix/store/4xxlq17g1887zdsfxmn6yg1d22lqlbc6-cargo-package-rustls-platform-verifier-android-0.1.1'
deleting '/nix/store/qca7mga70kpjav6kcadaw33rqndnsq9j-jiff-0.2.28.lock'
deleting '/nix/store/vz4vngrnym8c2cjd5f2xs9gf376yw9k5-chaoscontrol-vmlinux.drv'
deleting '/nix/store/sxfyw375xwpr7v0jnqdnydcy6y5drz9g-linux-6.19-dev'
deleting '/nix/store/myl9s2wb1p2gbq4v6xwb76ddhkpqshsl-linux-6.19.drv'
deleting '/nix/store/m4nnxffwrzjlnqczph76sr1xsn3n0y0d-chaoscontrol-vmlinux.drv'
deleting '/nix/store/ibzfj2k2x3w381il47ih60qdgwdg458s-linux-6.19.drv'
deleting '/nix/store/d9jgpxqp1fcjffc563w059n6rd8jwy91-chaoscontrol-vmlinux.drv'
deleting '/nix/store/cag982m78l51rxccpw8qfz7vb66kxy1i-linux-6.19-dev'
deleting '/nix/store/c0zxzdd8a0cyrcc0y5wizm17k566hfpn-linux-6.19.drv'
deleting '/nix/store/ci8qijqg33qxfg4293kpny12r64vcg8v-linux-config-6.19.drv'
deleting '/nix/store/9bd5f4pdr8gw5h9iik8jby5im6hw5dvx-linux-6.19.drv'
deleting '/nix/store/97l3mwdz45yrs4lf9h4axla7mnzdm4y6-linux-config-6.19.drv'
deleting '/nix/store/978ih8v409363m25rs667vrfxqzk1kh3-linux-config-6.19.drv'
deleting '/nix/store/944s4mx9a14nrjpnslp4g7kfqyk0k7w7-linux-6.19-dev'
deleting '/nix/store/jslljr5js1wnn7hqlmlbs6cx43n4az8g-rust-lib-src'
deleting '/nix/store/7z6vcjphjjb6kn481gdjp9l2ayk27lv9-linux-config-6.19.drv'
deleting '/nix/store/6wndx4vdfnrvgqsj7xxhk8dc1l8gdpfd-linux-6.19'
deleting '/nix/store/37z0f7m30gxphvkpdvpk5gz40cky30wl-linux-6.19'
deleting '/nix/store/2zg8a82r8l591h5j35a09r66vakrg4iy-linux-6.19'
deleting '/nix/store/2f741glprwf1hn7gs99cyxw1bq6zb7vj-rust-lib-src.drv'
deleting '/nix/store/5x11gly5p71d9cy6phjgdb0mp7q56m9h-cargo-src-vmm-sys-util-0.11.2.drv'
deleting '/nix/store/sjxahcx6g15hgbfwd6566yvrn2vwa17a-cargo-package-bitflags-2.13.1'
deleting '/nix/store/dssyf59w8cxpibcrqaajqmyhwn2gyg0x-cargo-package-bitflags-2.13.1.drv'
deleting '/nix/store/i7nhi4ycb874zwfc53rngvvgy2fhwqz9-cargo-src-bitflags-2.13.1.drv'
deleting '/nix/store/z92mk3l3czkpwibbz9ny109av6gl6dy9-chaoscontrol-vm-cohort-dependency.drv'
deleting '/nix/store/62ihdkmdnvzzkw7r48vhp1z1p5xysfi4-chaoscontrol-vm-cohort-dependency'
deleting '/nix/store/y5bagviijxl7nczr6adq4rwiw3lq2sgc-cargo-package-serde_core-1.0.229'
deleting '/nix/store/cf6fxscfijpcar52xajfdrwnc3mkpwr0-cargo-package-serde_core-1.0.229.drv'
deleting '/nix/store/zh2hzjjn171dnm70jjiljnwdxr5psval-cargo-package-lock_api-0.4.14'
deleting '/nix/store/xi9m83421azrqz4qqxrf9bqr7wsi0j6w-cargo-package-lock_api-0.4.14.drv'
deleting '/nix/store/jwpf2a3cha2z59n7z6mj8fvxlmi08aga-cargo-package-normalize-line-endings-0.3.0'
deleting '/nix/store/jv9lbljm3mfmdlffa3p9aifcm61b7h69-cargo-package-normalize-line-endings-0.3.0.drv'
deleting '/nix/store/9c8xkr97mgbc93lqlkl6mk06hqwxqsw4-cargo-package-gix-worktree-0.50.0.drv'
deleting '/nix/store/ana3j7wgz9cc4phc2vp6y8n1j5brqcc7-cargo-src-gix-worktree-0.50.0.drv'
deleting '/nix/store/98m8gk4h1fvfzz9aagm7aqw0wj0xh636-cargo-package-gix-worktree-0.50.0'
deleting '/nix/store/x0lyv5fmya6n0la3cpmmrpwg75l8kc4s-cargo-package-serde_spanned-1.0.4.drv'
deleting '/nix/store/8fd30kg7avs7p7nkw85qrlzkdin548by-cargo-package-serde_spanned-1.0.4'
deleting '/nix/store/5fwh3p1pw9rmzm95sfy7k4hyrsik3jsq-cargo-src-memmap2-0.9.11.drv'
deleting '/nix/store/1b7iy3lwqkh5kf0i42xlnjnq3s73nfa1-cargo-package-cpufeatures-0.3.0'
deleting '/nix/store/0lq0zw89x6qzjzqgyn5jjgysi0d7f22r-cargo-package-cpufeatures-0.3.0.drv'
deleting '/nix/store/ibmdr4hb1bi77r6rga578p1x3py8qc9r-cargo-package-mimalloc-0.1.48.drv'
deleting '/nix/store/4dyylyvp39ryq66i675am8w45idv3gm1-cargo-package-mimalloc-0.1.48'
deleting '/nix/store/zx8z8pw39a781dk6znfi6bb2s789mzxm-cargo-package-managed-0.8.0'
deleting '/nix/store/b8zngxmx1nyl0g2ihzsc8vjlarm46pd2-cargo-package-managed-0.8.0.drv'
deleting '/nix/store/ma6wd0jyvjb0mf7qvz89wnax2v19l2w8-cargo-package-gix-worktree-state-0.28.0.drv'
deleting '/nix/store/hglhnxrlqnkk6plnkcfca95sdx2wpxjk-cargo-package-gix-worktree-state-0.28.0'
deleting '/nix/store/zk1gdqismfhrg7cmzlcjql73zdgmv93w-cargo-package-vte-0.14.1'
deleting '/nix/store/h69b82msz0zkxybzyf6j45lixzdx98ib-cargo-package-vte-0.14.1.drv'
deleting '/nix/store/qv4lji74pwkx8rnn797c4z8mlabswrnk-windows_i686_gnu-0.52.6.drv'
deleting '/nix/store/dh58hs5qrysczrwp3zwazmnx8p0lb2py-crate-windows_i686_gnu-0.52.6.tar.gz.drv'
deleting '/nix/store/74r228cik5j94wjzkn927ffg3kj6z7dz-cargo-package-deranged-0.5.8.drv'
deleting '/nix/store/3clplizilh9z5l900ihk8d91i1ymnvgy-cargo-package-deranged-0.5.8'
deleting '/nix/store/idi335kr905kqv4xw46w7p5naggnln1d-cargo-package-crc32fast-1.5.1.drv'
deleting '/nix/store/hap1l5rakfk3bvna91gb5i8bx0rb7hqi-cargo-package-clap-4.5.59.drv'
deleting '/nix/store/8wiyxlqif8p7fnn2ydwzs0xmi8h77g8a-cargo-package-clap-4.5.59'
deleting '/nix/store/gvv8w3fq6h2sn8h8r4g0kj8sns7j7mdd-cargo-src-nu-ansi-term-0.50.3.drv'
deleting '/nix/store/4k1fm5zk0r5bmkqfq0iqa1ilrnjg3zjk-instant-0.1.13.drv'
deleting '/nix/store/mg1ifxq0skrqjjrk83xl42y6v1lxyr97-crate-instant-0.1.13.tar.gz.drv'
deleting '/nix/store/sawb36p2hpsk81zi81lnlk39ckvzhlxy-cargo-package-constant_time_eq-0.3.1'
deleting '/nix/store/cih88i4hsp10zdmx0f2zvclpzxfyn7w5-cargo-package-constant_time_eq-0.3.1.drv'
deleting '/nix/store/ic1bcv5i7fr1mqq477vdd3ck59jjlx56-cargo-package-gix-submodule-0.28.0.drv'
deleting '/nix/store/8qldxxf3s9n6p7l54rhdrnlm6vvclx3i-cargo-package-gix-submodule-0.28.0'
deleting '/nix/store/jmkhifs8rwv7iwp29zrjprvrfw8a6973-rust-src-1.96.0-nightly-2026-04-08-x86_64-unknown-linux-gnu'
deleting '/nix/store/j55nsjq48y7155ndjpgxk2716723hlcg-rust-src-1.96.0-nightly-2026-04-08-x86_64-unknown-linux-gnu.drv'
deleting '/nix/store/ab3d7b8cmvd0lvchsrvd0snb9n5s7zsn-rust-src-nightly.tar.xz.drv'
deleting '/nix/store/hfnq5iris42ryqkk86mvq5scz7ng356v-cargo-package-xattr-1.6.1'
deleting '/nix/store/3zzsv9xkf3xfdz7jch3knv9dwdzwc3sg-cargo-package-xattr-1.6.1.drv'
deleting '/nix/store/0n995izhsky7m64cq0s20rl8myx55w1m-cargo-src-xattr-1.6.1.drv'
deleting '/nix/store/xr202sh67bns5jzyxsjws4cy45prs2v0-windows_x86_64_msvc-0.53.1.drv'
deleting '/nix/store/kqwmkrr00dwi1b913df1c81jakix855x-cargo-package-futures-lite-2.6.1'
deleting '/nix/store/bw2vfi8szbd8cp5vx6m3dd6yw1a4idii-cargo-package-futures-lite-2.6.1.drv'
deleting '/nix/store/fzgyhl4z0cyyn6l8l125lv7qv56xh1h0-muse-policy-fixtures.drv'
deleting '/nix/store/1kwdhnyy0wzfimrdidz7l82j61cc4lkr-muse-policy-fixtures'
deleting '/nix/store/sjhxxmgd085sds2g1vfjq75agj8p05z5-cargo-package-pretty_assertions-1.4.1.drv'
deleting '/nix/store/jc1hzy7g35wb3y5pm2lnzzqw157vfy4z-cargo-package-pretty_assertions-1.4.1'
deleting '/nix/store/lgpwmw5piwmbrir6i16zxmijnjnd03f8-cargo-vendor-dir'
deleting '/nix/store/c0q0zi1yf25jc1j1y9032k1disbw341w-cargo-vendor-dir.drv'
deleting '/nix/store/m5n29ljx9pvn2mh19p3hzhrxg9qqgb8z-cargo-package-bzip2-sys-0.1.13+1.0.8.drv'
deleting '/nix/store/lqix9b0w5rl0lxg20yz939kxkrnplzq6-cargo-package-bzip2-sys-0.1.13+1.0.8'
deleting '/nix/store/mbz6wdp61wgmph3brkkafkns0fr7z6qg-cargo-package-windows-targets-0.53.5.drv'
deleting '/nix/store/zislcl1hgassjm3rc17r44109fr4dkqp-cargo-src-windows-targets-0.53.5.drv'
deleting '/nix/store/a35lk41lyzxkv27ly0ilzbq8rshyd2h1-cargo-package-windows-targets-0.53.5'
deleting '/nix/store/bi21h6gjxdx0zrsjpj0x1vx1lpny8bvn-chaoscontrol-vm-cohort-adapter-octet-workspace.drv'
deleting '/nix/store/d2skf7fn02i7lw31hxmdrnsvzjhbpfjm-src'
deleting '/nix/store/dsj0cbsjqmsk2l6gha9snmcziv051sv9-cargo-package-bzip2-rs-0.1.2.drv'
deleting '/nix/store/yxnih5szrw8pnw5p39wlsmzfay2cwcpq-cargo-src-bzip2-rs-0.1.2.drv'
deleting '/nix/store/4sw3gahl4k0dq8phcagwr7frxbh1dxrm-cargo-package-bzip2-rs-0.1.2'
deleting '/nix/store/il9n1a7d6h3fdfsrkffjkzvlfkb1mbi1-muse-policy-fixtures.drv'
deleting '/nix/store/6zh6n4cqq0ayf0iqwkxq37kf3wwfv75f-muse-policy-fixtures'
deleting '/nix/store/gnynckr33ss5lkbc5ihdfjmqjm10sbxh-rwkv7-lora-dual-p150a-core-quality-0.1.0.drv'
deleting '/nix/store/nwglyhmrrhvd9jnm3vd0aazaf3mwqjz7-cargo-vendor-dir.drv'
deleting '/nix/store/d2mj870k23ci9fr453ybl2bjmdqxnh5b-rwkv7-lora-dual-p150a-core-quality-0.1.0'
deleting '/nix/store/9h6a0m0g7fvs67m853m8w3vm98x136dq-cargo-vendor-dir'
deleting '/nix/store/wqi6i8vlb1zvh39b32jg4wx7y67qccpy-cargo-package-http-body-1.0.1'
deleting '/nix/store/b5imnbfr8sszigcs9fb2fvkz4z7izq32-cargo-package-http-body-1.0.1.drv'
deleting '/nix/store/pz1jaxp2mfy2hclk5p4cw3ajjvfis9v9-cargo-package-futures-channel-0.3.32.drv'
deleting '/nix/store/a4az5fhi61k40b58sq5hf53143nlrwvh-cargo-src-futures-channel-0.3.32.drv'
deleting '/nix/store/7sg2idmm42rs0qzwzighphx7m0vdvnzj-cargo-package-futures-channel-0.3.32'
deleting '/nix/store/zmv6rmhdfkfbnrx2x247q3b07ywl0js4-cargo-package-toml-0.9.12+spec-1.1.0.drv'
deleting '/nix/store/qsc4vj1dil9qb2mr7wdqm6clhdwbk0a5-cargo-package-toml-0.9.12+spec-1.1.0'
deleting '/nix/store/xahsd13dx5z2faby5hvlmb7kydrmwgdl-megaparsec-9.7.0.drv'
deleting '/nix/store/9szpl4r767nswydjqyajlas274088f2a-cargo-package-cap-fs-ext-4.0.2'
deleting '/nix/store/17rjr7r0kryrfg4r3szdfncws88xr9b0-cargo-package-cap-fs-ext-4.0.2.drv'
deleting '/nix/store/ciqn9qjii2drydz8hdhp5mqwqjfc0sag-cargo-package-getset-0.1.6'
deleting '/nix/store/aqq549pwr4lnvya1gw6pszkprg8pssar-cargo-package-getset-0.1.6.drv'
deleting '/nix/store/fn2gd1lb4bdbzsqsb5vfrl1w206ajswq-cargo-package-yoke-0.8.2.drv'
deleting '/nix/store/9g7rv2cvvsn3a927il2xj7n3mjbavls2-cargo-package-yoke-0.8.2'
deleting '/nix/store/fbq6azl838vlw48lf3w8jrln6g451rg9-indexed-traversable-0.1.4.drv'
deleting '/nix/store/cq4rv00w7cvja6lavvsjyg14c12vb2xx-indexed-traversable-0.1.4.tar.gz.drv'
deleting '/nix/store/zq6r8xnyl14za1bk0dlfy7vamfgw4q6s-cargo-package-cobs-0.3.0.drv'
deleting '/nix/store/bm58vz74ncxfwh9wcdccx99zzn67my4c-cargo-package-cobs-0.3.0'
deleting '/nix/store/pl4f9ns5ymkglni27wj7kgb72jlk6mmc-cargo-vendor-dir'
deleting '/nix/store/wk315yrpkiqf211qyp4ia5pypis4lbn9-mantle-spacewasm-bundler-source'
deleting '/nix/store/ipyyk9zxh3kbvk9c1znx79jcdrrvvg38-mantle-spacewasm-reference-bundler-0.1.0.drv'
deleting '/nix/store/z344229lal6msbc9qk1rxzlplicqr3jq-cargo-vendor-dir.drv'
deleting '/nix/store/k8x5162igc5f0843k8jdny0w7ih12j94-mantle-spacewasm-bundler-source.drv'
deleting '/nix/store/8f2h184nxqib0jc70g6gbkyh8h1ly2fd-coreutils-9.3.tar.xz.drv'
deleting '/nix/store/pi97g1pllrldql803l4iw0yyjrhq88p7-cargo-package-loom-0.7.2'
deleting '/nix/store/phflqid0lz5bcvkwy98jry7fi75cr1d4-cargo-package-loom-0.7.2.drv'
deleting '/nix/store/pn5zii472m490p7csywk4jwp3jlpr8wf-cargo-package-fs-set-times-0.20.3.drv'
deleting '/nix/store/8zmrr3mysy1f3glk67yn1pqvc6k6qasd-cargo-package-fs-set-times-0.20.3'
deleting '/nix/store/ihf3pjmb6q7gxig7mhpzridjmpxkf6la-cargo-package-once_cell-1.21.3'
deleting '/nix/store/fgrr3s7bvlr4ljp6mnqskgx34pka8z6h-cargo-package-once_cell-1.21.3.drv'
deleting '/nix/store/bsqbla1s0v9kbzi24pp2w3nxmvmjx6qa-muse-round-self-test'
deleting '/nix/store/3ryd894pigshsxbl1pbjixv8lhg7bqn2-muse-round-self-test.drv'
deleting '/nix/store/1jpzs67ja8blpfc3a99zxbm0vw7ppwqw-muse-round-1.0'
deleting '/nix/store/1ghy9xnxnkrqdcqf0gwxcv0zfykyhgxi-muse-round-1.0.drv'
deleting '/nix/store/pj59r9yskc3rmcsabvx33sa8i89bvv9s-cargo-package-rstest_reuse-0.7.0.drv'
deleting '/nix/store/5kw7v8v3zcjx86kkm7hdvsdg37a11sf7-cargo-package-rstest_reuse-0.7.0'
deleting '/nix/store/imwjg8rv3xvnjgjaaxb27ahpn5l62m51-cargo-src-windows_i686_gnu-0.42.2.drv'
deleting '/nix/store/ny81mfg37qxgmdgm7via4c0jfwkkz42a-cargo-package-writeable-0.6.2'
deleting '/nix/store/1rkwb7yqsl7q02jckz42wfsr1wswk4pw-cargo-package-writeable-0.6.2.drv'
deleting '/nix/store/lwbdfb16kar61bda494680y4572imkq3-cargo-package-libmimalloc-sys-0.1.44.drv'
deleting '/nix/store/58za7gx2cn6llbcw1zw7ilrs6lmdz8ci-cargo-package-libmimalloc-sys-0.1.44'
deleting '/nix/store/1rrk7c13jb1m7cg24zdr14zd38bgyn69-cargo-src-libmimalloc-sys-0.1.44.drv'
deleting '/nix/store/v19818jvk9zb8g7r4y5gsdi5qrkq4l07-tenstorrent-nix-quality.drv'
deleting '/nix/store/85a9nxipq0i3hif0kw4yhm4dxwslnnzg-tenstorrent-nix-quality'
deleting '/nix/store/93k0hna0kd08xvx26rqqkmhdbga80cf8-cargo-package-reqwest-tracing-0.6.0'
deleting '/nix/store/8ijj8j3r9kqsq8f2qc0zz0xdhdc0bwmm-cargo-package-reqwest-tracing-0.6.0.drv'
deleting '/nix/store/js5zkmvlcdis227indl7sja0ak951ycq-cargo-src-reqwest-tracing-0.6.0.drv'
deleting '/nix/store/mskrprnx6r1pwjn6vrlppvyp5s90zz7r-cargo-package-windows-strings-0.5.1'
deleting '/nix/store/krr6vn7f1r7wgrzx8rsyj42cp6gfvdih-cargo-package-windows-strings-0.5.1.drv'
deleting '/nix/store/zaw52k8axr2c29ss02khw6bpzxh4nm3c-cargo-package-enumset-1.1.10'
deleting '/nix/store/d2af8ffx59zwjji7akzbvc8spbrhrgsq-cargo-package-enumset-1.1.10.drv'
deleting '/nix/store/rr1bmv1ascys3cvyfhd49fbnxyk3w8g0-cargo-src-enumset-1.1.10.drv'
deleting '/nix/store/dg0r2ijmb1gnrdqp7qpq5m37lp4m01v1-Cargo.toml.drv'
deleting '/nix/store/sxjy7jmmn6jx9dhi1ii899jk57p09jmy-cargo-package-nickel-lang-core-0.18.0'
deleting '/nix/store/878br5m79rcp7qdxfcfjr6akn6i2fq2p-cargo-package-nickel-lang-core-0.18.0.drv'
deleting '/nix/store/0v3wzdzisljzabifa668ja738lkqqv22-cargo-src-nickel-lang-core-0.18.0.drv'
deleting '/nix/store/7jhrnbdmakphazkik9k17gia2lnhz4pl-crate-icu_locale_core-2.1.1.tar.gz.drv'
deleting '/nix/store/77fj3rlclmsjdzf5cqga29wa6arwb8b8-socket2-0.6.1.drv'
deleting '/nix/store/8hwq7h6wdh24cc0k3psvfy2gy3h44gnk-cargo-package-linux-raw-sys-0.4.15.drv'
deleting '/nix/store/7503wamv6hb3h2nxw0baa4p4wc72q5ib-cargo-package-linux-raw-sys-0.4.15'
deleting '/nix/store/v9kxfw603dy9bkyx6rabd577bh9k3pvb-cargo-package-redb-3.1.3'
deleting '/nix/store/1h3ywi4n3lc29vajpcxinfjj8dll03pi-cargo-package-redb-3.1.3.drv'
deleting '/nix/store/gw1jhqsrx02xmj3rlqdszghqb6xcll2q-cargo-package-cc-1.2.60.drv'
deleting '/nix/store/wpyaxp65idd883p9gc96a0nw0mxwdx93-cargo-package-http-1.4.0'
deleting '/nix/store/vw8qk4v8bf4bdnga2v1ziq07ar2pw7yq-cargo-package-http-1.4.0.drv'
deleting '/nix/store/8hfq2w5vmcqh5w7k4c6dalixi6b2kmzi-cargo-package-rustls-pki-types-1.14.0'
deleting '/nix/store/1mrx95l59i3072q5dhp24fnykqf3k7xp-cargo-package-rustls-pki-types-1.14.0.drv'
deleting '/nix/store/49sn52xg2gbkvajwymxnjqvfn8hk4nhn-cargo-src-rustls-pki-types-1.14.0.drv'
deleting '/nix/store/xxvhqdkipq969r1bn0wpw352qpjrkkwp-clippy-1.96.1-x86_64-unknown-linux-gnu.tar.gz'
deleting '/nix/store/d1b6j6w5m5rvvpsfq5c8bmjqxygwfigq-clippy-1.96.1-x86_64-unknown-linux-gnu.tar.gz.drv'
deleting '/nix/store/d01wsfd95ibja2f0x4cp7h89fvjr8nr8-clippy-preview-stable-2026-06-30'
deleting '/nix/store/ayfkhwsaidibr9fmx1rpzdz07sfamkzr-clippy-preview-stable-2026-06-30.drv'
deleting '/nix/store/xx8y84mr8xx34x2r4dc2j0962qpfl4kk-clippy-1.96.1-x86_64-unknown-linux-gnu.tar.gz.drv'
deleting '/nix/store/dm59jjsc2b63cbqfa4nygcfvlxh9zbx8-cargo-package-windows-implement-0.60.2.drv'
deleting '/nix/store/98pkk6wyvr3sj0xh78dni8qv0yl4n299-cargo-package-windows-implement-0.60.2'
deleting '/nix/store/1c5wankn49qpi5ifkd64vlykfg9fs875-say-1.4.1-3.rockspec.drv'
deleting '/nix/store/pbnnfg9gap9w965czvjhnfm7q6ch4i1r-crate-wasm-smith-0.220.1.tar.gz.lock'
deleting '/nix/store/i3c6zv5vpn3dh2csh2iv2mvss9qspv3i-cargo-package-zerocopy-derive-0.8.48'
deleting '/nix/store/5d47c51mibc3z8kb7di7w8xfwwfa2ynn-cargo-package-zerocopy-derive-0.8.48.drv'
deleting '/nix/store/a8835mslzq6spxiyqk1rz9adpvlg3ldv-cargo-package-bitflags-2.11.0.drv'
deleting '/nix/store/9n6nk50knn62ndq7441z06bmkjprbd48-cargo-package-bitflags-2.11.0'
deleting '/nix/store/42940sinacgh6vrxd1rygnc8mjzxwxf7-regex-1.12.2.drv'
deleting '/nix/store/bshwp1qcb297b1ylpaz73c9ijlpacf7i-crate-regex-1.12.2.tar.gz.drv'
deleting '/nix/store/sq1pv0xr8ckb4i6fi66q6bxq5g70zkbv-windows-sys-0.59.0.drv'
deleting '/nix/store/16b16h8gxai172yz02b5fr7nkc66sdhd-crate-windows-sys-0.59.0.tar.gz.drv'
deleting '/nix/store/vl3x7hh00y9gznhpwzj1lwx0jh7h07vn-cargo-package-blake3-1.8.2'
deleting '/nix/store/msm3ya62594mnsz3a4z1z77rz49gnqm0-cargo-package-blake3-1.8.2.drv'
deleting '/nix/store/i9dz6axclcydh7sj578gxchd8pwa3hnx-cargo-package-fastrand-2.4.1.drv'
deleting '/nix/store/q3h4yzk8cbbns4jfzarlqsrivrx99yyq-cargo-src-fastrand-2.4.1.drv'
deleting '/nix/store/6rzq8fslk2m6yxb1ljnqip7m915p3lhj-cargo-package-fastrand-2.4.1'
deleting '/nix/store/a31kwgipb5d4vl1q6sr717finfapihd9-cargo-package-opentelemetry-semantic-conventions-0.30.0'
deleting '/nix/store/1zsm2bq76wb77ja1kh2f8k8jznhgkwkh-cargo-package-opentelemetry-semantic-conventions-0.30.0.drv'
deleting '/nix/store/dfyry6rkp3zjq5ywpws83pyf2zcz6dl8-cargo-src-opentelemetry-semantic-conventions-0.30.0.drv'
deleting '/nix/store/w9lv8q4p9xjk9l79jgq9k3yk96kki3ip-cargo-package-tonic-prost-0.14.5'
deleting '/nix/store/si49cms99d8racb2hg6375qg9rf4pcl8-cargo-package-tonic-prost-0.14.5.drv'
deleting '/nix/store/hp74vzf6n0sjrhapgpg97lkhir1hamkh-Cargo.toml.drv'
deleting '/nix/store/w9hrwgc8a60s8pyjcsb38xpj6f541c2h-cargo-package-scoped-tls-1.0.1.drv'
deleting '/nix/store/2avvx58izih2gnvd9h2hcbwhbq6wypcp-cargo-package-scoped-tls-1.0.1'
deleting '/nix/store/0908427ga6lrv2iwhyn143km6wr2m8f0-cargo-src-scoped-tls-1.0.1.drv'
deleting '/nix/store/8gblv4knc223xv02k48q225yvmkcccwr-cargo-package-json_scanner-0.1.0.drv'
deleting '/nix/store/6r90z381pd317566wn5c57yp69zfd7q5-cargo-package-json_scanner-0.1.0'
deleting '/nix/store/zcdfk88mkibr4ilw9myxksr9vs20i6gk-findutils-get-version-4.11.0.drv'
deleting '/nix/store/appsrjgyziknnm80wlg9c21vbndklh90-source'
deleting '/nix/store/n7ymcp7w1wr0i5975rzblj0h156k59ds-chaoscontrol-test-0.1.0.drv'
deleting '/nix/store/fj4rgs9hhyn1w3r60llyq79v1q0dmn2q-cargo-package-crypto-common-0.1.7.drv'
deleting '/nix/store/6y6g2x88rdb1ygjqs1hdwqs1k9f74y21-cargo-package-crypto-common-0.1.7'
deleting '/nix/store/rl5v3mclssvqqgp6mbpyvrs71618nn6v-vector-0.13.2.0-r2.cabal.drv'
deleting '/nix/store/kaf3ql3pv9z7k161ddv4czqksi5s0s6r-cargo-package-miette-7.6.0'
deleting '/nix/store/f37jldnbjj1bhz8176y21wa2np49h81m-cargo-package-miette-7.6.0.drv'
deleting '/nix/store/wl402rnizsmbj2hibxvgcrar151gfbpz-cargo-package-windows_x86_64_msvc-0.53.1'
deleting '/nix/store/rlmidakq1b83kcdxna7ks5lnc3258cii-cargo-package-windows_x86_64_msvc-0.53.1.drv'
deleting '/nix/store/mzjw2zfj8dg3qyfmpshfa99via9cf6wp-cargo-src-windows_x86_64_msvc-0.53.1.drv'
deleting '/nix/store/yjp8jn8zl0k6jgqvvc4zzs8cvnrqahjf-cargo-package-detect-coding-agent-0.1.0.drv'
deleting '/nix/store/877w1vllx904syk62yarlxnjlzj2h1pj-cargo-package-detect-coding-agent-0.1.0'
deleting '/nix/store/d0aklayq1x5kr5h0i1ksnbdzqq5miq8n-source.drv'
deleting '/nix/store/wxkwrdxhsmcazh9a99p6lpxgpzahf9z7-cargo-package-flate2-1.1.9'
deleting '/nix/store/90h45jly3gdagd99fmn4zbcbw6qm0r7p-cargo-package-flate2-1.1.9.drv'
deleting '/nix/store/3hl5gavrk611mfpaqr11p8xfgw6cp90v-rand-0.8.5.drv'
deleting '/nix/store/skdg3ld9r3rb83npkl4w2c7ccdammwyz-cargo-package-http-body-util-0.1.3'
deleting '/nix/store/lyy0d0f4d528ywxc8vnac57i3qjrzd8p-cargo-package-http-body-util-0.1.3.drv'
deleting '/nix/store/542cmv88pn6vh31w1k672vznjdhy9hpk-Cargo.toml.drv'
deleting '/nix/store/kl9rlrzbchxn1j34xwsajha4k9n3g753-cargo-package-filetime-0.2.29.drv'
deleting '/nix/store/gx3dw36mynzr6f9x7gnvzzyhj6x43n13-cargo-package-filetime-0.2.29'
deleting '/nix/store/yk4adfm00y2n8dmfy6yjbb677flvcg6s-cargo-package-gix-tempfile-21.0.2'
deleting '/nix/store/8m601vnph471ck9az7ixbxnp6ms9h3z4-cargo-package-gix-tempfile-21.0.2.drv'
deleting '/nix/store/mcd0hpj7s8qpxwyspj02v751pm68h2m2-cargo-package-prost-wkt-build-0.7.1'
deleting '/nix/store/ajg4lhl10x2glsvcprfshrld84zm1ai1-cargo-package-prost-wkt-build-0.7.1.drv'
deleting '/nix/store/6wkns3v7lqxab06kbdb8s4rdqrs1qsd3-cargo-src-prost-wkt-build-0.7.1.drv'
deleting '/nix/store/cljf4gaha0w50ha8psqr0jrg3k0fsgg6-cargo-package-unit-prefix-0.5.2'
deleting '/nix/store/2qim2vhaasflcsna8d3vw8sgq4da48m2-cargo-package-unit-prefix-0.5.2.drv'
deleting '/nix/store/90jr9ggpr5ls9ykw0pf86ah6cjypzhvm-memmap2-0.9.8.drv'
deleting '/nix/store/77lj75q4vrcmxfhc457db1q21w76lywf-memmap2-0.9.8'
deleting '/nix/store/m51kijq2viighg1c7lhliabvwx05xwx3-cargo-package-gix-fs-0.19.2'
deleting '/nix/store/13b4njfxqlfd94i7948jbk2cpsfjwzwv-cargo-package-gix-fs-0.19.2.drv'
deleting '/nix/store/5m443b47rclh1mrb1dq9yg9wg6nmk0hj-cargo-src-gix-fs-0.19.2.drv'
deleting '/nix/store/v47jhnn6lc5vf555cgnd1dq5vjsq8jqk-rustc-1.91.1-x86_64-unknown-linux-gnu'
deleting '/nix/store/c6iqndxx9k96kcrc1ywdxbnv51j4va50-rustc-1.91.1-x86_64-unknown-linux-gnu.drv'
deleting '/nix/store/41kwv4sl68a3d02fvmw73flnmsssxxik-tree-sitter-vimdoc-neovim-0.12.3.drv'
deleting '/nix/store/19j1pkp37mmph91qg4zhqfpjjavqdg1q-linux-raw-sys-0.11.0.drv'
deleting '/nix/store/9f9wa88pkjbbasavasrj8rmwy794pn1p-crate-linux-raw-sys-0.11.0.tar.gz.drv'
deleting '/nix/store/wih6wh9bnmkdiqnn9xxfrw7gdg3cm7rr-cargo-package-icu_collections-2.1.1.drv'
deleting '/nix/store/7s1mcz2lrnkcl6yjzaxjhqhgv174gbmb-cargo-package-icu_collections-2.1.1'
deleting '/nix/store/68c4rvchr8ywdxbf9p6m65miw7d5yjg1-lifted-async-0.10.2.7.drv'
deleting '/nix/store/03x56qb2s09020cdzkzypi3rizkl4xg7-constraints-0.14.2.drv'
deleting '/nix/store/pkvicqih1mz1qsnqnji9k2swc5a6gyfh-cargo-package-derive_builder-0.20.2.drv'
deleting '/nix/store/nmxjj0pmxgy9qdpi8l7plavn4krz4ggi-cargo-package-derive_builder-0.20.2'
deleting '/nix/store/yay30xv9cyv0i4bipwv6bagblizq17ny-cargo-package-crossbeam-epoch-0.9.20.drv'
deleting '/nix/store/n5jvzhqq9f8jfpz9lhgri7mxwkxchc07-cargo-package-crossbeam-epoch-0.9.20'
deleting '/nix/store/gw0x31qmpakxmavjnfblmpa2pirrd3lz-cargo-package-gix-quote-0.7.0.drv'
deleting '/nix/store/b194m30kzsdkxpph3j746lwa0d2ih63h-cargo-package-gix-quote-0.7.0'
deleting '/nix/store/85zgfyw83lgjsig6sqxcpiwazgv30dwp-openssh-10.3p1.drv'
deleting '/nix/store/gzwv37xxn3c1l98s9bnhk5wjnyhaiz1d-libfido2-1.17.0.drv'
deleting '/nix/store/p5pdv80gd823hdyr3wpzdz2f2hawsn0a-pcsclite-2.4.1.drv'
deleting '/nix/store/cnj7bas4cllqp0zza5ss09k0brkp60gv-lua-term-0.8-1.rockspec.drv'
deleting '/nix/store/pifw06q6g3f6r1q3lr47p5l633gnhdgv-cargo-package-quinn-udp-0.5.14.drv'
deleting '/nix/store/hdlkixb22jp3lyhwqacp9zf83f7hknyx-cargo-package-quinn-udp-0.5.14'
deleting '/nix/store/xw4zcp0qkiw4s78ac6vyl3r5f4xghzyg-cargo-package-winapi-x86_64-pc-windows-gnu-0.4.0'
deleting '/nix/store/aj1a6vh08b5y4ikjqcgyrs6az611flvn-cargo-package-winapi-x86_64-pc-windows-gnu-0.4.0.drv'
deleting '/nix/store/js3016004pwq7kxkvgwgbafi26a0lkag-spacewasm-e24cf09355a90497148eb5029fdb8e3400bd63e3-generated-fixtures.drv'
deleting '/nix/store/cmrahwlsdrxgf95ayk4x9yxkf0zb6fwb-wasm-tools-1.245.1'
deleting '/nix/store/1q7ryvnhsrgz0mg3qnyd4jxpwcxd5aqg-wasm-tools-1.245.1.drv'
deleting '/nix/store/pjflh9qic4n5rsvl10xhmkvmr3ll33lw-cargo-package-etcetera-0.11.0.drv'
deleting '/nix/store/k80rqk666mknjbq9pp55ikbq4psy5pqq-cargo-package-etcetera-0.11.0'
deleting '/nix/store/nk3sir6cgz21x7dsdgdmzqnycjra4hdp-cargo-package-simple-counter-0.1.0'
deleting '/nix/store/8zxaar2wr6c4zpf5fm71m3h72j7yy15a-cargo-package-simple-counter-0.1.0.drv'
deleting '/nix/store/v76ny60ki2h39sii88lygv03q78zpgrh-cargo-package-jobserver-0.1.34.drv'
deleting '/nix/store/nymvqqpw0pzbg0n9fxkph2hvpvfz5585-cargo-src-jobserver-0.1.34.drv'
deleting '/nix/store/6l6x84dmv182i3gf1zf0wbhkdxsqwilk-cargo-package-jobserver-0.1.34'
deleting '/nix/store/wif0qx17kl5c8a67wpj98vb1ldi89jif-cargo-package-ref-cast-impl-1.0.25'
deleting '/nix/store/7p6chadf07qrf5xmwcfbq8j7rn4p7vjx-cargo-package-ref-cast-impl-1.0.25.drv'
deleting '/nix/store/xca38n32wi42djnypb39671zaykb83rs-cargo-package-signature-2.2.0.drv'
deleting '/nix/store/0bm6gwq76ascd44zbb0nywlihc2jjjzq-cargo-package-signature-2.2.0'
deleting '/nix/store/h3xbvdh5k9j1ph7mc2xdgms5i8277d70-pahole-1.31.drv'
deleting '/nix/store/l2cvbd1994h6vaqivjcxq8lnldhqyb3h-source.drv'
deleting '/nix/store/25b54zqk7ysdf2pjlijcq4b4f4qqfffj-cargo-package-half-2.7.1'
deleting '/nix/store/0i3b4g3zin55d65k3p96gmxl31glblhp-cargo-package-half-2.7.1.drv'
deleting '/nix/store/pzp7sn6lgqhh04w7jqvl62n6j8vk5rf2-cargo-package-prost-wkt-0.7.1.drv'
deleting '/nix/store/8vhlk6x67lv74dvp7p89xhxq3jqh04hr-cargo-package-prost-wkt-0.7.1'
deleting '/nix/store/zcsfs2c5b8bq9iz0981akzjm3kf1pzjb-rustfmt-preview-stable-2026-06-30'
deleting '/nix/store/mfvxjx1mvzdqfcb1w53lfxkgc215bi1k-rustfmt-1.96.1-x86_64-unknown-linux-gnu.tar.gz'
deleting '/nix/store/5pxfcxlkbnnrd67qqq75h5b4hwc6401k-rustfmt-preview-stable-2026-06-30.drv'
deleting '/nix/store/nq9vbbllgdrhb5dm9k23j2icwpfhygsr-rustfmt-1.96.1-x86_64-unknown-linux-gnu.tar.gz.drv'
deleting '/nix/store/3m8y79pgzs5fjipzwp1zsgf10rl6bm3w-rustfmt-1.96.1-x86_64-unknown-linux-gnu.tar.gz.drv'
deleting '/nix/store/vgx5z2pxa3h6fycmbw2a8z24526d7azm-generically-0.1.1.drv'
deleting '/nix/store/kc6s20hhwgbwbpx5lynps7v8ayhcb7w3-generically-0.1.1.tar.gz.drv'
deleting '/nix/store/ycm3ay2srx5xi29i8g1hcy8zf1g51gl4-cargo-package-crc64-1.0.0.drv'
deleting '/nix/store/nir782a9rc92rwapazrriw388qxxjzi9-cargo-package-crc64-1.0.0'
deleting '/nix/store/dy0c9lgn0qizmdcfcdyzqn3bkfksicds-cargo-package-rustls-native-certs-0.8.3'
deleting '/nix/store/4nfmlv2gafc2rw4ahm2a4i0n746x86ip-cargo-package-rustls-native-certs-0.8.3.drv'
deleting '/nix/store/d1vzq5jgxl0ly6q6qyklkyccdwml6g07-cargo-package-opentelemetry-0.30.0'
deleting '/nix/store/55acfbzqbx9yikmdf41cwi2gbmcm5gv8-cargo-package-opentelemetry-0.30.0.drv'
deleting '/nix/store/r6p0p7mk589i5lp9yivfayf21bk2ikjw-cargo-src-opentelemetry-0.30.0.drv'
deleting '/nix/store/cjv688sf5v4y49qhvpzm6avjj6ksvdsh-adns-1.6.1.drv'
deleting '/nix/store/j2wl93mdhw70p04xypj4pfwwd704sfq8-cargo-package-hyper-util-0.1.20.drv'
deleting '/nix/store/85r3cpy4x58svjvw64cs2vcvxxz2pdr0-cargo-package-hyper-util-0.1.20'
deleting '/nix/store/xf23cn3q788vsml5pxh61qhd3cgld5z2-training-platform-launcher'
deleting '/nix/store/hk1lscpz2wqw95kci69bapj80j6g8hxq-training-platform-launcher.drv'
deleting '/nix/store/qmlcc283dyifxp9yv55l5mh1pnlljkl7-training-platform-core-0.1.0.drv'
deleting '/nix/store/anjkvq9a76y36qx3b7bzms5slxaf6ln5-training-platform-core-0.1.0'
deleting '/nix/store/5wb63y76yvinmi02a8jxp8nz8z915hbm-indexed-traversable-instances-0.1.2.tar.gz.drv'
deleting '/nix/store/h8ajszfyh8ks4i6rc5gnq1p9w4xlwq4c-cargo-package-gix-dir-0.23.0'
deleting '/nix/store/7mjppka4vz2i601vl44jdgsfmrk39r50-cargo-package-gix-dir-0.23.0.drv'
deleting '/nix/store/l0gwzw1nk9m33icd7l9hmxk91glvfj1m-stack-health-check'
deleting '/nix/store/14p0xz40gqs312br4yylib0illqfsxx9-stack-health-check.drv'
deleting '/nix/store/3yncsdfs6hjfv3sxgjsdacm14sca8hnq-source'
deleting '/nix/store/i9k5xagg6bw54rjnpwhcsx3pr2nydjbr-proc-macro2-1.0.101.drv'
deleting '/nix/store/gpwb21xyfir5mbkk2zabki4nwckqxiwv-crate-proc-macro2-1.0.101.tar.gz.drv'
deleting '/nix/store/vlbln8ss84brnybq77jr7gsakjjsz3gd-cargo-package-multimap-0.10.1.drv'
deleting '/nix/store/ln174w5kcvmfsa74vgvn46asn6fp671d-cargo-package-multimap-0.10.1'
deleting '/nix/store/1r0jfbc94dvkzj4qq3xjr38zlpficwm9-offline.drv'
deleting '/nix/store/52pcrr9srvk0vnpdw9z4h04ah2q3d2fq-yarn-berry-4-fetcher-1.3.1.drv'
deleting '/nix/store/26c7hm02w3pgdbg12j9kdrhjdaghnf2q-yarn-berry-4-fetcher-1.3.1-vendor.drv'
deleting '/nix/store/f6brrqi1smfyjx6ikb4pcvqgyfb03d29-yarn-berry-4-fetcher-1.3.1-vendor-staging.drv'
deleting '/nix/store/jhl4sj15brw7g4g4rbdk8nq5a12fmx3x-moreutils-0.70.drv'
deleting '/nix/store/ys82qxyabz393x6l17gd4q2rjdxd8vai-cargo-vendor-dir'
deleting '/nix/store/rqwnvqym65vhjgkf8f8rz9m7994pldmq-persistent-receipt-validator-quality-0.1.0'
deleting '/nix/store/lkyyyzv77i9lrarl76lqbknj7pm2ilww-persistent-receipt-validator-quality-0.1.0.drv'
deleting '/nix/store/h3mk2iq4lxpi818v87b4bf7i067cm154-cargo-vendor-dir.drv'
deleting '/nix/store/8m6rmq701r190nni56z34d79jskykgvx-krb5-1.20.2.tar.gz.drv'
deleting '/nix/store/lhrsx57p5rhgrbgrfi2rrk5lm1rx8faw-cargo-package-tokio-macros-2.7.0'
deleting '/nix/store/bg8p3ahrzc0kcyaavigl38q1cpaiqh0z-cargo-package-tokio-macros-2.7.0.drv'
deleting '/nix/store/cnvz2dwbcxhgx0ymv2xxi4vcp9xa86a5-cargo-src-tokio-macros-2.7.0.drv'
deleting '/nix/store/q6cixs7dfxl0h5dmi0hq5fg1cmxb31zd-cargo-package-displaydoc-0.2.5.drv'
deleting '/nix/store/dqhznpm3gb4dnml5x16wf2ws7akf91my-cargo-package-displaydoc-0.2.5'
deleting '/nix/store/fkx3rq8qnkvjfcrbpfv5k4abpjk7jq89-source.drv'
deleting '/nix/store/qi8kilf0ad9j706xpg4nv4qhccxxdvsx-crunch-spacewasm'
deleting '/nix/store/lgniihp1bk6mkd5nn9y5ikfim2ignr52-0001-libtool.m4-update-macos-version-detection-block.patch'
deleting '/nix/store/n2v947zyadvqc3a8mmxrsyizdh9rmxby-cargo-package-human_format-1.2.1'
deleting '/nix/store/kp837sj32iwkfyxczqmmbf4k9cizl1z2-cargo-package-human_format-1.2.1.drv'
deleting '/nix/store/z3hi01n2c4153qrs4im5lbzbrc02a719-tenstorrent-python-quality'
deleting '/nix/store/9lkymcpv2r4saaafv06xxis7f51ac59i-tenstorrent-python-quality.drv'
deleting '/nix/store/gz3cdjp1983cq1rka338ci37m7k7nca4-cargo-package-reqwest-0.12.28'
deleting '/nix/store/byr73hli6zsjmpm3r3baqk2fn14hhsdj-cargo-package-reqwest-0.12.28.drv'
deleting '/nix/store/p80f3i1z5s557fjscwzqmw65jqnhj2a4-utf8-string-1.0.2.drv'
deleting '/nix/store/dqpsydjbswz9l50sbb0s6al2hnnw95v0-cargo-package-gcp_auth-0.12.6.drv'
deleting '/nix/store/ajkkr7f0hy9n6qrzqzad6kx8s92c436m-cargo-package-gcp_auth-0.12.6'
deleting '/nix/store/z98z8dihyb835p7fl9iwdjh7l6pa9kdk-cargo-package-tokio-1.51.0.drv'
deleting '/nix/store/wlzffahvdvhrnzi55j7nal2dxvniin10-cargo-package-tokio-1.51.0'
deleting '/nix/store/v2acch1jcgzxmdjcjs2fq16qz6inran0-cargo-package-winapi-i686-pc-windows-gnu-0.4.0.drv'
deleting '/nix/store/dkm8j4g6pl9g767zfl34anl271h0xwm9-cargo-package-winapi-i686-pc-windows-gnu-0.4.0'
deleting '/nix/store/zhazb2p9a6bqmzyjnl1szrmc05sm8mwf-cargo-package-toml_edit-0.25.10+spec-1.1.0'
deleting '/nix/store/b3rbn5j5afips3d6b9pq683wav5y0pil-cargo-package-toml_edit-0.25.10+spec-1.1.0.drv'
deleting '/nix/store/sw3rki26ad8mv31byfkckxbb5p1kfakk-cargo-package-futures-core-0.3.32'
deleting '/nix/store/36cqkxlgq5zz2677539bvcka04zggwm6-cargo-package-futures-core-0.3.32.drv'
deleting '/nix/store/c00y2vbphfri4x6s9yvmg3jf0n6a8z0l-cargo-package-icu_properties-2.2.0.drv'
deleting '/nix/store/8s1480qji48ysqhcmipky30ni2q901m4-cargo-package-icu_properties-2.2.0'
deleting '/nix/store/qz0bjd3caf01q38nzcd9jz86xnplim6s-cargo-package-blake3-1.8.4.drv'
deleting '/nix/store/4hjvk7wlms57l6gqsbfmwllrmxpgnavq-cargo-src-blake3-1.8.4.drv'
deleting '/nix/store/75l46bsb7iqx0nf944b0cm1h3xq39j2g-cargo-package-num-conv-0.2.1.drv'
deleting '/nix/store/17j1ckbcpblq7q0qp520ai2acbqqxajx-cargo-package-num-conv-0.2.1'
deleting '/nix/store/zlm4hci4gsa7s1wj48z8agcqgycndz77-cargo-package-matchers-0.2.0'
deleting '/nix/store/5xdql2f52izrrchhixgm4pagqdad36r6-cargo-package-matchers-0.2.0.drv'
deleting '/nix/store/nmdizdyv6bschrh90jmlzvacx4cgicyf-cargo-package-log-0.4.34.lock'
deleting '/nix/store/nwa8yy5ndz3rxjl991ksm3prpjy3hcq7-cargo-package-gix-url-0.35.2.drv'
deleting '/nix/store/3ap4xnhbgzz9bxil2nnma0cqwg6q13yv-cargo-package-gix-url-0.35.2'
deleting '/nix/store/kjmii2f24hsn300jmfkwl1pbfr6jzrbx-cargo-src-derive_builder-0.20.2.drv'
deleting '/nix/store/sj2514s6anbgdxjnndqbx85z4h05mhx2-rust-std-1.88.0-x86_64-unknown-linux-gnu.drv'
deleting '/nix/store/0lb5vwfrz4l6yzjhdqf8xmw8xvwrdxrn-rust-std-1.88.0-x86_64-unknown-linux-gnu'
deleting '/nix/store/xwsf78ddc7mj3jj63w0yf6ag36fs61ai-model-target-profile-and-factory-check.drv'
deleting '/nix/store/jx49778ifggkvb7b8msqcwrsib1f55an-model-target-consumer-generator-quality-0.1.0.drv'
deleting '/nix/store/h4g6cahn9d40zrdjgdxm7s1czn6jqlkd-model-target-consumer-generator-quality-0.1.0'
deleting '/nix/store/fpnl7ywcwa2amhmkcfgv02nks3xbwh2k-cargo-vendor-dir'
deleting '/nix/store/ck6ibpx0lj120niihg5kbb5alagps0ny-model-target-consumer-generator-0.1.0'
deleting '/nix/store/b4mq697dl92aaklh4d93vrcx845lnx9a-model-target-consumer-generator-0.1.0.drv'
deleting '/nix/store/g35mavb5ng4b2f35803jmcsyzk24jh02-cargo-vendor-dir.drv'
deleting '/nix/store/2a6flbavsx82ifsgvgpvrlwkafkj8lh8-model-target-profile-and-factory-check'
deleting '/nix/store/27w0jjpys73084vmwrcb2n2nhdsdvryy-Cargo.lock'
deleting '/nix/store/y30029m9vnymaliaq2x1sxvj3i5x69zs-cargo-package-getrandom-0.4.2'
deleting '/nix/store/vz141sxgnr3163qdnh8qm2l7inf8hr4p-cargo-package-getrandom-0.4.2.drv'
deleting '/nix/store/dknxq10y4nsb1lx12yispcc0lxk80vs5-cargo-package-clap-verbosity-flag-3.0.4'
deleting '/nix/store/5wafzfm5nsgx5q5zb87d8x2xwwld22ac-cargo-package-clap-verbosity-flag-3.0.4.drv'
deleting '/nix/store/rqd1lpvwbrg818n7254q06nqx379dll0-ambient.nvim'
deleting '/nix/store/nyy97sfli5y5dlw01f37lpvdn7891x1m-cargo-package-indexmap-2.14.0.drv'
deleting '/nix/store/q65dalq7v8plkphbjpdzg2isgd5lwv8c-cargo-src-indexmap-2.14.0.drv'
deleting '/nix/store/9di9w9bma3klszhadadb3kv1g94pawda-cargo-package-defmt-1.1.1.drv'
deleting '/nix/store/ijkfyjf01ycqvfb8r1m0844zl8yk4afc-zerofrom-0.1.6.drv'
deleting '/nix/store/f9zzdxyvajz594gh8b2yrnzk2ybj08an-crate-zerofrom-0.1.6.tar.gz.drv'
deleting '/nix/store/rfkscdqjrwkx8yqfqbvp6rqmxdnj3d5s-cargo-package-darling-0.23.0'
deleting '/nix/store/92j4qdr1pj3s67mlkp9swp3vdfn7j08q-cargo-package-darling-0.23.0.drv'
deleting '/nix/store/rlgilcqfvwq0rkywgxdxczfbb7kfnihw-cargo-package-prost-build-0.14.3.drv'
deleting '/nix/store/9x7w94ndqha813sx8v0qw7lilaw0zp03-cargo-src-prost-build-0.14.3.drv'
deleting '/nix/store/05n3gfvg69kpah9i1w1i17m97mjnrc7d-cargo-package-prost-build-0.14.3'
deleting '/nix/store/q54pnzhaixvhr4ws1g9x9z5i7nvlknhl-cargo-package-ena-0.14.4.drv'
deleting '/nix/store/d15l07qphs8jh4a9sy17gmi8n7m0xb7q-cargo-package-ena-0.14.4'
deleting '/nix/store/pqjsnsszb06bcl5d40ca71hcffgmdq7p-tracing-0.1.44.drv'
deleting '/nix/store/sgkkvmyrvjg048hyyym5l4jqabr0iv4k-crate-tracing-0.1.44.tar.gz.drv'
deleting '/nix/store/z82k7pra0gpxfgvll60w2laamg4p3bm5-cargo-package-tracy-client-sys-0.28.0.drv'
deleting '/nix/store/7rki15idd50inc3m9p4pc87aaw74dax1-cargo-package-tracy-client-sys-0.28.0'
deleting '/nix/store/ypb4q06xiz6472shjcw2jxkxfmbvf3lf-chaoscontrol-license-boundary.lock'
deleting '/nix/store/0cl70i8hcsm2xgc337h7yrmdjchllsgm-data-fix-0.3.4.drv'
deleting '/nix/store/ppznafkzpidjsdfpwgqdq1i134m68160-cargo-package-gix-credentials-0.37.1'
deleting '/nix/store/2ykx3qc7m088x2arysz5ra17f7iqr1bi-cargo-package-gix-credentials-0.37.1.drv'
deleting '/nix/store/4v88p2lswnqs1f77kb0gna9h1vsn1acs-Cargo.toml.drv'
deleting '/nix/store/pw3hjxs55fpd75vgjcv8lr7nk4wr5s9k-cargo-package-kvm-ioctls-0.19.1'
deleting '/nix/store/czfgrz2argak9f6qg3d741ydafm5il8a-cargo-package-kvm-ioctls-0.19.1.drv'
deleting '/nix/store/15z3pzqwgals7dgbw3r2jyl4mrj6b9vc-cargo-src-kvm-ioctls-0.19.1.drv'
deleting '/nix/store/kr166vakxjjlz4mnmnjq8ffscqyqm8kz-cargo-package-icu_locale_core-2.2.0'
deleting '/nix/store/2jmzp0g0z7fy1gzkvwcxfhmlpxy89hx1-cargo-package-icu_locale_core-2.2.0.drv'
deleting '/nix/store/m57fnj4n48g16gamwdi9l6ppkyvi3ls2-cargo-src-icu_locale_core-2.2.0.drv'
deleting '/nix/store/sqlzrwmng6383x39mpbrfr6s81a7lgjl-cargo-package-icu_properties_data-2.1.2.drv'
deleting '/nix/store/pr5wk2bby21pqrcglz5xrk1skyc949kb-cargo-package-icu_properties_data-2.1.2'
deleting '/nix/store/s2002c3nrsn8r0gry3sf58ly7imjf2iv-cargo-package-crunchy-0.2.4.drv'
deleting '/nix/store/gbjwjr706v2sx7lxkh22ymfcdn88a7y2-cargo-package-crunchy-0.2.4'
deleting '/nix/store/9g2r5s0ivmzh5ln2zn7490rxjdpdlidq-cargo-package-term-1.2.1'
deleting '/nix/store/1qbwpqb3l2ikch7jfwr6awgm3wbrz7bg-cargo-package-term-1.2.1.drv'
deleting '/nix/store/pqpvi7s2w5dlnibnk4iqyjiyb38wgppf-cargo-package-gix-protocol-0.59.0.drv'
deleting '/nix/store/8xf312rv67bkqm60k9rgxyf52c8c524j-cargo-src-gix-protocol-0.59.0.drv'
deleting '/nix/store/1qw1lgg6f43qw56hicn58j2x55qwgd4n-cargo-package-gix-protocol-0.59.0'
deleting '/nix/store/j4r5y321iics0r4k4m8z6bv05fzcssg4-cargo-package-libz-sys-1.1.23.drv'
deleting '/nix/store/ylcfkq98lr80ia1krlnckvsjw4yngpkz-cargo-src-libz-sys-1.1.23.drv'
deleting '/nix/store/0i3xkq1mndpcrwklry9n7y3k81kbaz21-cargo-package-libz-sys-1.1.23'
deleting '/nix/store/ysyzl4lcr19hza5fyk9ms78a5jp5qxmv-semialign-1.3.1.tar.gz.drv'
deleting '/nix/store/yvffzfpyxdxw1hzj3vq7jpq2g6pppqi7-cargo-package-cap-std-4.0.2.drv'
deleting '/nix/store/f6jcnavf2ma2s8zbixjc64nml9avlkcy-cargo-package-cap-std-4.0.2'
deleting '/nix/store/qhzzzqzgb3dqbrwy637y4k5g0sc5k1ff-libnftnl-1.3.1.drv'
deleting '/nix/store/farn5vhfg4kv5am1m2n47fsh6jps0054-libnetfilter_conntrack-1.1.1.drv'
deleting '/nix/store/jn1fjvphgycwpnfz333kxmragwgnl4sh-libmnl-1.0.5.drv'
deleting '/nix/store/7hb7rgbfs550gk6z192x9lakbyylfv91-cooperating-processes.json'
deleting '/nix/store/mah04b9c09dhgfpw55vxp22xych63b8n-jujutsu-0.43.0-vendor.drv'
deleting '/nix/store/108brxwhnf6i1814wx0cq7aw2xcb3xr5-jujutsu-0.43.0-vendor-staging.drv'
deleting '/nix/store/s7drdfinnvk13429hpkgs4bvq73q0z8b-cargo-package-serde_urlencoded-0.7.1'
deleting '/nix/store/4cv97244dw68b05lvddb22b3zlv1yxy9-cargo-package-serde_urlencoded-0.7.1.drv'
deleting '/nix/store/f59wqf9lqcvfbgllpd9cc3rmgdwn0na3-cargo-package-nix-archive-0.1.0'
deleting '/nix/store/3jhabmqsq839l67gpcldc5hdh89i52jp-cargo-package-nix-archive-0.1.0.drv'
deleting '/nix/store/xhba4yd2azbqz0684qzhdslj6jkavdip-cargo-src-nix-archive-0.1.0.drv'
deleting '/nix/store/x30izlvqkwwxsjarg1b9x2c2623nrd4k-cargo-package-gix-refspec-0.39.0'
deleting '/nix/store/fr9j6ihkkin94gmpi4d4p3wdc3l3nmnr-cargo-package-gix-refspec-0.39.0.drv'
deleting '/nix/store/gh1aj3anrl37p0pj5xw5n1m9gi05xkcp-pyo3-build-config-0.26.0.drv'
deleting '/nix/store/arnr6zrgb7yd081qnlyf97a5gv7y8g7v-pyo3-build-config-0.26.0'
deleting '/nix/store/pbn0232fp0x0l0zx0jx1fialr1sbi3f6-cargo-package-textwrap-0.16.2'
deleting '/nix/store/mjmvjqf0si32si2155isv90ql3sh3a4q-cargo-package-textwrap-0.16.2.drv'
deleting '/nix/store/x44iifr27rjgq37rwg4gz102ncsy154s-cargo-package-sync_wrapper-1.0.2.drv'
deleting '/nix/store/l2li3w930frfqm0v8yygvas1qx66a09g-cargo-package-sync_wrapper-1.0.2'
deleting '/nix/store/6zqjari8ch2l8s2l65y18bxalgphk5yb-idna_adapter-1.2.1.drv'
deleting '/nix/store/xk6svvzamv6h9xnxm2nn0qn8jj0wlbha-rust-analyzer-preview-1.98.0-x86_64-unknown-linux-gnu.drv'
deleting '/nix/store/q04cqwk64zskwr404824y0zfc8c38zhs-rust-analyzer-preview-1.98.0-x86_64-unknown-linux-gnu'
deleting '/nix/store/rlf98wpm843rh03wair6n9n840dhz3q2-7.79.1-darwin-no-systemconfiguration.patch'
deleting '/nix/store/d1izmdfaq1283rrn22khvlzcvbyqvdll-cargo-package-num_cpus-1.17.0.drv'
deleting '/nix/store/hk302y1p3dhxnipyfnvk2vmiydlm1pd8-cargo-src-num_cpus-1.17.0.drv'
deleting '/nix/store/4m6q9b556bjwqkz3kfc52gby69wpwpml-cargo-package-num_cpus-1.17.0'
deleting '/nix/store/ws8v21ys8bkqabzxvq282x1d7pnk3a8i-rust-std-1.88.0-wasm32-unknown-unknown'
deleting '/nix/store/hrnympqgrdmxq713q5s0n5q62bzr5md6-rust-std-1.88.0-wasm32-unknown-unknown.drv'
deleting '/nix/store/4igic04par3yflycy00090b4mm3rgnbh-muse-guard-fixture'
deleting '/nix/store/43ygs0vhiy9k6xxsawa5gk2rvzb96bih-muse-guard-fixture.drv'
deleting '/nix/store/dv1p0g935s3ikip21mxi6xy9km7qhyil-cargo-package-parking-2.2.1.drv'
deleting '/nix/store/978r3y14h2g1r8wbzgh3gzh7hrjsrhj7-cargo-package-parking-2.2.1'
deleting '/nix/store/3wifaysj80nffpcssmig3lfmhk7gsap7-ralph-drain-stack'
deleting '/nix/store/1g97rdqg9cdwpy9qsck18v0y1l33qyg5-ralph-drain-stack.drv'
deleting '/nix/store/q2633ak8j9apznwmwhb530zjq2xv69k1-pnpm-10.34.4.drv'
deleting '/nix/store/nx3j7f2ghsknf0i5q0xz7dsgp2yslz4g-mpack-1.0.13-0.rockspec.drv'
deleting '/nix/store/aywkva3yiwyzsw97179vlqxjb22m983k-windows-sys-0.48.0.drv'
deleting '/nix/store/cy069qn83dd35k212cl96vfay9fj0lg7-cargo-package-jiff-static-0.2.20.drv'
deleting '/nix/store/aj5j9lhwfbj2dnl8kqz8g777j2s85n5k-cargo-package-jiff-static-0.2.20'
deleting '/nix/store/a3dclq7r7c7jrf4rw094zc3bslk2ak42-cargo-package-windows_i686_msvc-0.53.1'
deleting '/nix/store/24ivk9h8pj5lzgfphk179y9hlbjkz5ln-cargo-package-windows_i686_msvc-0.53.1.drv'
deleting '/nix/store/jr8nv0z4qxhnms4iwmbjdg2zqrgwibya-cargo-src-windows_i686_msvc-0.53.1.drv'
deleting '/nix/store/vixg70cj1n3qphrx9khn1wq35nig9k28-cargo-package-ascii-canvas-4.0.0.drv'
deleting '/nix/store/dc3sanfxsxn3hzx8j60x7dpalnxcasha-cargo-package-ascii-canvas-4.0.0'
deleting '/nix/store/xjmj016zbzr8ni0i67v8i2anghr1gb09-cargo-package-digest-0.10.7.drv'
deleting '/nix/store/7sn3ipvddl048zwvw98lzx1b6pa6v8kf-cargo-package-digest-0.10.7'
deleting '/nix/store/ccz52426yb0n98nnsz9k1h2ab2dmmcvx-cargo-package-cranelift-frontend-0.116.1'
deleting '/nix/store/bn9fmfn8kv7pzlzznwdhxs555c3nmfq9-cargo-package-cranelift-frontend-0.116.1.drv'
deleting '/nix/store/97iqysrk66s0yprk7xlfzah2q18726q0-cargo-package-icu_provider-2.2.0.drv'
deleting '/nix/store/kqbx0gs7958y1f34zgndyd1xjl3691d4-cargo-src-icu_provider-2.2.0.drv'
deleting '/nix/store/3c34gb6fz3mnq2vk1vj9246ci5d1z9iy-cargo-package-icu_provider-2.2.0'
deleting '/nix/store/vfl5x2xk1cnc7savc4ibxkvk88als607-cargo-package-windows-sys-0.61.2'
deleting '/nix/store/6ss5lzlmf5xyqdjdr7x7dfwjj0bjln9l-cargo-package-windows-sys-0.61.2.drv'
deleting '/nix/store/vq09wyljc282n6qiwwz4aq9x5f0xn440-cargo-package-crc-catalog-2.4.0.drv'
deleting '/nix/store/9r7513iqyi0dm47dckzp44yzz2gm0q1r-cargo-src-crc-catalog-2.4.0.drv'
deleting '/nix/store/49x220cd87yr9m5j1i6raqxw3smiqwrc-cargo-package-crc-catalog-2.4.0'
deleting '/nix/store/i6m1zp267rw53ap5n3l74v7mk7y1vrc9-cargo-package-rand-0.8.6.drv'
deleting '/nix/store/5lig6f6x33x2acy7xjn1d0z81nx4n9gz-cargo-package-rand-0.8.6'
deleting '/nix/store/hbrg5xlc7cz81w74rnv1vwqmm9dqirps-cargo-package-windows_i686_msvc-0.42.2'
deleting '/nix/store/7h7nf22403k41kki8191szrifngc7c5b-cargo-package-windows_i686_msvc-0.42.2.drv'
deleting '/nix/store/bnidd07dcy77f18k6z6fywc4icxzq90m-cargo-src-windows_i686_msvc-0.42.2.drv'
deleting '/nix/store/vn8xdr58ziwhslj5vdxj8x2g67fwga6j-cargo-package-mockall-0.13.1.drv'
deleting '/nix/store/igp1yvzhz66bphz2zg01n1axavbbnqqs-cargo-package-mockall-0.13.1'
deleting '/nix/store/pmsgy08az75rrgam0np31kkr4bz6z0mr-cargo-package-libgit2-sys-0.18.3+1.9.2'
deleting '/nix/store/gbzpp69pdpwz3m02lvnlrb4wfk1hpgpc-cargo-package-libgit2-sys-0.18.3+1.9.2.drv'
deleting '/nix/store/v3790h4kvzvnzq11zxbrpwr7mr19jg91-cargo-package-malachite-nz-0.9.2.drv'
deleting '/nix/store/m210xzs5za866329plfijxs27j822ibx-cargo-package-malachite-nz-0.9.2'
deleting '/nix/store/1bzh6sd6lk2qfki6vdnpi7ijzq347kcd-cargo-src-malachite-nz-0.9.2.drv'
deleting '/nix/store/f3jd24xg2ydm705p77q7ha7bz2abp94r-cargo-package-object-0.37.3'
deleting '/nix/store/25a4wchrhsx7h9r02f7syw2kj4gz75jp-cargo-package-object-0.37.3.drv'
deleting '/nix/store/3y3871blgddxhmrh65lffikcq1prjbp3-anstream-0.6.21.drv'
deleting '/nix/store/wmada0b1bxccla5kag5i170q5zzyb18g-cargo-package-hashbrown-0.17.1'
deleting '/nix/store/7cx9zc9m0knnyy0kriyx8w8x7h81gg42-cargo-package-hashbrown-0.17.1.drv'
deleting '/nix/store/1bw1sjvwcfkqj575zjj4hcqx5bxvpn5q-tree-sitter-ambient'
deleting '/nix/store/myjc6ajfxj626x0fmdyxszaq957yf1rm-wabt-1.0.39'
deleting '/nix/store/2x8lplfx05dpj1gsp7b40zwg36lblqjr-wabt-1.0.39.drv'
deleting '/nix/store/nx4fxa20hw991dlc02pz2fyq57aqz4xy-cargo-package-litemap-0.8.1.drv'
deleting '/nix/store/0wjp8qx95v3ss7ym2k4kc8plgmplpfdr-cargo-package-litemap-0.8.1'
deleting '/nix/store/wm9iwb0nav2nshaiv0h9qmr7cp9psyis-cargo-package-unicode-ident-1.0.24.drv'
deleting '/nix/store/rjk1hhv124bc163z7al9rnyc5aspv88h-cargo-package-unicode-ident-1.0.24'
deleting '/nix/store/qbjhnaa220wdjzs2y0dawlxjfk69sblc-dlist-1.0.drv'
deleting '/nix/store/kqsgd6hcpwd28l0k326sv3zpw0ghya9v-dlist-1.0-r2.cabal.drv'
deleting '/nix/store/xbmvfggm93chlwxyi82crshf46s5aqwd-cargo-package-cargo-platform-0.1.9.drv'
deleting '/nix/store/mk7ds4q3b5syxznhs3qgdf51g09w1asw-cargo-package-cargo-platform-0.1.9'
deleting '/nix/store/yyaa2zk94dnw8g2friq0yim5n44gg49g-cargo-package-windows-registry-0.6.1.drv'
deleting '/nix/store/kf2x7sbhhw25k74kgd4h021lfpfcn8f8-cargo-package-windows-registry-0.6.1'
deleting '/nix/store/sxq02hk3qj7q7pqvpl44iiarifw3kv5j-cargo-package-convert_case-0.10.0.drv'
deleting '/nix/store/25ka27paawsy1gnxlq6c5fdvwmd6gn01-cargo-package-convert_case-0.10.0'
deleting '/nix/store/w2441zshipdl8lamwibn63dkza891w6j-cargo-package-openssl-sys-0.9.111.drv'
deleting '/nix/store/ifj8hw7bx9fnmqc0vkgnriwdm0gkwz8i-cargo-package-openssl-sys-0.9.111'
deleting '/nix/store/lp25zxkbs7jd39z0y39mrvpcbksysm2b-cargo-vendor-dir.drv'
deleting '/nix/store/bpix60p6y733rm6i4cbvqcaf8px0hmyh-cargo-vendor-dir'
deleting '/nix/store/y8s9hg9ykmh35jjdb1kv0hx49c87fjrj-cargo-package-wasi-0.11.1+wasi-snapshot-preview1'
deleting '/nix/store/qibp9v82kvmsr7dgchv5xxmpr73n7f96-cargo-package-wasi-0.11.1+wasi-snapshot-preview1.drv'
deleting '/nix/store/w61y1gb4l80ldnml82mh7s02q88ar44b-tenstorrent-migration-boundary'
deleting '/nix/store/8ibscrrbsm0kix1d4v88yp5d9564z8g7-tenstorrent-migration-boundary.drv'
deleting '/nix/store/ly6jaq348yap12v843xsry736vlhdhd8-stack-health-check'
deleting '/nix/store/28nlkkv8sy1d2pkf33j063gx26wdrdp4-stack-health-check.drv'
deleting '/nix/store/hd5bg06zxm6a0xax5rs5hpnas7w9far1-hedgehog-1.5.tar.gz.drv'
deleting '/nix/store/5rq7irzrn2frziwvj56cgdn10z9gji65-cargo-package-gix-prompt-0.14.1'
deleting '/nix/store/2zg9xm0vvqik0f0qwygvbbqqqi1yjl54-cargo-package-gix-prompt-0.14.1.drv'
deleting '/nix/store/h6xri8klv1r71p2a5ycd3xn0xvmx9pxl-nghttp2-1.70.0.tar.bz2.drv'
deleting '/nix/store/hrq8c66vywmk94d1gzpd8jqzlal7pin8-source'
deleting '/nix/store/vblddz583fycy89mhsybc2k9v90ci84l-cargo-package-syn-2.0.117'
deleting '/nix/store/1q78z9hcprcgwxpijsmyzgy2w6nz7h1x-cargo-package-syn-2.0.117.drv'
deleting '/nix/store/bw7f960xp5nk14m03p3vrz0dgwyddsfn-colorchoice-1.0.4.drv'
deleting '/nix/store/zvjhhhbn38mf6a5pih9jlhhxcyzgsm0y-crate-colorchoice-1.0.4.tar.gz.drv'
deleting '/nix/store/0y446mjvwzrhv723jh0lpkaz9gw8jzbq-source'
deleting '/nix/store/lpf1s4c4v6v77588vjj2arxkmr13ckcg-spacewasm-offline-cargo-config.toml.drv'
deleting '/nix/store/f80n7nw5nl5mw9lzagn3v2lgm67q1v8p-spacewasm-e24cf09355a90497148eb5029fdb8e3400bd63e3-dependency-closure.drv'
deleting '/nix/store/zypz4v4qqh5vsikxnyzvzjhnwb98hfgp-cargo-vendor-dir.drv'
deleting '/nix/store/83kl614f3sb2xvcia542qrwb8j6l4p0g-wasm-encoder-0.220.1.drv'
deleting '/nix/store/66adsnf7n1ym7r54yx0b19ybbkbs1d6a-cargo-package-combine-4.6.7.drv'
deleting '/nix/store/0z9p9rnv0mjg3ldj9h6gv8sjf4znbyfn-cargo-package-combine-4.6.7'
deleting '/nix/store/mz99bq34aaagcw8vsp4dzh8qg81y5479-cargo-package-embedded-io-0.4.0.drv'
deleting '/nix/store/kyksv48jcj4sxcckls88arkh13wqslar-cargo-package-embedded-io-0.4.0'
deleting '/nix/store/bqw498c0h6r87w8hm8gyknkm6fmndnr5-cargo-src-embedded-io-0.4.0.drv'
deleting '/nix/store/jmpayvcr21flj7miwi6i26rfsfzavx8z-cargo-package-tower-service-0.3.3.drv'
deleting '/nix/store/f5jpki6iis9bxcsscmy0qxa1lvcwmbd0-cargo-package-tower-service-0.3.3'
deleting '/nix/store/n7k9ahh7vlbrbh3s17rxnzhrryviii8a-cargo-package-io-uring-0.5.13'
deleting '/nix/store/27zgab35jn4fic8spbsixn5cyi9lw3gv-cargo-package-io-uring-0.5.13.drv'
deleting '/nix/store/4slmp51n116s86bdn8nbrxxmd1v4zlyl-cargo-src-io-uring-0.5.13.drv'
deleting '/nix/store/2sx8w9kppva7ycj13z0hjn6gpkpz0x5v-icu_provider-2.1.1.drv'
deleting '/nix/store/ldb1wzhyphg1gryyzb1ncji0d3mjhb3s-crate-icu_provider-2.1.1.tar.gz.drv'
deleting '/nix/store/fmrnxi0kcvv45h2zm3897nsyccma3222-cargo-package-tracing-opentelemetry-0.31.0'
deleting '/nix/store/b0y8r646n6ynhn2rkiza2accazymww0d-cargo-package-tracing-opentelemetry-0.31.0.drv'
deleting '/nix/store/da4748p8i0bp3azzhnz72g7b4sm8v6mm-cargo-package-winnow-1.0.1.drv'
deleting '/nix/store/q2z4xqkawhqx7chj4b9jm1a54gvb6x14-cargo-src-winnow-1.0.1.drv'
deleting '/nix/store/7ddjfv2gcc15qvf6gm32kvpsdhksylb9-cargo-package-winnow-1.0.1'
deleting '/nix/store/kmcwd7m5rbjxm43hl8zwjccp552na0f2-procps-4.0.6.drv'
deleting '/nix/store/5rp016nxvdskp1wr85wisw3z9xy4nkkb-procps-ng-4.0.6.tar.xz.drv'
deleting '/nix/store/w9w5i1bf15ar1mcaxh0798pns8d9yr69-rustfmt-preview-1.96.0-nightly-2026-03-21-x86_64-unknown-linux-gnu'
deleting '/nix/store/vkhly7fzwf3dkiy5nibiv3m543lga82n-rustfmt-preview-1.96.0-nightly-2026-03-21-x86_64-unknown-linux-gnu.drv'
deleting '/nix/store/i8r89nv1m9agz3k29s5k1jrcixabqrzw-rustfmt-nightly-x86_64-unknown-linux-gnu.tar.xz.drv'
deleting '/nix/store/my9hzbdfcgw7xn2wv2d5x5jlnp03x605-cargo-package-prodash-31.0.0.drv'
deleting '/nix/store/1fahjf5vsrv49k804pm5wjvda9gs4ljb-cargo-package-prodash-31.0.0'
deleting '/nix/store/imqg7byk8ddb0ngkjzvkmq55y4cp27w7-cargo-package-memfd-0.6.5.drv'
deleting '/nix/store/cy6gn6cvglynarlj230bp6smfg0m6d6p-cargo-package-memfd-0.6.5'
deleting '/nix/store/v1r0z0sxb9ghjbfpjf4cm8r80s8y7nmi-cargo-package-caps-0.5.6'
deleting '/nix/store/bmdqi3igr517y0f4cclq7xc3gvg1mp17-cargo-package-caps-0.5.6.drv'
deleting '/nix/store/mwk45c4hczmmz7a6qkza3b152jd2kw07-cargo-src-detect-coding-agent-0.1.0.drv'
deleting '/nix/store/s49risj2vlfv317lvc82h5q2h063knqw-cargo-package-darling_macro-0.20.11.drv'
deleting '/nix/store/k893qbwgl6l2afbhvfccbawlb0srkj7k-cargo-package-darling_macro-0.20.11'
deleting '/nix/store/k8ndg0x4i7absnghvlknaqsmh7dah9km-cargo-package-serde-1.0.228'
deleting '/nix/store/dp6ji5smqw0cdx2hd2lhcpm2v3kmjwsl-cargo-package-serde-1.0.228.drv'
deleting '/nix/store/frsqxra1h3rcpmx1pb7y18j917pc1bmb-cargo-package-count-write-0.1.0.drv'
deleting '/nix/store/7jh7gpjay6blnfb7hhc9ib89nk4nvn3n-cargo-package-count-write-0.1.0'
deleting '/nix/store/i01wklm57ki6shy53cyw124q51vxqh34-cargo-package-jiff-tzdb-0.1.6.drv'
deleting '/nix/store/97v3hr39fwnazfm9li06ji9yscffcfap-cargo-package-jiff-tzdb-0.1.6'
deleting '/nix/store/4wykv2ickw34kxvair2w3z5d10d8csb1-silently-1.2.5.4.drv'
deleting '/nix/store/dawzdbs1jw53mhl16cgsqs4lnsn7p3fs-silently-1.2.5.4.tar.gz.drv'
deleting '/nix/store/yc5msagnm8b7g4jralnmpwwrfpij262g-cargo-package-icu_collections-2.2.0.drv'
deleting '/nix/store/0vn3zaszxspfs8xsk64vhcpwcny0qja5-cargo-package-icu_collections-2.2.0'
deleting '/nix/store/pydbfl8zr3havrsgxmbbc5vyc537vgr2-cargo-package-idna-1.1.0'
deleting '/nix/store/6w0y27wlvgw3sg9ddjas1iwngmm2c3xy-cargo-package-idna-1.1.0.drv'
deleting '/nix/store/av65fxv1mcmrcrr44j0ixycp9ix18c6j-cargo-package-ed25519-dalek-2.2.0'
deleting '/nix/store/609i1406vy5v2wd5ywmcvslq0ixzfgsv-cargo-package-ed25519-dalek-2.2.0.drv'
deleting '/nix/store/wf310gmmw432l3xkgwb6s75rv9b465qi-cargo-package-num-traits-0.2.19.drv'
deleting '/nix/store/0qqxgy5si6h9rjd5vjdwvgmpdj96yfv7-cargo-package-num-traits-0.2.19'
deleting '/nix/store/fqw3b4l266x1gbqn2x8gr50kznzc13m6-cargo-package-oorandom-11.1.5.drv'
deleting '/nix/store/d2j7zazr911krv8kc4g0778d4hbqfxvs-cargo-package-oorandom-11.1.5'
deleting '/nix/store/g59vsys1l77svip0b516a1yaiglwk4ax-cargo-package-gimli-0.31.1.drv'
deleting '/nix/store/fm6xiwxr25pc0zpwh1k5nv6mnpv75w2x-cargo-package-gimli-0.31.1'
deleting '/nix/store/lnsyqvhp95rbb51qbd5ksp2i9sypq0g0-cargo-package-atomic-waker-1.1.2.drv'
deleting '/nix/store/kwc6lvi20dl91ywd048mslpcvi5lqzq5-cargo-package-atomic-waker-1.1.2'
deleting '/nix/store/4wcmh9z0l487bm3mbgq5xgj573w9jfkc-cargo-src-atomic-waker-1.1.2.drv'
deleting '/nix/store/innkm55mnw49g0s3knykx17hvja8w02r-wasmparser-0.220.1.drv'
deleting '/nix/store/fd40h7y9lriy7gzn710gcmaznca8cf7d-cargo-package-windows-interface-0.59.3.drv'
deleting '/nix/store/6cnapy3jz4kvjpr6vw3vbvk4ijdh33vq-cargo-package-windows-interface-0.59.3'
deleting '/nix/store/nc7hj877nqsd6alfvcjighhxpg1fdnzq-cargo-package-gix-sec-0.13.2'
deleting '/nix/store/3cpmcddmqj7qfixaa45p3lb250xv0hp8-cargo-package-gix-sec-0.13.2.drv'
deleting '/nix/store/44fqkbq3gfk8yh0h9b3a057f3jjk0gyh-cargo-src-gix-sec-0.13.2.drv'
deleting '/nix/store/zn917ihxjhnb4lvi7749xgbwi4w1bswc-cargo-package-wasm-bindgen-macro-0.2.117.drv'
deleting '/nix/store/6pmjmf29j1gsf4cwpvjv61ii6570w971-cargo-package-wasm-bindgen-macro-0.2.117'
deleting '/nix/store/vx2qmmfb4k8f0l7403qfl2mxycsmgl0r-cargo-package-pin-utils-0.1.0'
deleting '/nix/store/11a2y2ax8cb991qxk4qhgbbkidlilccs-cargo-package-pin-utils-0.1.0.drv'
deleting '/nix/store/dmv98qjs5cxrs8dq1jn5i660c3vlfhx1-cargo-package-logos-derive-0.16.1.drv'
deleting '/nix/store/9hspvcrk8pllbcz277mh7lgznc5pgh48-cargo-package-logos-derive-0.16.1'
deleting '/nix/store/w1nxsvirnfpnj5lwi5z960digclb6sn2-cargo-package-cfg_aliases-0.2.1'
deleting '/nix/store/6j6dp4hpyg6345f8pq8xbh94gsb254xr-cargo-package-cfg_aliases-0.2.1.drv'
deleting '/nix/store/nla4x6b2p7kg3vd8jicfynx4pl3mnm46-cargo-src-cfg_aliases-0.2.1.drv'
deleting '/nix/store/vr3hwl1gq19r7r594z4zxvxrqm5jn802-cargo-package-axum-0.8.8'
deleting '/nix/store/73zv3rfd3nsffccw936pbj4n5ivn85vv-cargo-package-axum-0.8.8.drv'
deleting '/nix/store/57kn7w3yjq3n0c2zjnq1ma1anjhd54bp-cargo-package-cmake-0.1.58.drv'
deleting '/nix/store/0gpdx3rvpw0lcw5x8mcwklvg9qgxvd2v-cargo-package-cmake-0.1.58'
deleting '/nix/store/zgxdlnpz5ayxvvb3h8dfbr29d3nlnszq-cargo-package-colored-3.1.1.drv'
deleting '/nix/store/hvqq2h3wkjlicypgk34x5hj8f8y3sq0q-cargo-package-colored-3.1.1'
deleting '/nix/store/ln9aj2kwvwlkz7cvkxsl76s7qp3y7sms-cargo-package-log-0.4.29.drv'
deleting '/nix/store/cs8iz41g6wdvxs8xjkhq71fa3w8qvl3k-cargo-package-log-0.4.29'
deleting '/nix/store/l9d9ind5qfz43416hdfbmk6d86whfq4f-vector-stream-0.1.0.1.drv'
deleting '/nix/store/jdvkmxnd834zkpqrnmpn07x26pgjmixc-vector-stream-0.1.0.1.tar.gz.drv'
deleting '/nix/store/id4ydlniw67fyjril89nd960dqgjmdn5-nodejs-slim-24.16.0-source.drv'
deleting '/nix/store/s8hg72k5h2d27zwa4gpspylrv5sqbsky-cargo-package-async-task-4.7.1.drv'
deleting '/nix/store/nr8khwfx2mkqi5ygjp4vb5dnhyw1kqr5-cargo-package-async-task-4.7.1'
deleting '/nix/store/c25gvpxwpk58q53n8y75dmwmczaxs5bn-cargo-package-wasm-streams-0.5.0.drv'
deleting '/nix/store/9sazw8fwblc3aw5zwhbg001918hsnj36-cargo-package-wasm-streams-0.5.0'
deleting '/nix/store/6prrhb5f7wj8kckv416clxbhd7n3gdp2-pretty-show-1.10.drv'
deleting '/nix/store/5az9w1qb4rdxfyfr0drd6s8js88m88gd-happy-2.1.7.drv'
deleting '/nix/store/1afbhl6f2vnnnbypazmb6a39jax06s9h-cargo-package-pem-rfc7468-0.7.0.drv'
deleting '/nix/store/12xybpps66v28xlv1q71pifbw7svj52h-cargo-package-pem-rfc7468-0.7.0'
deleting '/nix/store/wrp52iq4lkp5vnhr7d9sl1sa0aci7sp7-cargo-package-http-body-1.0.1'
deleting '/nix/store/90bg5gw4vn8h1yn1mq7f07mlcri4fqg8-cargo-package-http-body-1.0.1.drv'
deleting '/nix/store/19j9l0qs92z9ilm596872yp46gxii69d-cargo-src-http-body-1.0.1.drv'
deleting '/nix/store/kw7zi3j12dwmv7k36ji1kqin1f6xi5hm-cargo-package-malachite-float-0.9.2'
deleting '/nix/store/47ankr3fiq99zvvmlxhmhjk6ajiah5gh-cargo-package-malachite-float-0.9.2.drv'
deleting '/nix/store/lkvk0nq5yzmv15wl09n42vym10v5xilk-cargo-package-prost-types-0.14.3.drv'
deleting '/nix/store/7p99l591vlwywbcsm3s5k4k4maj58gkg-cargo-package-prost-types-0.14.3'
deleting '/nix/store/ca60ni0ylsl0kxchq0ci49ms5y6nmhgj-cargo-package-windows_aarch64_msvc-0.53.1.drv'
deleting '/nix/store/5d94c00b9pr3l1js2iyzra60wvr136sa-cargo-package-windows_aarch64_msvc-0.53.1'
deleting '/nix/store/jqplg30cxq8rrz6hx8pfki9cwghalgjs-cargo-package-rand_core-0.9.5'
deleting '/nix/store/d5f4qb3f668wq93g4iddnrxrq0gm2jmx-cargo-package-rand_core-0.9.5.drv'
deleting '/nix/store/v28v1wav4x12i8647sslqn7db63z6715-cargo-package-zlib-rs-0.6.3.drv'
deleting '/nix/store/4lm74khzj3pbdl6rw1yamvwnzp8fwn6a-cargo-package-zlib-rs-0.6.3'
deleting '/nix/store/651ar47r41vpshf1l656bpznf635c1g6-jailbreak-cabal-1.4.1.drv'
deleting '/nix/store/bg7ys6jaa3jr28qzanz5xcmk3hkrwy1z-cargo-package-http-1.4.0'
deleting '/nix/store/0zi5kainwxcyabcskc82b915b5hnka9z-cargo-package-http-1.4.0.drv'
deleting '/nix/store/a4rcnd2idyadphlij3zci0p3kbzjnyjf-cargo-src-windows_aarch64_msvc-0.53.1.drv'
deleting '/nix/store/s0kxy7qiri17h1pm9jpbdib8n1f68y04-cargo-package-indexmap-2.13.0.drv'
deleting '/nix/store/c4ykmbn188vaa5jwj3wrlywax0f0vwap-cargo-package-indexmap-2.13.0'
deleting '/nix/store/bpv70b2d9sqfrwf0qmz9b2inv1vm0y0d-cargo-package-quick-xml-0.40.1'
deleting '/nix/store/56mqipxz803fax4a9q4h9b8w4dckr8hz-cargo-package-quick-xml-0.40.1.drv'
deleting '/nix/store/2rh1rddip5zhf95hyp41px7jb42yv856-cargo-src-quick-xml-0.40.1.drv'
deleting '/nix/store/bdbhmzc419282dzfi0abma1ah1b3h3h0-cargo-package-gix-utils-0.3.1'
deleting '/nix/store/0w5ypqvmf5i683y7cn1qkj43gdsav6z2-cargo-package-gix-utils-0.3.1.drv'
deleting '/nix/store/x976c3gyrvvxm01b047kcx6i3rzchqhs-nixfmt-check.drv'
deleting '/nix/store/s44zd8fv5lqzhxlkbhz1gbjdz49qs6bw-chaoscontrol-license-boundary.drv'
deleting '/nix/store/q5aa0jz85d4waail081d8abavpv6jqq5-chaoscontrol-nickel-cohort-exact.drv'
deleting '/nix/store/pa08k48xa7sjv0kbwi5wg2yf8461apgn-snapshot-descriptor-contracts-check.drv'
deleting '/nix/store/n3qzk73wmqdli0k4l7w6nj6asyybp35c-chaoscontrol-nickel-cohort-exact'
deleting '/nix/store/k4041ksp9cs1yf0592hi1inznsk2w26k-protocol-observation-contracts.drv'
deleting '/nix/store/ibqz2a5fb6n4di2r7sqylalgvkvg4p0w-ebpf-trace-evidence-check.drv'
deleting '/nix/store/i0vw1kkl28schsncm0mnypyz51cdxihl-evidence-contracts-check.drv'
deleting '/nix/store/9q7kk4kkbjvlldis80vnadlnym1nvr32-chaoscontrol-vm-cohort-adoption-contract.drv'
deleting '/nix/store/3sd3rcyha1xx2q4hmrc3b9z0bykigm2h-property-coverage-check.drv'
deleting '/nix/store/0ahviv8s6x1yv2n9kll1gmxkm4smc908-dependency-audit-check.drv'
deleting '/nix/store/hzs44sdcdhrnc765x1qds80cizzfkxbi-source'
deleting '/nix/store/9s5p3nknxl99kdb3y50vhbg995a16y4c-cargo-package-n0-future-0.3.2.drv'
deleting '/nix/store/20ksd3faimza5gvg1wfsbxb913xa8pzw-cargo-src-n0-future-0.3.2.drv'
deleting '/nix/store/01wmq751bfj911rxiah0jp14qz1d63x2-cargo-package-n0-future-0.3.2'
deleting '/nix/store/zg19grzgbw2dcr3054x5xcjs2jss4fy4-async-channel-1.9.0.drv'
deleting '/nix/store/q5fardg2w30ciq2q8yzb6gi6haw8fcqy-cargo-package-chapter-tgz-0.1.0'
deleting '/nix/store/g5760fszkildfbca69xa5qhnxaihghr7-cargo-package-chapter-tgz-0.1.0.drv'
deleting '/nix/store/fgck676vgiixn583m9rfiyp8zri3n7h2-cargo-package-proc-macro-error2-2.0.1'
deleting '/nix/store/2rdxbp4fl9my82svb1f02b3crw9r66yw-cargo-package-proc-macro-error2-2.0.1.drv'
deleting '/nix/store/qgc3mrdayamzz08yraffai2lr40dc7vz-linkLockedDeps'
deleting '/nix/store/8g4cadsiagjpmq7ds2ginlkvgzixr50f-linkLockedDeps.drv'
deleting '/nix/store/lmcs141p53rhzgqjyic4227f6nhx11cq-muse-worker-self-test'
deleting '/nix/store/3l48v07dnd7qmnis2nfvjgq493g5z2hd-muse-worker-self-test.drv'
deleting '/nix/store/yidb7vyqknwh80r93n5bjybms0ci1xlf-cairn-0.1.0.drv'
deleting '/nix/store/nb0xzf6awds9zvn243h776w74nic1jz2-cairn-0.1.0'
deleting '/nix/store/7ymwn9y9gk2nhmlai2d1pmq1gl7mhamq-cargo-package-piper-0.2.5'
deleting '/nix/store/2gxl521msbp4xrvzvrv66987s8x8a5fg-cargo-package-piper-0.2.5.drv'
deleting '/nix/store/6nxwpj159lzl49hcc7pyphr9vrzpw4pp-cargo-src-piper-0.2.5.drv'
deleting '/nix/store/78bqhq0mrcc4xd3x5qaqa104m1j4bman-Cargo.toml.drv'
deleting '/nix/store/yanrj7204hi3sd11ig2cnmn6wxpc9l9q-cargo-package-addr2line-0.25.1.drv'
deleting '/nix/store/v5vq7zw33745bx0wqvwz77pmyqsqywzg-cargo-package-addr2line-0.25.1'
deleting '/nix/store/53iiy2sqma2qrin7w1j36jq8ml086c65-cargo-package-opentelemetry_sdk-0.30.0.drv'
deleting '/nix/store/0fq7pjnn3biih4cmqqpnw2my6psi94hh-cargo-package-opentelemetry_sdk-0.30.0'
deleting '/nix/store/s77n7hwqjpjs6hklwrfrmys4iswn56qx-cargo-package-lru-0.16.4'
deleting '/nix/store/m091r0v0z67s1800ga313fd99fbx0s6y-cargo-package-lru-0.16.4.drv'
deleting '/nix/store/zipx7kcnjymzw8r1029qpkvvpcqwvdqb-cargo-package-linkme-impl-0.3.35'
deleting '/nix/store/gxygqrzp71zllfhhb2md42y577ibvs9h-cargo-package-linkme-impl-0.3.35.drv'
deleting '/nix/store/p58aib1q8pmk52mijxrfjc1r006iz7rj-cargo-src-linkme-impl-0.3.35.drv'
deleting '/nix/store/61cannjz8664lqdrgb51amq8lavl7876-receipt.json'
deleting '/nix/store/isirl7pp42imghs5r3glmrd35vcii53b-cargo-package-secrecy-0.10.3.drv'
deleting '/nix/store/66ss0icgnq7k78a1vdiclgacbxcghszi-cargo-package-secrecy-0.10.3'
deleting '/nix/store/86v2mchkpvxbwdisn5df2d3qrq3b19yf-Cargo.toml.drv'
deleting '/nix/store/036xv01jbqx478090742illlzrriq1fb-integer-conversion-0.1.1.drv'
deleting '/nix/store/li9m5v8dzc03h5zs0ac6qs1qbipsabna-Cargo.toml.drv'
deleting '/nix/store/cv1ynpzvjjr0s72jkbblbzz3ymr87lpi-0001-On-all-posix-systems-not-just-Darwin-set-LDSHARED-if.patch'
deleting '/nix/store/4m8j57vilr53xjvj22dpqgkms428dx5j-wit-bindgen-0.46.0.drv'
deleting '/nix/store/85saddbi13jb807061skps5gj8f4iw8i-crate-wit-bindgen-0.46.0.tar.gz.drv'
deleting '/nix/store/pg4az303zn4ylwlfh4x4q1akch1hwlvi-cargo-package-malachite-0.9.2'
deleting '/nix/store/1v741znd07ysxh0d3qxmcsgxz8qr4caz-cargo-package-malachite-0.9.2.drv'
deleting '/nix/store/x30m3rvz7j39imcm6i25mf444kiavlbp-acl-2.3.1.tar.gz.drv'
deleting '/nix/store/cbd41r6ilh57ln3xc6mpz7jlc41xi6sg-cargo-src-windows_x86_64_gnullvm-0.42.2.drv'
deleting '/nix/store/h8a64gxjwnnxxrlqyvj4f5cypkrn8bhy-cargo-package-powerfmt-0.2.0.drv'
deleting '/nix/store/2hyn93krlp2jq6zgkrvgfhhw40yn9bmv-cargo-package-powerfmt-0.2.0'
deleting '/nix/store/mm0zv6msxxcy918160vxz2pl314vbk7z-cargo-package-ciborium-0.2.2'
deleting '/nix/store/19lhp60bzdkgysljh89kaj2ifdb735qn-cargo-package-ciborium-0.2.2.drv'
deleting '/nix/store/xc9qrngd2cqp14q0ysxdgdy0kvmvlz8n-cargo-package-rand_core-0.10.0.drv'
deleting '/nix/store/x7qqv2hm23jj20mnb9imp9gdbvbdrfn2-cargo-package-rand_core-0.10.0'
deleting '/nix/store/h4idsa994vrh5x5biz8kwgncpn8zksrg-cargo-package-lzma-rs-0.3.0'
deleting '/nix/store/2wr00w0ichhwwwnhq75gi4s86dsvsbkw-cargo-package-lzma-rs-0.3.0.drv'
deleting '/nix/store/5dzjnb9v0p53n4x3x7qba65114d7xdpv-windows_i686_gnullvm-0.52.6.drv'
deleting '/nix/store/0ymb3gajs5k32gb1jgljya17zzcf4zdf-crate-windows_i686_gnullvm-0.52.6.tar.gz.drv'
deleting '/nix/store/rgxf3kgs28xfvhm8bnk812qvjpsxgkv5-crate-rand-0.8.5.tar.gz.drv'
deleting '/nix/store/dnpjw1gvb754l6v1hkb78kq80pyzmv2y-libpcap-1.10.6.drv'
deleting '/nix/store/k0szhrv8jiq2nmymx1kk7rwyll4h504f-cargo-package-tokio-test-0.4.5.drv'
deleting '/nix/store/6l5wdpzm5zyq9b9syd3bjcif0kjhmsif-cargo-package-tokio-test-0.4.5'
deleting '/nix/store/k2cnvv5jxmbq2jghvqk2frf2i8jpak62-cargo-package-serde_bytes-0.11.19.drv'
deleting '/nix/store/8jjlkyd0cr45z5pz5r58nd9gfixna6mr-cargo-package-serde_bytes-0.11.19'
deleting '/nix/store/5hmk9qiynx8mwibdlv9ziw5zbjwrjyng-cargo-package-typetag-impl-0.2.21'
deleting '/nix/store/30z08zvy51fm6xk526mhy3k8fndnng92-cargo-package-typetag-impl-0.2.21.drv'
deleting '/nix/store/12axv292yiqlrkns3rdpnn0k203jahjb-cargo-src-typetag-impl-0.2.21.drv'
deleting '/nix/store/d3bskjmiiylscv4dn4glq6gi1wy27731-log-0.4.32.lock'
deleting '/nix/store/z1gbfhrlizfglf9768ysrmwvzbdcfrbc-treefmt-2.5.0'
deleting '/nix/store/k5ksl82b7j1q1wlyr2399y1025cw66cj-treefmt-2.5.0.drv'
deleting '/nix/store/dvdi910qq2m73ws1m88si1lyhzpsqss5-cargo-package-tempfile-3.25.0.drv'
deleting '/nix/store/9p9k63sg25m86dnqb07lpb3jip26bj6z-cargo-package-tempfile-3.25.0'
deleting '/nix/store/my1cnqh56skm3m4hh5w2fpq2m4cjsgn8-cargo-package-encoding_rs-0.8.35.drv'
deleting '/nix/store/8ir72kh9g0191mdynbcr33ncd954j318-cargo-package-encoding_rs-0.8.35'
deleting '/nix/store/xngl36xdkmy3im0agx31qdkz5sf87813-cairn-0.1.0.drv'
deleting '/nix/store/46ijcr7jkpwl9ixibk9dxlkibi931wki-cairn-0.1.0'
deleting '/nix/store/g6pdl8zvhpmxglyjjpwskhhar8sbl4ix-cargo-package-generic-array-0.14.7'
deleting '/nix/store/fl7na8mxqkj2f23xnq4bqzr78yq66dvd-cargo-package-generic-array-0.14.7.drv'
deleting '/nix/store/kljvzgk9k20vhb79n9nc0q8mf3biilxn-cargo-package-ouroboros-0.18.5.drv'
deleting '/nix/store/5dxcxqflxdfx4wfr7qhkkrhcrmlsfkfc-cargo-package-ouroboros-0.18.5'
deleting '/nix/store/jmdc5cwpqci1wxd4jly2avkclwfk5gza-cargo-package-unicode-xid-0.2.6.drv'
deleting '/nix/store/a3cr5ph4nq21zv60k2cm0mjh0xih38xj-cargo-package-unicode-xid-0.2.6'
deleting '/nix/store/pf7nfw528aqb7ry142x6a1hcmm3s73cb-cargo-package-indoc-2.0.7.drv'
deleting '/nix/store/db8zalym4vqngnf5i7298wf09hdkch6i-cargo-package-indoc-2.0.7'
deleting '/nix/store/11rr1lhjfv5yl4ba8zi45i5dh35zh7jr-lifted-base-0.2.3.12.drv'
deleting '/nix/store/h0rafqwl2grswdsqaccz8pxzpyk5dq8c-monad-control-1.0.3.1.drv'
deleting '/nix/store/5cdwzr6759qly7jk38nlds4y8ba50lz4-transformers-base-0.4.6.drv'
deleting '/nix/store/0sdzk3p8lqvkfxn1gwpgz6jgz29r4nh1-time-compat-1.9.8.drv'
deleting '/nix/store/z2hirnfds3m80i7d3r3nkl23z7bdz6i4-base-orphans-0.9.3.drv'
deleting '/nix/store/8857w0a9nzpnkvj3cn1scb24iy6vzrxd-cargo-package-tracing-0.1.44'
deleting '/nix/store/0kkf57l59kvrh21aawxj127pg3kkn3yk-cargo-package-tracing-0.1.44.drv'
deleting '/nix/store/xjxwwnpk8q4q67smihlxvc68kz9fqyy1-cargo-package-gix-config-0.54.0'
deleting '/nix/store/ww63zv012pdmn2j3ihfx70g5snzcays4-cargo-package-gix-config-0.54.0.drv'
deleting '/nix/store/xvlxga16lg6kyc0yfav8kz488mnnj5vp-clippy-preview-1.96.0-nightly-2026-04-08-x86_64-unknown-linux-gnu'
deleting '/nix/store/mdfdikl41mq9hh882bvkgq7lrbf94jgx-rustfmt-preview-1.96.0-nightly-2026-04-08-x86_64-unknown-linux-gnu.drv'
deleting '/nix/store/k34nnmlf0hnvdyvmf6aqh5j4m9zzh0nc-rustfmt-preview-1.96.0-nightly-2026-04-08-x86_64-unknown-linux-gnu'
deleting '/nix/store/i484hyy8k46qnnzqm8v29qf55lji8b3l-clippy-preview-1.96.0-nightly-2026-04-08-x86_64-unknown-linux-gnu.drv'
deleting '/nix/store/yjhawsj87b5scg8fv9ss42sgcys98d2p-rustc-1.96.0-nightly-2026-04-08-x86_64-unknown-linux-gnu.drv'
deleting '/nix/store/cw8flsxv0r5179brmlzpva2fdky92xgy-rustc-1.96.0-nightly-2026-04-08-x86_64-unknown-linux-gnu'
deleting '/nix/store/qimx4pgy2dar1f6fgi865cywybiy381r-cargo-package-gix-hashtable-0.13.0'
deleting '/nix/store/4qmrbw5729si0ykxqfgnng9i8kna8bsc-cargo-package-gix-hashtable-0.13.0.drv'
deleting '/nix/store/lrrsvi64hg0yzl2gvbrh531axy0xw1hs-tokei-14.0.0'
deleting '/nix/store/il0k564h0mlgqp5qdh1y9ygf8za3w3r5-tokei-14.0.0.drv'
deleting '/nix/store/n7iw35x5nqz3n077rkx11xhz8vc8i4yr-tokei-14.0.0-vendor.drv'
deleting '/nix/store/n4lbshz124sa70nbw3fdn74dg26rpc5c-cargo-package-wait-timeout-0.2.1'
deleting '/nix/store/kcqprrz3csbibk4awb9rx3k3bxzxr0ay-cargo-package-wait-timeout-0.2.1.drv'
deleting '/nix/store/4azvc5nngckglk7hbcb6zng80036clgb-cargo-package-aho-corasick-1.1.4.drv'
deleting '/nix/store/18l7x2yn94nxxk70plc7cplj788qaafp-cargo-package-aho-corasick-1.1.4'
deleting '/nix/store/plh1nbi9mkya45axvkrsf715gwkp1mx7-watchexec-2.5.1-vendor-staging.drv.lock'
deleting '/nix/store/208mn46wj7hfqbk9i80sdxi7hv2vc2gy-cargo-package-snafu-derive-0.8.9'
deleting '/nix/store/10gxximfhinbbhvkzb570271kv84rn9x-cargo-package-snafu-derive-0.8.9.drv'
deleting '/nix/store/z6x6jv8hd4p6sq0cfrnpw6c96azsxf1a-cargo-package-virtio-bindings-0.1.0'
deleting '/nix/store/h7nvz8yaqwdb6z6j1zflbl243jz8dzcm-cargo-package-virtio-bindings-0.1.0.drv'
deleting '/nix/store/s0fw5yca2h2shfkgzydl9qsnmsjj7zx7-workspace-retention-check'
deleting '/nix/store/ma8cz74qri0vzz24wvx2rxcsynda5xwd-workspace-retention-check.drv'
deleting '/nix/store/3vhxj2ymbnprcb3n6l5k6bc6r3idbk59-Cargo.toml.drv'
deleting '/nix/store/xrmxp2a0w9g11fla0jhxjizizpijl11l-cargo-package-colorchoice-1.0.5'
deleting '/nix/store/knm0apmaqqr9cjl1xz1dkwi3d978ik9m-cargo-package-colorchoice-1.0.5.drv'
deleting '/nix/store/vai8nq11x8iswsv01sf1pp4hf1bfrg21-cargo-package-toml-1.0.6+spec-1.1.0.drv'
deleting '/nix/store/hw0f6vggd6dgfw9hmw8g3cpl5kpcjbkq-cargo-package-toml-1.0.6+spec-1.1.0'
deleting '/nix/store/95pjh36z3k4fmgvwbak4adgxpi2rk0m9-cargo-package-tracing-attributes-0.1.31.drv'
deleting '/nix/store/j9fyjramp3k7wghnl63y7j330p684pw7-cargo-src-tracing-attributes-0.1.31.drv'
deleting '/nix/store/4kdb5w9crf0lmrlyj85ir2fnrwhj2i1v-cargo-package-tracing-attributes-0.1.31'
deleting '/nix/store/n0g0311xbbpd15v0ipl29kh7iqkbwvzi-training-platform-core-quality-0.1.0'
deleting '/nix/store/asa9klirqa145lgn3mdnjfgxzqaxlnpa-training-platform-core-quality-0.1.0.drv'
deleting '/nix/store/ajd65n350311k1dxyavvdsjnkbcl87gf-cargo-package-tokio-1.52.0.drv'
deleting '/nix/store/zyfflsvh94yxr5xdglz5fgfwd49c22wa-cargo-package-uuid-1.23.0.drv'
deleting '/nix/store/i6w3rmbdz7z91hdhm6w3x46245597hw2-cargo-package-uuid-1.23.0'
deleting '/nix/store/3f4b5h2c5xp6mbx25d5fldhdwn3p1d40-cargo-package-dunce-1.0.5.drv'
deleting '/nix/store/fhf7hsrrzbnffzsyi2c4lhy1rvp33c7q-cargo-src-dunce-1.0.5.drv'
deleting '/nix/store/20l406bgm6p500bdqawpaf13hc5csmpd-cargo-package-dunce-1.0.5'
deleting '/nix/store/wsgab75dms6wwwkqvd7dp8ghap36xckz-uuid-types-1.0.6.drv'
deleting '/nix/store/0wsnxs03h5jbqir57b9525wr2a1c0qsv-uuid-types-1.0.6-r3.cabal.drv'
deleting '/nix/store/pfcds5if2fxrnfhi84jznvm7fldzcqqh-cargo-package-derive_builder_macro-0.20.2.drv'
deleting '/nix/store/npfyix3pgd6y9a68d0a4psd3v6hg7ixf-cargo-package-derive_builder_macro-0.20.2'
deleting '/nix/store/7jld9k8mfqzp3zbracmfbg2r81y8fa9b-cargo-package-windows_aarch64_gnullvm-0.52.6'
deleting '/nix/store/2xsiamd7iggx22pza35g819ql30q05kn-cargo-package-windows_aarch64_gnullvm-0.52.6.drv'
deleting '/nix/store/jybykx2idkxgb4zj53lkr0rfrsjczq38-ralph-drain-stack-self-test'
deleting '/nix/store/d8896zlswcbv98p4074zngg4w5165rz3-ralph-drain-stack-self-test.drv'
deleting '/nix/store/c08989v9sv7sg3c2z23zy7jpij6jfw63-base16-bytestring-1.0.2.0.drv'
deleting '/nix/store/rx3abv1p7bqjl63i30yxd7whash3x7h2-cargo-package-tracy-client-0.18.4.drv'
deleting '/nix/store/8z7z0jxhk5rhjl43g5wcvj3sjd1bkb2n-cargo-package-tracy-client-0.18.4'
deleting '/nix/store/72bpi6dzj0yn3c28z6krq9ydvxw0jkda-moreutils.drv'
deleting '/nix/store/n2ypgahznv369lc5hb615asy4x5lgn00-cargo-package-clap_derive-4.5.55'
deleting '/nix/store/fmn1hk8r5221b2m4276z54wfjhp73c2f-cargo-package-clap_derive-4.5.55.drv'
deleting '/nix/store/wbbnby6ryymxh148x85qf15mpzln3qdb-cargo-package-vsprintf-2.0.0'
deleting '/nix/store/j7dlldpmsq0ys71zmk10cwgix661lqya-cargo-package-vsprintf-2.0.0.drv'
deleting '/nix/store/7jbq555bpk5x5771gqnqflpfsk9gmhn2-cargo-package-tokio-util-0.7.18'
deleting '/nix/store/3ahw8dypw8i6fc8sri0b0hp0bgjq423s-cargo-package-tokio-util-0.7.18.drv'
deleting '/nix/store/k46qhlk8a6ydkx1p9zd87r1gihqkvann-cargo-package-walkdir-2.5.0.drv'
deleting '/nix/store/33p5fvgscdadq1sfvsj0p0xysz5i9mdz-cargo-package-walkdir-2.5.0'
deleting '/nix/store/n8wjpjdxih91wd9jdl61xqgnwxqmjv88-rust-std-1.96.0-nightly-2026-04-08-wasm32-wasip2.drv'
deleting '/nix/store/8wcihj7188p5fjbcwdlzsxq0dxd68qmy-rust-std-1.96.0-nightly-2026-04-08-wasm32-wasip2'
deleting '/nix/store/hfhdnjzx33sv8kvj1kwsfpqgbq0qyi6z-cargo-package-sha2-0.10.9'
deleting '/nix/store/4dddknrrjxwbch1fl123m9i7yg781ndc-cargo-package-sha2-0.10.9.drv'
deleting '/nix/store/z15pw2slx3ryrg7573yc2masah1z85cl-rust-analyzer-preview-stable-2026-06-30.drv'
deleting '/nix/store/y8cr1bly4pj05ibbkic6xrmglk15pjxb-rustc-stable-2026-06-30.drv'
deleting '/nix/store/pi36hpv15ql1zk0bcm86i4rmr5dydcj6-rustc-1.96.1-x86_64-unknown-linux-gnu.tar.gz.drv'
deleting '/nix/store/kb4x7l16vkj7wizfjnhmphdqlphjbhsq-rustc-1.96.1-x86_64-unknown-linux-gnu.tar.gz'
deleting '/nix/store/9s8j4fw15dpmy6zn1w2900hbfd3b6f69-rustc-1.96.1-x86_64-unknown-linux-gnu.tar.gz.drv'
deleting '/nix/store/9ha3c6rxifk60y9v3i8ampi9cxmja1ds-rust-analyzer-preview-stable-2026-06-30'
deleting '/nix/store/jfmxq87y82xgksarb3fzk24v19k54lxx-rustc-stable-2026-06-30'
deleting '/nix/store/ylvy172x98xcny6k38pznsc4mg3z57gw-cargo-package-float-cmp-0.10.0'
deleting '/nix/store/4mcmrac1rwinxckx3kr60sc5jsvqz73b-cargo-package-float-cmp-0.10.0.drv'
deleting '/nix/store/03f21blsib72pckhclzdj6h87087wi62-cargo-src-float-cmp-0.10.0.drv'
deleting '/nix/store/8i618dbbijqpfb3i2cx6kihh483dn1p6-cargo-src-find-msvc-tools-0.1.11.drv'
deleting '/nix/store/l2rz0s8w5c47l2l35f5ww743yxx5ivm2-cargo-package-zmij-1.0.23.drv'
deleting '/nix/store/28r4kpj5avjal5jaqfkxdiijm8ryd6nq-cargo-src-zmij-1.0.23.drv'
deleting '/nix/store/rlbfdf2j00810d4kmp76wvma4ljhhch5-cargo-package-rustversion-1.0.22.drv'
deleting '/nix/store/l1zfql96if5aal9qy5v6sxj7khi74sd6-cargo-package-rustversion-1.0.22'
deleting '/nix/store/q425a0l450pmlp18sh7yryqxccawhw4a-cargo-src-cc-1.2.57.drv'
deleting '/nix/store/543kq0dqh764dh8vkc1csf5qf818x6qw-cargo-src-caps-0.5.6.drv'
deleting '/nix/store/q3i5jlhb3i9qlrdb7lslabzpxpiqw0jx-cargo-src-winapi-x86_64-pc-windows-gnu-0.4.0.drv'
deleting '/nix/store/vhnh9vq8bim9mwlpmaca54gfq4anxd7d-ttsim-runtime-validator-quality-0.1.0'
deleting '/nix/store/p69ahqvgd5d16z14s63vqwx6rvapnhyr-tenstorrent-shell-quality'
deleting '/nix/store/lkd93spwj1zjw50j238c3hhprjnadvvw-ttsim-runtime-validator-quality-0.1.0.drv'
deleting '/nix/store/ijs40d4212a7ra2j42j5jw7064mc6hjv-tenstorrent-quality-policy'
deleting '/nix/store/icsfkhkp4ch7ywf7aan1afqd1mjc6fa6-model-target-core-quality-0.1.0'
deleting '/nix/store/c9ckg8s5caggwm8imlb67gp1s235jcpq-model-target-report-quality-0.1.0'
deleting '/nix/store/c5g9z7kh9ssgxgpkb8sp7k0ps122j163-model-target-report-quality-0.1.0.drv'
deleting '/nix/store/7mm5n47wl3wbik2agk4da6jj6dxlj3y2-tenstorrent-negative-language-quality.drv'
deleting '/nix/store/5df3bpv1r0haz7diphavvwdg8i960qww-tenstorrent-negative-language-quality'
deleting '/nix/store/4pqky9xh99g6dw290zxk1in2vzrv51bv-tenstorrent-quality-policy.drv'
deleting '/nix/store/2n70i03mjci3zkj9348cmjfayad9y1dh-tenstorrent-shell-quality.drv'
deleting '/nix/store/0xvq3qqagnqbfb40a98yb11c5hbxf4la-model-target-core-quality-0.1.0.drv'
deleting '/nix/store/aflnjlxcjf4zn7ryv2w64js9y49dkyhy-source'
deleting '/nix/store/73yicv5qcbdvy4rh53jx7bfpjyz44d77-cargo-package-twox-hash-2.1.2.drv'
deleting '/nix/store/23kpgb38mmgj203ylpnj8vh47a9b8qn7-cargo-package-twox-hash-2.1.2'
deleting '/nix/store/zhqrhzx75mspzml3yyyzvr7iz8xxrizz-cargo-package-fuzzy-matcher-0.3.7.drv'
deleting '/nix/store/yh2198kd8impr1vak54awafb84bz8534-cargo-package-fuzzy-matcher-0.3.7'
deleting '/nix/store/rvvdqc0wfhxisyrmdcq86z99mg4v11vw-windows_x86_64_msvc-0.48.5.drv'
deleting '/nix/store/9lqbhn9brf7rfzr69cck5px2la931brm-crate-windows_x86_64_msvc-0.48.5.tar.gz.drv'
deleting '/nix/store/klyqaqkg83aflrs8hsd7lj9nfzz65i52-ghc-paths-0.1.0.12.drv'
deleting '/nix/store/vrwnspz53wv5yds4y24ck5fmwwvp48nh-ghc-paths-0.1.0.12.tar.gz.drv'
deleting '/nix/store/gz6g6mdgklpfr61zlm8n2lq1b1ixzaqn-cargo-src-http-body-1.0.1.drv'
deleting '/nix/store/vgq0lf9lhpcgf3ddy0dgnvsdm0ih5s28-cargo-package-js-sys-0.3.94'
deleting '/nix/store/1fz0i6iyizvi08a15gljlwjxdkcxsj8d-cargo-package-js-sys-0.3.94.drv'
deleting '/nix/store/hbyjkc3jkn5lvwbzy8sf00w7grzhaf91-cargo-src-rustls-native-certs-0.8.3.drv'
deleting '/nix/store/r0y9d9b2b5ggcpkjq50jbcm7xsbgwnsg-cargo-src-defmt-macros-1.1.1.drv'
deleting '/nix/store/m8iqanxvc9cdxiplxza5cih780ywa9yc-linkLockedDeps'
deleting '/nix/store/8yi9p6qgdb2j0f51qgk8ckbk0npfq272-linkLockedDeps.drv'
deleting '/nix/store/7wbggmd4xmn7r1qjak7nyi9gx7zmi3mw-treefmt-2.5.0.drv'
deleting '/nix/store/akvwmpln13jphjv9ivdnb8rjx43bcni3-treefmt-2.5.0-go-modules.drv'
deleting '/nix/store/32591ig21xw3916xnnszp271a33x6570-source.drv'
deleting '/nix/store/7qgij694rv658vh76shrqxh2y37z0s6h-cargo-package-pkcs1-0.7.5.drv'
deleting '/nix/store/6ryhbsm162qy3y8ypgxkvq0k0ivgvl86-cargo-package-pkcs1-0.7.5'
deleting '/nix/store/lqwx9ijddkaz4sas5vyfgflkl1ccnx0g-cargo-package-io-close-0.3.7'
deleting '/nix/store/90qcij3jj4cawl85g88bs854lxwy5bd5-cargo-package-io-close-0.3.7.drv'
deleting '/nix/store/aivvfifvb83pxd77vnmffzjw2hmzmhz0-cargo-src-io-close-0.3.7.drv'
deleting '/nix/store/30rqnwz78g426k06r3i1m8rr9wflh5dq-cargo-src-rand-0.8.8.drv'
deleting '/nix/store/gqi9955if5gjsn9a35lzh547ylhxdgiv-cargo-package-darling_core-0.21.3.drv'
deleting '/nix/store/1yz9na9qxfhj8gr6r4p2bm3r4zk3k38a-cargo-package-darling_core-0.21.3'
deleting '/nix/store/yfwrh3n3vnvzhvkd9h4cgxiypgpqqz45-bzip2-get-version-1.0.8.drv'
deleting '/nix/store/kqrb2v84jky0qp8snqmvv3pgbf7frhlh-bash-get-version-5.3.drv'
deleting '/nix/store/jyg53gjs1kdw0q1hjaqb9dsvr40nyc2n-findutils-4.11.0.drv'
deleting '/nix/store/g7mdiyfhl7lbbr5i5ih7j82nbp0x9y2k-bzip2-1.0.8.drv'
deleting '/nix/store/shzh4yyz3pw28dy33nv3l7p9wchyqa5y-bash-5.3.drv'
deleting '/nix/store/0m73wyrh0yalanxsj5ff0a8mcf4kscgn-bootstrap-coreutils-musl-get-version-9.11.drv'
deleting '/nix/store/x2k1rx0682qi8q01svmay16q1c4glss2-bootstrap-coreutils-musl-9.11.drv'
deleting '/nix/store/dlh50j2sbcgfdllzb7grqmswrzmazdmj-coreutils-9.11.tar.gz.drv'
deleting '/nix/store/40a96ir6dz9frz7636pzcdsknf43yfc0-cyrus-sasl-2.1.28.drv'
deleting '/nix/store/14iz7mpdrf25xyn9qysrb04q93h502ld-data-fix-0.3.4.tar.gz.drv'
deleting '/nix/store/nyyks3ljg4d8h9c7h9i1008k8f43k497-Cargo.toml.drv'
deleting '/nix/store/d52wnfk1cpay6gsm01ns7a24bjyp1hc4-find-msvc-tools-0.1.4.drv'
deleting '/nix/store/knc1g19m6qbvgdp3id3yimvdmfy8fsrz-cargo-package-async-lock-3.4.2'
deleting '/nix/store/39ri35r8zv8axj5q2i23nrhan315ms5g-cargo-package-async-lock-3.4.2.drv'
deleting '/nix/store/qyqbxbq5bnq2kf6paxx5grdpanncaq84-cargo-package-ciborium-ll-0.2.2.drv'
deleting '/nix/store/3dsmk15pd1q8fbmxyxx86pqpa8l1i3x6-cargo-package-ciborium-ll-0.2.2'
deleting '/nix/store/7fy1r0k77xls795r1bnhz0x6dky0p807-cb549ef71c5bb646fe583697ebdcaba93267a237...dfaa62392e7caecc6ecf0097b4d73738ec4fc0a8.patch.drv'
deleting '/nix/store/hi8njkvjay85xhnzhpmcrgsyy1gbn9qn-perl-5.42.0-env.drv'
deleting '/nix/store/3a9yq322d5kn5wfykqp0rnzwxjxdvgx4-perl5.42.0-IPC-Run-20231003.0.drv'
deleting '/nix/store/xjz60a0w11615mrlgp0lvcx7yzkbsvkc-cargo-package-pkcs8-0.10.2'
deleting '/nix/store/mfd65pllm618jcpnrvfl5gc7ghadf5gj-cargo-package-pkcs8-0.10.2.drv'
deleting '/nix/store/vlipdzsrpa7npmbygic4xbvkjhzz2ssf-cargo-package-jiff-core-0.1.0.drv'
deleting '/nix/store/m1m3pyw7kbgvj8jxhd356z1ksnjkndwk-cargo-src-jiff-core-0.1.0.drv'
deleting '/nix/store/bk4bapn64id6m98hzbym00qakdw35qnn-cargo-package-futures-channel-0.3.32'
deleting '/nix/store/5djqkxgc2wjnxm7d89n4k56ya8r1w040-cargo-package-futures-channel-0.3.32.drv'
deleting '/nix/store/dl7wm9kxjlsrsi8apbsdli9awvwv0110-cargo-package-defmt-1.0.1.drv'
deleting '/nix/store/5hqh9r0zfvrsgrgjwjwjkvn9a6dxh9f2-cargo-package-defmt-1.0.1'
deleting '/nix/store/5m2xfjcy0n4ilx9fn6a4dinfjxcmbfzv-cargo-package-mach2-0.4.3'
deleting '/nix/store/2myv1m8sdlskl1n5p7ih29bfknjs6hbz-cargo-package-mach2-0.4.3.drv'
deleting '/nix/store/2ligzrhjglvq2fmjcjhm6rl71v463fv4-cargo-src-mach2-0.4.3.drv'
deleting '/nix/store/qvp5rlzinkgqj4pbk5zy29s35b5z2wc1-cargo-package-strsim-0.11.1'
deleting '/nix/store/27xay1q1xfxy2nqa95ad33laljw2aib8-cargo-package-strsim-0.11.1.drv'
deleting '/nix/store/vh4qlhw9wfbjd3wn4asjcjnvjwai7wc2-muse-guard-fixture'
deleting '/nix/store/dp2w3ygk18irpx2pm10baqn0ab03gqar-muse-guard-fixture.drv'
deleting '/nix/store/m7ml4g146b4prgpqgk0v3px50mlrp7iq-cargo-audit-0.22.0'
deleting '/nix/store/8yqkwvhhk7wh83ji48vxza0dbzmbx2mf-cargo-audit-0.22.0.drv'
deleting '/nix/store/9ifzrri6zdssbc82is36dbsyp9iml1xh-npm-install-hook.drv'
deleting '/nix/store/56v1yhm38k5riylz4av4gp4mbm2i3p7i-nodejs-install-manuals.drv'
deleting '/nix/store/cf1gy9wpqark7khy4ydhi3v04cngivk6-cargo-package-wasm-bindgen-macro-support-0.2.108'
deleting '/nix/store/bnrckkk1grz09721mdb60i2qf0avz4yb-cargo-package-wasm-bindgen-macro-support-0.2.108.drv'
deleting '/nix/store/c22l9l4mwaaxnmfvbimj6dxi0g12db19-icu_normalizer-2.1.1.drv'
deleting '/nix/store/lc6aa7wvhhxy94y702am9jrmr6d5hs9h-rust-docs-1.96.0-nightly-2026-04-08-x86_64-unknown-linux-gnu.drv'
deleting '/nix/store/blbq8ip2kdj67fyjzbbhdg6q3ghp8ac9-rust-docs-1.96.0-nightly-2026-04-08-x86_64-unknown-linux-gnu'
deleting '/nix/store/mkl65cmc187kn18j9rh36igvs6c2slp7-quote-1.0.41.drv'
deleting '/nix/store/s7wqvji27nm2qf1xfcspqsanp166gv5i-crate-quote-1.0.41.tar.gz.drv'
deleting '/nix/store/ib133q6xb7rmg810v4si0nfmx5h0gn74-quote-1.0.41'
deleting '/nix/store/ysipqs73zhwb4nqwx43if837ixnnccwn-cargo-package-windows_x86_64_gnu-0.42.2.drv'
deleting '/nix/store/cdfcqw8bxl0bkm0a5b5g56skaql6vd4h-cargo-package-windows_x86_64_gnu-0.42.2'
deleting '/nix/store/59a25g0b7jcdcdkxh39rn05mf86hl4lz-cargo-package-libbpf-sys-1.6.3+v1.6.3.drv'
deleting '/nix/store/57gmpa4vmp29rfj9c582xvxk1gdc5rx1-cargo-package-libbpf-sys-1.6.3+v1.6.3'
deleting '/nix/store/99j70q91my1k5ycpzk5vifn8y97z9any-chaoscontrol-test-0.1.0.drv'
deleting '/nix/store/mcim6sdzpn3gb18xb0iky56hwkvcdm3b-x86_64-unknown-linux-musl-gcc-15.2.0.drv'
deleting '/nix/store/vpy763hbj1cjdc8rf59wlk3xa2dbaxhs-x86_64-unknown-linux-musl-binutils-wrapper-2.44.drv'
deleting '/nix/store/g9hxi82fpd1ip6iwv4xjb26gmw35d3zx-musl-x86_64-unknown-linux-musl-1.2.5.drv'
deleting '/nix/store/iqspw7sg8q4sfkshb0vcn0xwkrfqd3rp-stdenv-linux.drv'
deleting '/nix/store/iy3iwb3sjs3pqq7spfi4i055j6jh6z64-x86_64-unknown-linux-musl-nolibc-gcc-wrapper-15.2.0.drv'
deleting '/nix/store/cibbjc8bn3440qq3m6cj846f83iyj5yg-x86_64-unknown-linux-musl-gcc-15.2.0'
deleting '/nix/store/9f2r3vz2lpmhiwgnz08i85zw2m0di9b2-x86_64-unknown-linux-musl-binutils-wrapper-2.44'
deleting '/nix/store/77rzpdmi3ankx1b605wfa77kkzyhkd6g-x86_64-unknown-linux-musl-gcc-15.2.0-lib'
deleting '/nix/store/56q4kb4149kw4fi7hrbrrfwgivbqmcfw-x86_64-unknown-linux-musl-gcc-15.2.0-libgcc'
deleting '/nix/store/1l2lnx0q7smdbwjmccxgicw2g12zvb3q-musl-x86_64-unknown-linux-musl-1.2.5-dev'
deleting '/nix/store/9d9il9kxwzzy2hpwk3czvjlk7fv15b0j-musl-x86_64-unknown-linux-musl-1.2.5-bin'
deleting '/nix/store/0nl9w8qhb0kvix80vpa191a59mkhw1q9-musl-x86_64-unknown-linux-musl-1.2.5'
deleting '/nix/store/s7m07xrzs2q8n3cz0jlvjwg7361wk521-cargo-package-tracing-chrome-0.7.2.drv'
deleting '/nix/store/g6g4yzrw8016skrkv6gzwplaz7q6smks-cargo-package-tracing-chrome-0.7.2'
deleting '/nix/store/ywak6nd309jvi5yp3pz5f197q4ds0cmk-Cargo.toml.drv'
deleting '/nix/store/w8qgxq1qbki2h3mlxc340fp508zxyik6-cargo-package-arrayref-0.3.9.drv'
deleting '/nix/store/263fywvcnh1yy5gr7accbp4l8wd0wiar-cargo-package-arrayref-0.3.9'
deleting '/nix/store/47xmi5g88frpwrijj33ngrglknbdz9r8-cargo-package-toml-0.8.23.drv'
deleting '/nix/store/0m4a9g59g2kfijmv95b5fzx20s6rmsj5-cargo-package-toml-0.8.23'
deleting '/nix/store/phmxcfi4gssv7lm167iaxfd964vc1fx9-cargo-package-block-buffer-0.12.1.drv'
deleting '/nix/store/1z44s55yhxaqkbzkqf1m71b0nzy7cpfk-cargo-package-block-buffer-0.12.1'
deleting '/nix/store/n8sf49461wymzjv50c9calj3g0y663qk-cargo-package-zstd-0.13.3'
deleting '/nix/store/ib9d6mk3rri9j7kkpd2qhy3nnsfb8c3q-cargo-package-zstd-0.13.3.drv'
deleting '/nix/store/1cjiwzyfki8xjsi15qiw30d6y02wzka2-cargo-src-zstd-0.13.3.drv'
deleting '/nix/store/mcliwrmgq3fq49fabni7gnqc9gfjdzib-cargo-package-opentelemetry-otlp-0.30.0'
deleting '/nix/store/97y2sv6r8lci0d4f0g2pic59661kaz7s-cargo-package-opentelemetry-otlp-0.30.0.drv'
deleting '/nix/store/zs7dkdx3q401vvk2pr7bgyjhgi17h7nh-once_cell_polyfill-1.70.2.drv'
deleting '/nix/store/wgmj88y67f416gr1vg6gdyyijb5ay7jq-muse-pi-turn-1.0'
deleting '/nix/store/w2qrrh29cx591m1i8g9ya879ara2wysq-muse-pi-turn-self-test.drv'
deleting '/nix/store/fd1n9i9m88iabm89rhi2631h6f118s4n-muse-round-self-test'
deleting '/nix/store/8x8l5z32gfd1w57aigdl4ddk4g4jm6aw-muse-round-self-test.drv'
deleting '/nix/store/r6p6r49a68473xs4r0i79iz38g3vsgr7-muse-pi-turn-1.0.drv'
deleting '/nix/store/2lxrmra4m5a2h28xyppq8xf17ds73gnk-muse-pi-turn-self-test'
deleting '/nix/store/41wf78bd0n31pgw3rviglx8jgs5h700q-anstyle-wincon-3.0.11.drv'
deleting '/nix/store/iv4f8hzbxivc99lq3djk0kpdvjzmkacf-cargo-package-zerofrom-derive-0.1.6.drv'
deleting '/nix/store/glaskg53a0hkzrcdsd8j2fxy08qnry7i-cargo-package-zerofrom-derive-0.1.6'
deleting '/nix/store/x2vmbyydvcd0pvkfk1mmn0z3bgs46l22-cargo-package-linux-raw-sys-0.11.0.drv'
deleting '/nix/store/kd8ybaqs60p1li42ijzh72yzai9gq3jg-cargo-package-linux-raw-sys-0.11.0'
deleting '/nix/store/icpmf90cxzsil4xw2l4m21l9immna3lp-cargo-src-linux-raw-sys-0.11.0.drv'
deleting '/nix/store/f17n2iifafsgshsqks5sdj7giz33nbb4-crate-memmap2-0.9.8.tar.gz.drv'
deleting '/nix/store/nj8xjs1lwcsv3im5s7r1lfw2c2f5xapa-cargo-package-zstd-safe-7.2.4.drv'
deleting '/nix/store/92cmpasicrs9i14sacgf7sq7dnl86z7r-cargo-package-zstd-safe-7.2.4'
deleting '/nix/store/zbm48rfwqvg89snsl7x3lpfk00zxjkw6-cargo-package-oci-spec-0.7.1'
deleting '/nix/store/d7v12ry755vsy8xsmd1hrbwz4chldkk2-cargo-package-oci-spec-0.7.1.drv'
deleting '/nix/store/a0amfqd6zcx6yp4bkfqpc9v4hk44r2i0-cargo-src-oci-spec-0.7.1.drv'
deleting '/nix/store/l41pwmdns31wj97qkhs9zxrpph2n1g2s-cargo-package-regex-automata-0.4.13'
deleting '/nix/store/6f5bjpc266lxc5077syiyd1hixgkbkgk-cargo-package-regex-automata-0.4.13.drv'
deleting '/nix/store/bqqldm5wx9i556z8qn9y1nj7p57w28ww-Cargo.toml.drv'
deleting '/nix/store/cyg9hgb0pi75db0hv3l785807xjh1b1b-zerovec-derive-0.11.2.drv'
deleting '/nix/store/l3cga6pdr3ljcwx38rvx5ihsjbfh46lm-crate-zerovec-derive-0.11.2.tar.gz.drv'
deleting '/nix/store/dnxf0p5y46k5a94ffa2rs5h12y2dphq6-source'
deleting '/nix/store/jfq2jkr9g622wx8gm38dzwzyzhra968d-cargo-package-wit-bindgen-rust-macro-0.51.0.drv'
deleting '/nix/store/9qi5x0sw0gxjzsp0dsr2y364mnr7djc7-cargo-package-wit-bindgen-rust-macro-0.51.0'
deleting '/nix/store/1vnzpvh8p6ik70xrh8imrbp5pcjx4kqw-gnupg-2.4.9.tar.bz2.drv'
deleting '/nix/store/3b4r1xaq68b1vcs8h50c79n96bi9w518-v3.1.3.tar.gz.drv'
deleting '/nix/store/lp0ax8883zfggy7rsmdpkj8wi6gbz5z9-cargo-package-tower-layer-0.3.3'
deleting '/nix/store/g8hddmzdw9s5jpp4k3vg72zr26sgz3qn-cargo-package-tower-layer-0.3.3.drv'
deleting '/nix/store/rg5iwpw314m3w9wy09sgjg90fwvqq4v2-cargo-package-rustls-platform-verifier-0.6.2.drv'
deleting '/nix/store/r15xrjj5a5x88988fzc1853brmiy3fb0-cargo-src-rustls-platform-verifier-0.6.2.drv'
deleting '/nix/store/7z3yyqh1w1qrq01ixdhmh4ni3d80kjn2-cargo-package-rustls-platform-verifier-0.6.2'
deleting '/nix/store/sqhdsqrasj7h7xh5cjg4b161v52wak3i-cargo-package-siphasher-1.0.2'
deleting '/nix/store/77iliz7a1fji3ywmr5m0id1kx0jnigvk-cargo-package-siphasher-1.0.2.drv'
deleting '/nix/store/gx6s1m7ypqxd1vrazqvbg6f0m1s1glxk-cargo-package-humantime-2.3.0.drv'
deleting '/nix/store/0pphrahsk7zbml7pas2grn7fyz8g4yry-cargo-package-humantime-2.3.0'
deleting '/nix/store/lhsd1r6881hkxkwxk0z6ycpwpn9clqan-syn-2.0.111.drv'
deleting '/nix/store/2iy1jp3n0lf7q4vx633iyygs2spw9831-env_filter-1.0.1'
deleting '/nix/store/17k5l6pwqv1blmrfddi53pmd885hxzz2-env_filter-1.0.1.drv'
deleting '/nix/store/hypy4mr6gr3a54b5f4bx654jhrd6x0yb-crate-env_filter-1.0.1.tar.gz.drv'
deleting '/nix/store/qapnh9i2hxg3vc6f740lsbxc305y1szv-zcode-setup.drv'
deleting '/nix/store/5hgrgj1xyqcv4rdfnvrpamfilvl636pr-zcode-setup'
deleting '/nix/store/xyxq0g07if6i4mvy55pmg26jqg9gm91f-zcode-cli-config.json'
deleting '/nix/store/kxiykivk69y05jfg3ybv1j8j3lwqg1lm-cargo-package-openssl-probe-0.1.6.drv'
deleting '/nix/store/63f66j671z7yvgn0za5qbv9ym24klmiv-cargo-package-openssl-probe-0.1.6'
deleting '/nix/store/zprxjp3a0bx6zyrsd4janvphh3q8kzpk-generically-0.1.1-r4.cabal.drv'
deleting '/nix/store/vryp2m5hb4cv2aqksjkn8fwgmximp22s-cargo-package-itertools-0.15.0.drv'
deleting '/nix/store/vbrxxw43j4l8kd71mxhwhm3zz3bca943-cargo-src-itertools-0.15.0.drv'
deleting '/nix/store/pbhgy6j4hz60qfz7b08lj4z4lf2ha979-cargo-package-itertools-0.15.0'
deleting '/nix/store/2nr8kyh8x11fqppcqp0wmp82wmqbp007-CVE-2026-15534-1.patch'
deleting '/nix/store/avd5by2vf5jpwx4s2ncbw2vzah7hd65k-Cargo.toml.drv'
deleting '/nix/store/18r8p5m4wx59glbw0c68a9bhm8ryv2ys-constraints-0.14.2.tar.gz.drv'
deleting '/nix/store/wsrn5wb6gaxafr9cyz4czfhiq42px2v5-cargo-package-web-sys-0.3.94.drv'
deleting '/nix/store/qciw4hjgaak020yk6xl42gsg3g84nkyr-cargo-package-web-sys-0.3.94'
deleting '/nix/store/fnhp9wym09h42c7l4c7bgdbn6n86npgg-tracing-core-0.1.36.drv'
deleting '/nix/store/p5cy43nw5g1h6pyd8ys3dy5jjsb52zjz-crate-tracing-core-0.1.36.tar.gz.drv'
deleting '/nix/store/49yavqa11nfh4yg7m8myzd4g31zhyzcw-cargo-package-unarray-0.1.4.drv'
deleting '/nix/store/069hl8wplg036yq5jw9n3wrz37z7dy39-cargo-package-unarray-0.1.4'
deleting '/nix/store/vqmpkxdq5yi5wh40kiiqyyn74bcnq8yh-cargo-package-windows_aarch64_msvc-0.42.2'
deleting '/nix/store/rcsgfw72kvn55b0ad7qsf2gc7c3vfz3i-cargo-package-windows_aarch64_msvc-0.42.2.drv'
deleting '/nix/store/yivyfaqj3lwfqp3zd55k8y982y4lr540-cargo-package-clap_builder-4.6.0'
deleting '/nix/store/rl64g0z9agws8ypmg15vwvp4183w1qan-cargo-package-clap_builder-4.6.0.drv'
deleting '/nix/store/ilhb0jnn44xdfdhacyq4427a8aj5f758-cargo-package-once_cell-1.21.4.drv'
deleting '/nix/store/9xfhlb6d9mx72d46nbm9di0vxdka3h77-cargo-package-once_cell-1.21.4'
deleting '/nix/store/p66rzi7d04wvjv9dv0wgphkwfvjr9mvj-cargo-package-inventory-0.3.24.drv'
deleting '/nix/store/717sp3d1xk7zxgv0gmra71gcp2zgl4gb-cargo-package-inventory-0.3.24'
deleting '/nix/store/zn96k6mmxls7bvq0q93q75wcf1rhn8d9-procps-4.0.6.drv'
deleting '/nix/store/8nlwnhh3q7ybz65milffnw7iq19838qb-procps-ng-4.0.6.tar.xz.drv'
deleting '/nix/store/bq0m1vj7wghprvqg9q8lra8z6xaaiv31-syn-2.0.106.drv'
deleting '/nix/store/70cwzf8chsjm1zh08gpljdkh694rl1xq-syn-2.0.106'
deleting '/nix/store/rqk6bpxc5ak1sf8zjx68wcx5nsx0kfnv-ghc-exactprint-1.10.0.0.tar.gz.drv'
deleting '/nix/store/gdyl4gjs566kn93z2p2id5vr29g4rnv9-cargo-package-tower-service-0.3.3.drv'
deleting '/nix/store/pr2xx4p4qgzcx6afvmkw940av6cx8mqa-cargo-src-tower-service-0.3.3.drv'
deleting '/nix/store/137zpkx79534zb6pcy295pkx1m5wyvff-cargo-package-tower-service-0.3.3'
deleting '/nix/store/cg49ckfi0fcx0nxciimmry0nhrz0ny45-cargo-package-jiff-static-0.2.23'
deleting '/nix/store/5sc28jqw6xm8kzbzkdq21ang7wv34in9-cargo-package-jiff-static-0.2.23.drv'
deleting '/nix/store/k3span0jggqpbqcv2rahcks0cj9lrrqa-muse-policy.json.drv'
deleting '/nix/store/gvci6rjwg7ric55dsd6f6p3zyvqm6lj2-muse-policy.json'
deleting '/nix/store/qqw1djiyj5bxna3ndxp5pb8jxg38w7si-cargo-package-simd-adler32-0.3.9.drv'
deleting '/nix/store/8clzvjpimri9a8qf0f5yy1b7mzp0d9hp-cargo-package-simd-adler32-0.3.9'
deleting '/nix/store/yshw6w96h8n0y4y083ax41rxmwbmji41-cargo-package-tracing-0.1.44.drv'
deleting '/nix/store/xnm9lm6r6ll4vyxlhbgjgmhabirl9z0h-cargo-package-tracing-0.1.44'
deleting '/nix/store/mnply9i8xfll2avap0zprdwf9bpfx4j6-cargo-package-syn-2.0.116.drv'
deleting '/nix/store/126k5q0npyyp46all3blffry4qrsiks7-cargo-package-syn-2.0.116'
deleting '/nix/store/yxr0f6y8dgf0j48q0603vpbph60yljjp-cargo-package-gix-shallow-0.10.0'
deleting '/nix/store/6ymaqkgiicsz64w4h04rc29fg5ybjy32-cargo-package-gix-shallow-0.10.0.drv'
deleting '/nix/store/n2iv3cm9v3gvbhg6fvjg5k5m2sg9rwy1-windows_x86_64_gnullvm-0.52.6.drv'
deleting '/nix/store/kmq85maxjrjfvl1ia6l4bzgj6vv954c8-crate-windows_x86_64_gnullvm-0.52.6.tar.gz.drv'
deleting '/nix/store/c7mwv2qha8zvx6qz75bsl6hqynpd2619-cargo-package-petgraph-0.7.1'
deleting '/nix/store/0ap2a3clymqqx9276p0mk82kiibzhmqr-cargo-package-petgraph-0.7.1.drv'
deleting '/nix/store/x6fzkjgd37bllf8azhvv4b13mm86psna-cargo-package-assert_cmd-2.2.0.drv'
deleting '/nix/store/5mlznvh4fwrzs7az72f66yyaljzqfflk-cargo-package-assert_cmd-2.2.0'
deleting '/nix/store/swy1nxfdnx12b60k9b8nnfp6dys30hfk-cargo-package-aws-lc-rs-1.16.2'
deleting '/nix/store/flix8q7an3zdayw2m3zjcw4nmf6ir5mj-cargo-package-aws-lc-rs-1.16.2.drv'
deleting '/nix/store/zzjr8bxx0hdc08dsk5f8q3s9drpmww8r-thiserror-1.0.69.drv'
deleting '/nix/store/8vrjy4lgrrhbaq39yvp5hj3dmzx5ylgw-crate-thiserror-1.0.69.tar.gz.drv'
deleting '/nix/store/n498sl672ibvphp16rdvy182xs1aj4d0-cargo-package-cranelift-isle-0.116.1'
deleting '/nix/store/15l8fgm8rq5rz8zilk41ldyq9gx9lcf3-cargo-package-cranelift-isle-0.116.1.drv'
deleting '/nix/store/nk43mdjrailnmnrzy1mb5mgjwg2z4bxx-spacewasm-e24cf09355a90497148eb5029fdb8e3400bd63e3-corpora.drv'
deleting '/nix/store/bnyg1gycq05zcasq05z83qd0kz3lkxwn-spacewasm-e24cf09355a90497148eb5029fdb8e3400bd63e3-corpora'
deleting '/nix/store/2d6aq6zpr1sagi0j0jv1r3vddqwmc5dp-spacewasm-source-e24cf09355a90497148eb5029fdb8e3400bd63e3.drv'
deleting '/nix/store/0bw8ynkhhbxv51kc4q872vyj1dqlm5zj-spacewasm-source-e24cf09355a90497148eb5029fdb8e3400bd63e3'
deleting '/nix/store/mci9542hx4w1vxh6wycgx4aqgljj25zw-cargo-package-serde_core-1.0.228.drv'
deleting '/nix/store/kz8w1lprk5bw8m3bq4ci4krlz9kk9y0h-cargo-package-serde_core-1.0.228'
deleting '/nix/store/s7538gdrfh77b6syg673lcw34s6h4gpp-safe-exceptions-0.1.7.4.drv'
deleting '/nix/store/7bsf93jdc4ynkypwvryababcaih4i0ny-safe-exceptions-0.1.7.4-r1.cabal.drv'
deleting '/nix/store/brai493169i3dadrb2ymr6x8wibjbdfm-rust-std-1.96.0-nightly-2026-04-08-x86_64-apple-darwin'
deleting '/nix/store/a10pnsmv7fj9q14q9z8q644wcpn4p2wb-rust-std-1.96.0-nightly-2026-04-08-x86_64-apple-darwin.drv'
deleting '/nix/store/s43x3nd8i008c2kiaqfv2v6sn1n5hpk5-qwen36-execution-identity-0.1.0.drv'
deleting '/nix/store/rc2s8vdalz9rdyhqn2s0z9rznyznk2ha-cargo-package-vt100-0.16.2'
deleting '/nix/store/pa9flv1c5nv9ga5rqsq1zd19009nyhjs-cargo-package-vt100-0.16.2.drv'
deleting '/nix/store/ff9xn7hhlyw9jl3gq7lf31jlypm6452v-cargo-src-vt100-0.16.2.drv'
deleting '/nix/store/ll1a6mqm08vbz24fs0xfx9g04yz2jkdf-cargo-package-web-time-1.1.0'
deleting '/nix/store/8nl89wi9fpm0vl0fmxrrv26p7hx015y5-cargo-package-web-time-1.1.0.drv'
deleting '/nix/store/i80y2z97x768l72hp91psslm3xwim5xc-cargo-package-nix-0.31.3'
deleting '/nix/store/40r84diynqwd84alldm0v5jpxr0s12ry-cargo-package-nix-0.31.3.drv'
deleting '/nix/store/fg7caz0qv2r6bivbf37k11mc2mknjknc-cargo-package-virtio-bindings-0.2.6'
deleting '/nix/store/0jl3ir7xpmxp6imz7vkz1imlnw4if6d4-cargo-package-virtio-bindings-0.2.6.drv'
deleting '/nix/store/hqy92n5asv4yy36zg4xdsdrc5vzdn9kc-cargo-package-num_enum-0.7.6.drv'
deleting '/nix/store/2y01i91vh65a55sr8hvrlmbi8nrifsf0-cargo-package-num_enum-0.7.6'
deleting '/nix/store/j68rzmjf5d4zd83pzfmwmm8cgfhbcxg8-cargo-package-libbpf-rs-0.26.0'
deleting '/nix/store/3qnq7afshiln2q5l7b1324hwmh1v7xh3-cargo-package-libbpf-rs-0.26.0.drv'
deleting '/nix/store/ma5mkrjnp50g4ja36gznwz52b44r1h7g-cargo-package-bytes-1.11.1.drv'
deleting '/nix/store/kpj17rbibcw1vjjqiiay11nxzi2jnk3c-cargo-package-bytes-1.11.1'
deleting '/nix/store/5aml9r5av75z9x97yxba1cxd1g1qhiib-cargo-src-bytes-1.11.1.drv'
deleting '/nix/store/vm9dbg0kqwh5iwma1bl09a2938cvvjg8-cargo-package-gix-ignore-0.19.1.drv'
deleting '/nix/store/ppcxxd4gf4dgacwx2n1j23lgcci91iag-cargo-package-gix-ignore-0.19.1'
deleting '/nix/store/k2c66jh75h1fv79z3fhflyy0gvcaf39s-cargo-src-gix-ignore-0.19.1.drv'
deleting '/nix/store/dxf7k37dmxpqgakdc7n6fl7x2jiv2yg2-pnpm-10.34.4.tgz.drv'
deleting '/nix/store/irp56y8fc01s379ar0lkshf0z2q9dawj-cargo-package-criterion-plot-0.5.0'
deleting '/nix/store/8544q42wb6xcvmw4a0wqk5d5gy134pci-cargo-package-criterion-plot-0.5.0.drv'
deleting '/nix/store/k2hpcdjj61y6k4by7cnsag1fpc3an7yl-cargo-src-criterion-plot-0.5.0.drv'
deleting '/nix/store/x1h6kkl416jwsp7m3yqpxqmv4030gjq2-cargo-package-cc-1.2.59.drv'
deleting '/nix/store/wgp330c1k0j03gqmhj1gnfw6f72cdla9-cargo-src-cc-1.2.59.drv'
deleting '/nix/store/n1gllvqdc5gphvfxmli8ddn9v7rwxdpc-cargo-package-cc-1.2.59'
deleting '/nix/store/wyc363w93c3cby1v6rqbqz141lff38iq-cargo-package-quote-1.0.45'
deleting '/nix/store/nc8lhs2xkvh7rsyfjqvvvzxi0b3qbahd-cargo-package-quote-1.0.45.drv'
deleting '/nix/store/903zqpl4a3jd1py6v9xjdfbxw86iin9p-cargo-package-windows_aarch64_gnullvm-0.53.1.drv'
deleting '/nix/store/0q6yqxfq6k9zn126bsxnbd3kjmlvgzsh-cargo-package-windows_aarch64_gnullvm-0.53.1'
deleting '/nix/store/myicpgphrc2ilg9smrfg3wxll9zrna02-resourcet-1.3.0.drv'
deleting '/nix/store/six9kbnqnjdwkqcvgzh4gp4pw0icanrl-resourcet-1.3.0.tar.gz.drv'
deleting '/nix/store/88q7yvkrdd2lx560ip8xyj43l9xqrfip-cargo-package-io-lifetimes-3.0.1.drv'
deleting '/nix/store/2nmg9b9adb451036iqvvsyczhzxr5di2-cargo-package-io-lifetimes-3.0.1'
deleting '/nix/store/v065x9c6as6zfzh2dlmvj1lcl5qkab8w-cargo-package-jiff-0.2.20.drv'
deleting '/nix/store/sb8g68i382h0cig33w4gigan8pzbazi9-cargo-package-jiff-0.2.20'
deleting '/nix/store/x3xm43rfz7xi8wjr3nn7pm6y2zj0jxx7-cargo-package-num_enum_derive-0.7.6.drv'
deleting '/nix/store/6bkybn5f5sin70sq70kpq7gb9flhgdgg-cargo-package-num_enum_derive-0.7.6'
deleting '/nix/store/y7cymajn5dsjkx3nl0ia3l3mxqvp9yli-lld-21.1.8.drv'
deleting '/nix/store/v64aggksnpk4lwng8ivglwcj6qpzvriz-lld-21.1.8-dev'
deleting '/nix/store/rwc6qkv8qbmcam7sj3lmyi1hapz57wvz-lld-21.1.8-lib'
deleting '/nix/store/2c5r0kpn5yb8qsvfw77j8h63pklij8rq-lld-21.1.8'
deleting '/nix/store/rc33i6in6cqzr1qkbzdb0h4msw56vgnz-cargo-package-bzip2-0.6.1.drv'
deleting '/nix/store/j1dghgilfl9g4iss3101r2s7gkz27a0p-cargo-src-bzip2-0.6.1.drv'
deleting '/nix/store/gydqyqm9z4r2kcpwb40fj0wmfkqsh5zc-cargo-package-bzip2-0.6.1'
deleting '/nix/store/py2yshmizyibzab9gxsb0mpv59jks19z-cargo-package-time-core-0.1.8'
deleting '/nix/store/dhrbzlqvw7cf5sdfj920sysrgmqyl7rx-cargo-package-time-core-0.1.8.drv'
deleting '/nix/store/qilm6kxqkh20dx9fhjwgy4wv7ncs5m1s-cargo-package-h2-0.4.13.drv'
deleting '/nix/store/dyc0q0a6mbnd3apl3zwl84pi86vp4i56-cargo-src-h2-0.4.13.drv'
deleting '/nix/store/9xpn9acs0bpfh7jjc6pa17f23s5m5ycb-cargo-package-h2-0.4.13'
deleting '/nix/store/7xl3y2z9c32sqs5in855jcwiwlmbb9ja-cargo-src-gimli-0.31.1.drv'
deleting '/nix/store/la8l0kbga1n0pva62q1k3sadbfa8z6n8-cargo-src-crossbeam-epoch-0.9.20.drv'
deleting '/nix/store/qy2idhgs11x6n3296kz7x1g6bvd1vnqa-cargo-package-openssl-probe-0.2.1.drv'
deleting '/nix/store/7zs8l0gkxy0man8abn8j4anrvzdff2l8-cargo-src-openssl-probe-0.2.1.drv'
deleting '/nix/store/1ap3phkvsii2hc1qgdx6x9nkfjzp8yby-cargo-package-openssl-probe-0.2.1'
deleting '/nix/store/5yw91pzss090rdlxwy9r56rx3v0jhfp0-getrandom-0.2.16.drv'
deleting '/nix/store/fy9i25fgd7fzgz5sgc4ag0ka8v5s86k9-cargo-package-hex-literal-0.4.1'
deleting '/nix/store/0v72nhjhs3xqajm89zh46kipsbs85yjp-cargo-package-hex-literal-0.4.1.drv'
deleting '/nix/store/8b92yq4rs544hsxgdd4zn5bpgf80y4c5-cargo-src-hex-literal-0.4.1.drv'
deleting '/nix/store/kwj67z3ac156jn84v264wwpfjchdh4wj-cargo-package-libc-0.2.183'
deleting '/nix/store/8ai6n22chjbwqrd5y69jqzc2lv8bxj8a-cargo-package-libc-0.2.183.drv'
deleting '/nix/store/si3lrcw6rkld5hw98p65hadnb5csyk2p-cargo-src-libc-0.2.183.drv'
deleting '/nix/store/5brlf55hicwyh3dxwjn4yblyd9qrz5sz-text-iso8601-0.1.1.tar.gz.drv'
deleting '/nix/store/6lxiq6qd77xcpywsaxidlp7dz6fs9gm4-strict-0.5.1-r1.cabal.drv'
deleting '/nix/store/4hcdpxjmr4nh625ry840g70xp00vdf5a-2.71-fix-race.patch'
deleting '/nix/store/z9927xjkq2jhqrbf290plb148kz885h8-cargo-git-https-seed.radicle.garden-z2pbwQ4Zd52M4oC1W9bLT3nQem9ay.git-cad5a7cb6c6502b0ec5dc76c51e03352260d8efd'
deleting '/nix/store/rj0b608lf91s2jq7in1qqwhpgavircxl-cargo-git-https-seed.radicle.garden-z2pbwQ4Zd52M4oC1W9bLT3nQem9ay.git-cad5a7cb6c6502b0ec5dc76c51e03352260d8efd.drv'
deleting '/nix/store/4g0dn4mbds9kc6schgqmhvbd7sh0551s-octet-consumer-check.lock'
deleting '/nix/store/g7d8cq1hds2ass5niy3vgrxd7z8kh12m-Cargo.toml.drv'
deleting '/nix/store/nwf1aga8jhyl8smymwjzkdj2vdg94hwy-cargo-package-heck-0.5.0'
deleting '/nix/store/mcvsdpv6ixnn5p1kpxagsj0hgrw408q5-cargo-package-heck-0.5.0.drv'
deleting '/nix/store/6qnqjks0qk5aipy6magl8j1438xqyhkz-rustc-nightly-x86_64-unknown-linux-gnu.tar.xz.drv'
deleting '/nix/store/pjpisd395r4s2f2naxlmq88sspjk041f-cargo-package-tower-0.5.3.drv'
deleting '/nix/store/hr4wg5cc545dzra6yz41992dpc8hjq4z-cargo-package-tower-0.5.3'
deleting '/nix/store/yrny3vkpjniyx4ww30cbb6b3vrwnz6wk-cargo-package-gix-bitmap-0.3.0.drv'
deleting '/nix/store/pasaf3a684l106plan7633f8mz9m9wd5-cargo-package-gix-bitmap-0.3.0'
deleting '/nix/store/rp82zwrv8l50zpylbqzv0a7hqnmzxlvx-cargo-package-pulldown-cmark-0.13.3'
deleting '/nix/store/f0qdv05530m08ig0qk7xzvfaxf31zfx3-cargo-package-pulldown-cmark-0.13.3.drv'
deleting '/nix/store/34ffv2mswldjk1mrbw7w0bp70n799mcn-cargo-package-time-0.3.47'
deleting '/nix/store/12glc667g7r5yvc878nfwm96nrsj5ni3-cargo-package-time-0.3.47.drv'
deleting '/nix/store/j327sdk2ms1r31hxqjqyp6lfj71r2293-cargo-src-gix-features-0.46.2.drv'
deleting '/nix/store/vgz6x822m808crk3z82zxdicbygypmla-cargo-package-backtrace-0.3.76.drv'
deleting '/nix/store/42pal6xrww9hq6rjab2q50wk37xw3ph8-cargo-package-backtrace-0.3.76'
deleting '/nix/store/y5bz7dr7l4n4jz320x8y152f05mmwr4g-cargo-package-wit-bindgen-0.51.0'
deleting '/nix/store/xhk95szc6ckja80hbrlmrx4xiwdqw3cb-cargo-package-wit-bindgen-0.51.0.drv'
deleting '/nix/store/pwi6rh615h8fazv6r2sj51kfxfmzvs0d-cargo-package-erased-serde-0.4.10'
deleting '/nix/store/lq3qy07sqprhbxdl0mbijygpqx6nqfk7-cargo-package-erased-serde-0.4.10.drv'
deleting '/nix/store/v90l2alzfb69n1psmf51cqjd7y18whxh-cargo-package-ppv-lite86-0.2.21'
deleting '/nix/store/182vpp7q8nmd7q5rn9ab6ph5w5azfpa8-cargo-package-ppv-lite86-0.2.21.drv'
deleting '/nix/store/rwvhsf6hna1j3sgw20f1b4gl9mp5w9vr-libtool-2.4.7.tar.gz.drv'
deleting '/nix/store/4vb0v4mfdhsajgwjp0icsc9pva6r24rz-network-uri-2.6.4.2.drv'
deleting '/nix/store/4bvap27krwxgi0lmvqq6mkl1a92083xv-th-compat-0.1.6.drv'
deleting '/nix/store/2dmj8gik2wp95r9056b7kp7jx21xk8c8-th-compat-0.1.6.tar.gz.drv'
deleting '/nix/store/0jb7y65ax8p6ay8gn282s0njdis9cvyc-swtpm-0.10.1-unstable-2026-05-21.drv'
deleting '/nix/store/n0m4k9jh5bfq0fxbdayqssb80hcp69ph-libtpms-0.10.2-unstable-2026-05-06.drv'
deleting '/nix/store/p143hfa673ly1h0mm27bf7s8bigbn4pd-cargo-package-async-stream-0.3.6'
deleting '/nix/store/b48p3ckv4r99bwrp8jwmxs12yayl8vpj-cargo-package-async-stream-0.3.6.drv'
deleting '/nix/store/74kxr1lkvl8j10sccd15ychiv5d05adn-cargo-src-tower-layer-0.3.3.drv'
deleting '/nix/store/1r8lwb1j95hs9wkm35x11zc1ajyajrhf-libksba-1.8.0.drv'
deleting '/nix/store/y8zz4fl1azx0a0211drfqj1rca08759v-libksba-1.8.0.tar.bz2.drv'
deleting '/nix/store/qqjg2l2k0m4735qfnvwbqidwz0rpary3-cargo-package-hyper-1.9.0'
deleting '/nix/store/fa3dych03nq50mgi7ssvi64yg70hc2rs-cargo-package-hyper-1.9.0.drv'
deleting '/nix/store/nik717pbijqh6h875h6q1i3bmysna2xz-cargo-src-hyper-1.9.0.drv'
deleting '/nix/store/qh64f68rvaxlq0x9y8kza8fzpkf6l4m8-cargo-package-gix-config-value-0.17.1.drv'
deleting '/nix/store/hsj7lalwzzpj1rl1dxapxzyzbz2n2n2j-cargo-package-gix-config-value-0.17.1'
deleting '/nix/store/jvv55152mydsg6m2naazxcylb1hhyxgp-ce8d8535276a2e41878981a8199232986ab96c6b.patch.drv'
deleting '/nix/store/i6jkfhdkxmjr7s1d75r24v7ivi8d7pdb-windows_x86_64_msvc-0.52.6.drv'
deleting '/nix/store/i3533xhawyhg546a8p0h0bcfszaz4gk6-crate-windows_x86_64_msvc-0.52.6.tar.gz.drv'
deleting '/nix/store/rlddy8a1v5vqg7i0yg2acdpi8bj5v7y7-cargo-src-litemap-0.8.2.drv'
deleting '/nix/store/hyj9yh64k6xh0ynsav9r1zs506g3mb7w-cargo-package-nickel-lang-parser-0.3.0'
deleting '/nix/store/c3gr3hx55lcdxv318ss1y0jfqk78may8-cargo-package-nickel-lang-parser-0.3.0.drv'
deleting '/nix/store/9xfdybh3n4kbkykj7ayg3xi0wp9h8w49-tinystr-0.8.2.drv'
deleting '/nix/store/ycs0r6kf7fgadr2r4xm432x7b9sc7y32-cargo-package-plain-0.2.3.drv'
deleting '/nix/store/cj7ksxcg88dsb2cr5kqkmyqrg50bpwji-cargo-package-plain-0.2.3'
deleting '/nix/store/lii4ah9zpsq4y2ffi2hdpadi7gfgjvhh-windows_aarch64_gnullvm-0.48.5.drv'
deleting '/nix/store/lakfyp9mgikbl28vbfjyqiymbbx49hmx-cargo-package-windows_i686_gnu-0.53.1.drv'
deleting '/nix/store/wi4lczz2nfwkk8md1wj2fgd5sm7anifa-cargo-src-windows_i686_gnu-0.53.1.drv'
deleting '/nix/store/9mvxk4llm4fiqaasi56sz8ml9w5x4rq7-cargo-package-windows_i686_gnu-0.53.1'
deleting '/nix/store/il2y71wc5bak033cn553mfhwi5slrn0r-Cargo.toml.drv'
deleting '/nix/store/j9y354c7zj801m1xdgixldaarskky61b-cargo-package-encode_unicode-1.0.0'
deleting '/nix/store/g1d4km3hs36d1wv5rxbx91q90hals6wq-cargo-package-encode_unicode-1.0.0.drv'
deleting '/nix/store/yb2yirc2xdq5l8risjy30fm63zfxr9sx-cargo-package-unicode-width-0.2.2.drv'
deleting '/nix/store/00sxbikyixf5h8cxwdnmj4j8w7v9bflz-cargo-package-unicode-width-0.2.2'
deleting '/nix/store/h93zrglskcshnidn3s4glwnw5k5x6nfi-cargo-package-windows_x86_64_msvc-0.48.5'
deleting '/nix/store/bli99kv2ab3r1alqlnsqzaa1a0z6yqfk-cargo-package-windows_x86_64_msvc-0.48.5.drv'
deleting '/nix/store/1p2q1pyfr3590kl97mz0vvmz2jr8d96f-cargo-src-windows_x86_64_msvc-0.48.5.drv'
deleting '/nix/store/bbp7xbhw7d492q2k8f0q5iqvxxxvsv5x-cargo-package-arraydeque-0.5.1'
deleting '/nix/store/8b18w8630rb9nx1pkdz74lfzd245jnxb-cargo-package-arraydeque-0.5.1.drv'
deleting '/nix/store/2c7pr1b4z6vnnwlk93nh9pyfcwyq8wfc-windows_i686_msvc-0.52.6.drv'
deleting '/nix/store/614cxmq3fra2g53zx2jd5p27gnsp8zhr-waker-fn-1.2.0.drv'
deleting '/nix/store/v2pzmj3cywa99lv5ppdlkqcpf547h1cj-cargo-package-windows_x86_64_gnu-0.52.6'
deleting '/nix/store/378ic6k6rs8zg4gnd1fijzl8v9jhpzyf-cargo-package-windows_x86_64_gnu-0.52.6.drv'
deleting '/nix/store/dr90b2ysjg2yi7pxxp4cp6gyq32sc3zs-cargo-src-jiff-static-0.2.23.drv'
deleting '/nix/store/n5gn7p8zs31l0s262mzzws5qy5bz8ad2-cargo-git-https-git.onix.computer-z2CpqLFpdP36fZXYUK5ZNWxMibpCo.git-29dac88ecded94457572db3fdfaaaab95fa91525.lock'
deleting '/nix/store/zhn4f9kmypr6ickdx5gjv2p7c56xqq7x-cargo-vendor-dir.drv'
deleting '/nix/store/iql0i7q9xbjs9cbhivx4klvd0myqyn2p-cargo-vendor-dir'
deleting '/nix/store/yw04z1gibjr2bjkbbvgs0iwv20mvy6qr-cargo-package-toml_writer-1.1.1+spec-1.1.0.drv'
deleting '/nix/store/frn37ga4g03kjg6ynlp77j1m4cndcvfs-cargo-package-toml_writer-1.1.1+spec-1.1.0'
deleting '/nix/store/4qwrr20s5w65g725752bscd686d8r0yd-cargo-src-toml_writer-1.1.1+spec-1.1.0.drv'
deleting '/nix/store/5z0089jdnlq1s7039n6q8dcchqzvzk91-cargo-package-yansi-1.0.1'
deleting '/nix/store/032gyyy81kn2lxmkps7l6ygb3bwnws9n-cargo-package-yansi-1.0.1.drv'
deleting '/nix/store/ddqxc9wm5q3v4dizqwwwvs90nhcajndf-mmorph-1.2.1.drv'
deleting '/nix/store/yqz0x9mvphyb359kbds7xiyvv8jygpsr-mmorph-1.2.1.tar.gz.drv'
deleting '/nix/store/2liczb0xlvm0za6mbpx1v7lz2pdgfxhy-tree-sitter-0.26.8.drv'
deleting '/nix/store/q2p3jkr4pmlzicx34zfx1yq8hf6lip7h-tree-sitter-0.26.8-vendor.drv'
deleting '/nix/store/44qhjkrcjwm79pmb506k50pkh2gzs515-tree-sitter-0.26.8-vendor-staging.drv'
deleting '/nix/store/pgdd0h6k1xgn88vic8jdwqb6gyr99syv-cargo-package-chrono-0.4.43'
deleting '/nix/store/cnsaxszkmb3igqkxg6j8yyhql6dcpvhb-cargo-package-chrono-0.4.43.drv'
deleting '/nix/store/j7fqsnvm6yvpxbc6413dvc13fna4hlrk-cargo-package-wasip3-0.4.0+wasi-0.3.0-rc-2026-01-06.drv'
deleting '/nix/store/609pwc8618lgxrn8jz529hqprjagh4qr-cargo-package-wasip3-0.4.0+wasi-0.3.0-rc-2026-01-06'
deleting '/nix/store/z937b27zbyiw17alhvl75jx5vfimacgf-cargo-package-generator-0.8.8'
deleting '/nix/store/y915rvz8z79wgrl17fvij9picmz5j3gi-cargo-package-generator-0.8.8.drv'
deleting '/nix/store/571kw2j16jndpnjcgcar757makjjrdi2-cargo-src-generator-0.8.8.drv'
deleting '/nix/store/q237az6dprjylwwhjcghrz0w8dvj93k5-cargo-src-vmm-sys-util-0.12.1.drv'
deleting '/nix/store/bmzy2hhgri5kcgvhwm68n4y5582cbdkq-core'
deleting '/nix/store/8qb953i5w5sah3qsn1lm7n70wz5vaddq-lld-src-21.1.8.drv'
deleting '/nix/store/00asqnxrw7nm27xhnrljvmphv4lxi2hz-cargo-src-n0-error-macros-0.1.3.drv'
deleting '/nix/store/hkj1056sc5wh2bzicn51lxsj2pdypvzi-cargo-package-gix-object-0.58.0'
deleting '/nix/store/hfmg6xjw4wwcj4hm3qqjizvl259xcp7s-cargo-package-gix-object-0.58.0.drv'
deleting '/nix/store/q84805c8p9xz2zlhwcp3pxfqlrvp2cmz-cargo-package-toml_parser-1.1.2+spec-1.1.0'
deleting '/nix/store/d5ss57ww37fgim8sg3hc7mlcqk4vljcd-cargo-package-toml_parser-1.1.2+spec-1.1.0.drv'
deleting '/nix/store/3a076k5jfaki9h7lhv47mfw3iszx1w6f-cargo-package-crc-fast-1.10.0.drv'
deleting '/nix/store/9rmyrx6jxg85a7wsqxa5fqxcq3anfvzr-cargo-src-crc-fast-1.10.0.drv'
deleting '/nix/store/341nxiw3b9ld7bqzlpm6czwxvc7i65ww-cargo-package-crc-fast-1.10.0'
deleting '/nix/store/pzsvm16qj0csnfyp1l5qvgxf4qynq2f8-chaoscontrol-fmt-0.1.0.lock'
deleting '/nix/store/yss0d2inajr0y0h77rl4nxpsm4m8vcjk-camino-1.2.2.drv'
deleting '/nix/store/vdsn7r9xzpy6wzw580mzqnnj0zah3n1a-cargo-package-supports-color-3.0.2'
deleting '/nix/store/jv7ag2khj1dc809654sb2jgbsb1kva90-cargo-package-supports-color-3.0.2.drv'
deleting '/nix/store/bjw4bxdxg6bv06igx1zbrl4azkij4rlx-derive_arbitrary-1.4.2.drv'
deleting '/nix/store/ml92xb5gly36bribjf8l0vxw8mw3hgjs-crate-derive_arbitrary-1.4.2.tar.gz.drv'
deleting '/nix/store/acbam4si6ryld7kz9781sqsb0bmzg54j-derive_arbitrary-1.4.2'
deleting '/nix/store/ml9fznr7w7z9kxwk498q3lnafirl0w26-Diff-1.0.2.drv'
deleting '/nix/store/fgyaicgxwvirhvrvm89ag5l2zs33rp5b-base64-bytestring-1.2.1.0.drv'
deleting '/nix/store/3lx447jfgvkkkrd3m7qycvah580nkb2g-test-framework-quickcheck2-0.3.0.6.drv'
deleting '/nix/store/0b02jmgiz4fp147f53glzr5zvp9l9arv-test-framework-quickcheck2-0.3.0.6.tar.gz.drv'
deleting '/nix/store/6xl9vgisxxh40wv04hx1j16927pkqd48-Cargo.toml.drv'
deleting '/nix/store/ck1blx8wxqwjp2lz6v9jb285nhf9bhp5-cargo-package-potential_utf-0.1.5'
deleting '/nix/store/87wc2zk0135xjwq535diijrza4ywz97c-cargo-package-potential_utf-0.1.5.drv'
deleting '/nix/store/dnx64gxa00hbzfyna36psd52ds3m0b3b-cargo-src-zstd-safe-7.2.4.drv'
deleting '/nix/store/0znajs4jjw0ymb2d6kw1zasa8hq2bjs1-boring-0.2.2.drv'
deleting '/nix/store/gygvqgswc0jk0lw5yld1c2kxs1744m0w-boring-0.2.2-r1.cabal.drv'
deleting '/nix/store/8zlkd5l3qy935pmzyb61w1bhnizmf2pr-crossbeam-epoch-0.9.18.drv'
deleting '/nix/store/yd1drrgm3cjf4byby7yxggf7c6is0ijg-crate-crossbeam-epoch-0.9.18.tar.gz.drv'
deleting '/nix/store/y7s34z2dkhvgjgjdb9zwm7zbzq1k0711-add-hardening.sh'
deleting '/nix/store/k4db45cj52bainl84ykd9fgbxf8zp3ma-tasty-hedgehog-1.4.0.2.tar.gz.drv'
deleting '/nix/store/fs60c9ylzgv48q941hhxcplfxi6aw5aa-cargo-package-dashmap-6.1.0.drv'
deleting '/nix/store/1lr65r08brwlapbz4j20c4yhamsgrpgb-cargo-package-dashmap-6.1.0'
deleting '/nix/store/dfkmlycafn1r45b21x1sbyal6zy73x9f-linux-6.19.tar.xz.drv'
deleting '/nix/store/hwavx7z16qiv62q9bxy6isp4y2slb6xq-cargo-package-zerofrom-0.1.7.drv'
deleting '/nix/store/fxs0l7m9m4mp53w2qsprpv0sp41s9vgp-cargo-package-zerofrom-0.1.7'
deleting '/nix/store/s350n86lzif663fnqjjp080figsyn9k4-cargo-package-typed-builder-0.22.0.drv'
deleting '/nix/store/fm75yzzg7i4gmcf2b9kw0npab2wq50ra-cargo-package-typed-builder-0.22.0'
deleting '/nix/store/cz7bg43986lx4a640pqh5xlj222ps9cb-cargo-package-nu-ansi-term-0.50.3'
deleting '/nix/store/1dfpdf5bjkf9kgz0plv6y91q5pmkv6yv-cargo-package-nu-ansi-term-0.50.3.drv'
deleting '/nix/store/x9yyaihbrdinxcm3nfbx6z5h3ilwbfnn-workspace-retention-check'
deleting '/nix/store/2m9mc630cf1g6fjfas8wrs6jcc8gd7z1-workspace-retention-check.drv'
deleting '/nix/store/vhimwxw0r067fdx7bqs9b1b54nw658qv-windows_x86_64_gnu-0.53.1.drv'
deleting '/nix/store/qc4ygln9m887bnqddj0dmi6361j4kjba-cargo-package-gix-0.81.0.drv'
deleting '/nix/store/spvy6g3a5dfwnbl8d7zpbj34zlgbq1ng-cargo-src-gix-0.81.0.drv'
deleting '/nix/store/pmk3kgg8w61hxm8p7wq8f40vfn1c8jpn-cargo-package-gix-0.81.0'
deleting '/nix/store/rr4h2z22dzb77dzfwanf3vavlcamd82v-rustfmt-preview-1.88.0-x86_64-unknown-linux-gnu.drv'
deleting '/nix/store/nk01c2pph12kcwr81g34gzfzvs4zwhh0-rustfmt-1.88.0-x86_64-unknown-linux-gnu.tar.xz.drv'
deleting '/nix/store/07nnax65fbcsqj6xdzg4bjpl27mng4dm-rustfmt-preview-1.88.0-x86_64-unknown-linux-gnu'
deleting '/nix/store/rg9gzyaxmk1pgi1x0shchhv23al9gfjk-cargo-package-strip-ansi-escapes-0.2.1'
deleting '/nix/store/9bf9mas1a02nh783dlp1hr8iggl6dk2v-cargo-package-strip-ansi-escapes-0.2.1.drv'
deleting '/nix/store/w2ydywvfaxww3g2kg995vf3jdxy27ryi-libffi-3.4.4.tar.gz.drv'
deleting '/nix/store/hcjq3bl2haimqykpmaxb1dv87wqnr58p-cargo-package-ref-cast-1.0.25.drv'
deleting '/nix/store/iccmm99y9vy87k8wada00vnwqqgmdj0n-cargo-src-ref-cast-1.0.25.drv'
deleting '/nix/store/d1vjz39hir77a054njmhqswrbq5l47b6-cargo-package-ref-cast-1.0.25'
deleting '/nix/store/l0hdlny7r2mpfyppndvy4a0w38n0n2s5-cargo-package-defmt-0.3.100'
deleting '/nix/store/34840f0nz0bz2lva3zazkq97s1cs19cb-cargo-package-defmt-0.3.100.drv'
deleting '/nix/store/r1p256ldpfrma5gqir4syxm7qhkcwfkg-cargo-package-defmt-1.1.1.lock'
deleting '/nix/store/k2b3g650lh92qlmahvadd5gimh2m657n-cargo-package-rand-0.9.3'
deleting '/nix/store/76k9f6asrlszg0cs70ghzyj98gy9s1qz-cargo-package-rand-0.9.3.drv'
deleting '/nix/store/a6b395gqx9k4wvprx5w9qzaa1hsxmzpp-cargo-src-rand-0.9.3.drv'
deleting '/nix/store/qvaqf697iw1rrghga5m7za811dv2fyza-windows_x86_64_gnu-0.52.6.drv'
deleting '/nix/store/3czaar9sp5g1dqmls3d3dpvf5dbx3s00-cargo-src-crc32fast-1.5.1.drv'
deleting '/nix/store/zzpw1z9lzs6vssl1i20qy4zx5im0w4h2-source'
deleting '/nix/store/lfd24h2psxsr88vnkkyhcrg89qsmda1f-cargo-package-virtio-queue-0.7.1'
deleting '/nix/store/fyhkfg509h47q63i37rm93n8l9zs30ps-cargo-package-virtio-queue-0.7.1.drv'
deleting '/nix/store/vhspp9ka51isi30p2ddz99gh9l0r4dzf-cargo-src-virtio-queue-0.7.1.drv'
deleting '/nix/store/kajgqskkna8cqpqplaj2axrlljk3rcp3-spacewasm-reference-profile-export.lock'
deleting '/nix/store/qldwhmzkk1ysp7yslz6vsy06q1gd4ap8-cargo-package-gix-blame-0.11.0.drv'
deleting '/nix/store/jpj2ycpnmg8sfi0znf096zwc0z38kxdb-cargo-package-gix-blame-0.11.0'
deleting '/nix/store/0fr787kgjmpkn8rmaaf1zily1dgk4whm-nodejs-install-executables.drv'
deleting '/nix/store/xvb5im4w55y8iq83sjwmjwml4pfhx7xc-cargo-src-env_filter-2.0.0.lock'
deleting '/nix/store/v6l9rzck762rs4cdjxj4wb8qv7i5a2cy-cargo-package-iana-time-zone-0.1.65.drv'
deleting '/nix/store/d70zcshwdzg64g07nf42l0pz8knagg6h-cargo-package-iana-time-zone-0.1.65'
deleting '/nix/store/dl2260rx69g5mbxkql891k87dfqki3qp-cargo-package-camino-1.2.2.drv'
deleting '/nix/store/9hvhc7g9q6k84m2wb4k0i8j5si2pkd1l-cargo-src-camino-1.2.2.drv'
deleting '/nix/store/6n2my46jcc8pr3hc74gir5h83gy4671g-cargo-package-camino-1.2.2'
deleting '/nix/store/h7hpwkclfxbh091xb06lyhpznn3f81j4-cargo-package-nom-8.0.0'
deleting '/nix/store/6pm5kwyrn2a3yybkjdkcmiybdli1paxw-cargo-package-nom-8.0.0.drv'
deleting '/nix/store/fsyy9lns3knznvnb5fnlzxgchb8xvx5c-cargo-src-nom-8.0.0.drv'
deleting '/nix/store/xxql150lp664npkc4qd4l6jfp28dycbf-pretty-show-1.10.tar.gz.drv'
deleting '/nix/store/w9322hwlcqsjyfhh2rsd9bcya5lbrpyx-cargo-package-jni-sys-0.4.1.drv'
deleting '/nix/store/ic83qg8g1x8wab7ca2nizzqskcm1k2j4-cargo-package-jni-sys-0.4.1'
deleting '/nix/store/46vrnipr56b909l17xpyjl5gfvhg971m-cargo-src-jni-sys-0.4.1.drv'
deleting '/nix/store/w637pblmp0rdmc9cn56fp7iagxdznisj-cargo-src-mime-0.3.17.drv'
deleting '/nix/store/mvrzxyrfvmz3mw6ybndm553ifmfww8m1-cargo-package-anstyle-parse-1.0.0.drv'
deleting '/nix/store/1924788nzihrj2xiran9j98213qpjhdy-cargo-package-anstyle-parse-1.0.0'
deleting '/nix/store/g793fahpv9mwdmi46ssan35v7ncb1yi9-cargo-package-relative-path-1.9.3.drv'
deleting '/nix/store/5v3sarqpx8r144ka9v9cil4clhadw28c-cargo-package-relative-path-1.9.3'
deleting '/nix/store/vk16sv19bwkdiwq02vn6blps2cmcpcnn-cargo-src-syn-2.0.116.drv'
deleting '/nix/store/9l42rgj5fwh33bx7yxa34rad04f15mx5-cargo-src-icu_collections-2.2.0.drv'
deleting '/nix/store/knr38jylag25q2yfhm8hxbhm9gnjah7m-cargo-package-base64ct-1.8.3.drv'
deleting '/nix/store/44m50r4y2j1sy0dhwh5ysg23p820bdd5-cargo-package-base64ct-1.8.3'
deleting '/nix/store/qkc0naqm5z8sb3f9q3f30xp326ll9i7l-chaoscontrol-clippy-0.1.0.drv'
deleting '/nix/store/wjk1fwiqv46yhwy7hv276m9aw3amca61-octet-consumer-check.lock'
deleting '/nix/store/m0m0s3mckfd26kcjg9rnx883pfk0c0p6-cargo-package-nonempty-0.12.0.drv'
deleting '/nix/store/c3bhz0z9nympw7b6m6k25cxmi88aqy5x-cargo-package-nonempty-0.12.0'
deleting '/nix/store/wmhjl7ls2r898956l3agpqgmy4wbq25y-autoconf-archive-2023.02.20.tar.xz.drv'
deleting '/nix/store/5jiwv8ha6g9d4db131xklkqss9ihkz4w-cargo-package-thiserror-impl-2.0.18'
deleting '/nix/store/5hqjgr3xln8k133vladpkndyzs3kwa4z-cargo-package-thiserror-impl-2.0.18.drv'
deleting '/nix/store/qhivz9ag0zpadi1qbwhaj4xjcrsxymrs-cargo-package-thiserror-impl-2.0.20.drv'
deleting '/nix/store/x4vgypb4zb5g2bfmqasblkkaqzq3id05-cargo-src-thiserror-impl-2.0.20.drv'
deleting '/nix/store/lpxvackwzsz4l5pi999zl864pp4w6kjl-rust-src-1.98.0-x86_64-unknown-linux-gnu.drv'
deleting '/nix/store/bk2h8n00jgyzqhnncfq1vxqgp71p1c7a-rust-src-1.98.0-x86_64-unknown-linux-gnu'
deleting '/nix/store/hw1wgvrcz2j7cnxd56bi34xr6p7pc171-diffutils-get-version-3.8.drv'
deleting '/nix/store/g7d3ccsqxxg8sw3x9l563v6asb6h4rlv-xz-get-version-5.8.3.drv'
deleting '/nix/store/0brypcsmz7160dyfdfnnnqbfmp8lvfy4-diffutils-3.8.drv'
deleting '/nix/store/0dpycpy1hz7sccz9w6a9vc22zfzc17hd-xz-5.8.3.drv'
deleting '/nix/store/qhlg6v0xi1jsyyaid0knrdj98kqb9pjb-cargo-src-twox-hash-2.1.2.drv'
deleting '/nix/store/60yycf03gmp1v2ivxlbz79d1r94b006r-anstyle-1.0.13.drv'
deleting '/nix/store/wqqg5bmzn5scfqxlx4gyriqhyw34dp8m-crate-anstyle-1.0.13.tar.gz.drv'
deleting '/nix/store/rkfglwshw9wklx2v1lmvxbv57gi5kn1k-cargo-package-gix-mailmap-0.32.0.drv'
deleting '/nix/store/7li0s8jx7zi3vfkhf17m2zkz15z1v1mj-cargo-package-gix-mailmap-0.32.0'
deleting '/nix/store/6nhgkiss9580j6gpk3b8hi2ai86xh07k-cargo-src-toml_edit-0.25.10+spec-1.1.0.drv'
deleting '/nix/store/8gjxmj8n9yl9zzwq3x8mjfg3ncyxl909-cargo-package-thiserror-impl-2.0.20.lock'
deleting '/nix/store/ivnmg49bx7dsc79jk2xrx44mhrcxabx7-cargo-package-mio-1.2.0'
deleting '/nix/store/9yz90qcrhf5sznhj1vrmgf1sm6l812l7-cargo-package-mio-1.2.0.drv'
deleting '/nix/store/3yhpjf7njjr3nfy6vp22yzwjmhnmvfhj-chaoscontrol-deny-0.1.0.drv'
deleting '/nix/store/zf51f5l7mialqq6dmbfkvih9yqqnzv0b-cargo-deny-0.19.0.drv'
deleting '/nix/store/jzphxbasg57bsgrsw9f1z39gwlxpaw0a-env_logger-0.11.8.drv'
deleting '/nix/store/mibz31m08h3x61hjq2ac1mwixk9sk0f1-crate-env_logger-0.11.8.tar.gz.drv'
deleting '/nix/store/za97x13l4cha68b0jdlwf46pp41ddw5r-cargo-package-hyper-util-0.1.20.drv'
deleting '/nix/store/9li2lfc0hp0ajqhh0ga9zb88k6794vsg-cargo-package-hyper-util-0.1.20'
deleting '/nix/store/nvf3fn65vk94h3n8aq6wg2gs7i65p85c-feat-allow---in-grammar-names.drv'
deleting '/nix/store/9v8wms7bj2pf3ngnn4qy4hd9k12s7wxk-cargo-package-libbpf-cargo-0.26.0'
deleting '/nix/store/5aix78azzi77w499rjm7k21ggvdh2vrn-cargo-package-libbpf-cargo-0.26.0.drv'
deleting '/nix/store/l2n55rry98clkw1ci4kvdadbmdg2qxn4-icu_properties_data-2.1.2.drv'
deleting '/nix/store/grmf9kynvrza5fvi5m3b5mx93qs57pyp-crate-icu_properties_data-2.1.2.tar.gz.drv'
deleting '/nix/store/nfd355fvqq3f0hj5aknkxd2b40ycr7bq-v1.1.2-0.tar.gz.drv'
deleting '/nix/store/kznv6swgqj0gqphq6nk7c02602aij8yr-cargo-package-vmm-sys-util-0.12.1'
deleting '/nix/store/gf9x2xgpjnlfrx8ks3h2bqfnzxg6r22f-cargo-package-vmm-sys-util-0.12.1.drv'
deleting '/nix/store/978dic8rfk8s47i6jbha95jzsfrm8ffl-cargo-src-vmm-sys-util-0.12.1.drv'
deleting '/nix/store/x033qzdzvbcgc7wqbwz3k5h8q40wzxr7-cargo-package-rustc_version-0.4.1'
deleting '/nix/store/acayvv9h442k1v778jj8lcbn3hlyb5w2-cargo-package-rustc_version-0.4.1.drv'
deleting '/nix/store/1mgfv3l14yw45kz41n08c9pvxd95fm1j-cargo-src-gcp_auth-0.12.6.drv'
deleting '/nix/store/psrx3xxa7gnsqjxmzs6x3b4lzd8pmdwl-cargo-src-itertools-0.12.1.drv'
deleting '/nix/store/sr77lf0099a3g1pvq7229r9ngi2fdajk-qwen36-nixos-service.drv'
deleting '/nix/store/ywmnkan4myxr9i9lc0nw5i1p55qsg83v-qwen-service-exec-start.drv'
deleting '/nix/store/plpqyzi53j2p6648dzxmsbpgaai1j615-qwen36-nixos-service'
deleting '/nix/store/5lsy4b65hg1xvxc2q1q7xpn47026wp5i-qwen-service-exec-start'
deleting '/nix/store/r63ic1w17v3zy3k01b2kq4r7136lk72h-cargo-package-portable-atomic-util-0.2.5.drv'
deleting '/nix/store/mwiiibkc24hnrnqvfxr5chig69i3k9na-cargo-src-portable-atomic-util-0.2.5.drv'
deleting '/nix/store/hcqllfdyksi4pfvk7nbmijrwp42h5f3q-cargo-package-portable-atomic-util-0.2.5'
deleting '/nix/store/8zd501hb63ci1j77gsbbvx9896y0rxg4-2.38-master.patch.gz'
deleting '/nix/store/lk0yndfrqpi2w05k2vyn21riv0j27aqr-pin-project-1.1.10.drv'
deleting '/nix/store/9r1lsq2rmp973i3zxl9vxnqqrwpz3hd8-crate-pin-project-1.1.10.tar.gz.drv'
deleting '/nix/store/dx3j81mz6d0x4y31ailwk6lppcqacnlz-lua_cliargs-3.0.2-1.rockspec.drv'
deleting '/nix/store/ayk53i5v35qmn8lx170v4p4crsy759c4-protocol-observation-contracts.lock'
deleting '/nix/store/sfyhzi3ijx45s470wn60ndpbbpqm2h1y-cargo-package-wit-bindgen-rust-0.51.0'
deleting '/nix/store/1w8p1l1ys5fx44m0v9y1x73jsmsrx3jg-cargo-package-wit-bindgen-rust-0.51.0.drv'
deleting '/nix/store/y9m1f6bvss2a2lg0ps086w9a9xsgbk58-tree-sitter-lua-neovim-0.12.3.drv'
deleting '/nix/store/xq0xi9r353295qnfphl41ba0svhxpcl3-v0.5.0.tar.gz.drv'
deleting '/nix/store/n80ffxkpfpc3d6mkf8fxd0376lmy6hrl-cargo-src-malachite-0.9.2.drv'
deleting '/nix/store/3kwrkd1hf6d4i89wjr3ggnzkjk0x19dv-chaoscontrol-docs.drv'
deleting '/nix/store/p5kqw733hh15i9cd69hnb8msr7bgl7sm-mdbook-0.5.2.drv'
deleting '/nix/store/xg07dj6q4i5w73kkf55ms9d02la7qirn-mdbook-0.5.2-vendor.drv'
deleting '/nix/store/cvl2912bz5pajxq2s43n59lc3j2y0mb1-mdbook-0.5.2-vendor-staging.drv'
deleting '/nix/store/nhyrkqxqzyys1l51jwn6lqppblzz2daa-libz-sys-1.1.23.drv'
deleting '/nix/store/h35y4zf8wyqspcjw08851nbqfv5zbd0c-crate-libz-sys-1.1.23.tar.gz.drv'
deleting '/nix/store/n98vyli1jbzddadlrc19amhkqpfs0na3-cargo-package-async-process-2.5.0'
deleting '/nix/store/is9qiim0hv2qxy23vvlmj7zr57mr56w9-cargo-package-async-process-2.5.0.drv'
deleting '/nix/store/28r3ii6z8khznkgmxlr17xg3jnmi6x0g-Cargo.toml.drv'
deleting '/nix/store/grpfiaf2x0z8hi59gd59yn4sf5rcfx6a-cargo-package-maybe-owned-0.3.4'
deleting '/nix/store/4z94xly4qnil66pa8crm9f4kib6hlcq7-cargo-package-maybe-owned-0.3.4.drv'
deleting '/nix/store/zfcrg3i13kkmcgsl2ydqc4mlbidsq75h-tasty-hedgehog-1.4.0.2-r7.cabal.drv'
deleting '/nix/store/65z7bynlf0h3xvim9nfmxc49a9429kp1-rust-bindgen-unwrapped-0.72.1.drv'
deleting '/nix/store/1r7s4gzc0i8y92973lzczxjdw6z88r6z-rust-bindgen-unwrapped-0.72.1-vendor.drv'
deleting '/nix/store/j38mkjn9fr3s50vzib3kxf9bv11c10bk-cargo-package-gix-pathspec-0.16.1'
deleting '/nix/store/c2xyvx7fkx3s05ik7i5hr2vn1ms8sypx-cargo-package-gix-pathspec-0.16.1.drv'
deleting '/nix/store/qb8fsm715m4qkf4lmf4glcaxw8wkkfmy-cargo-package-gix-chunk-0.7.0'
deleting '/nix/store/775rm3p6mds3ss56yj6iwjjx86fj6gng-cargo-package-gix-chunk-0.7.0.drv'
deleting '/nix/store/cf3q12g4zraj6ws0gwxxbbvv2xrcaz5x-cargo-package-unicode-ident-1.0.22.drv'
deleting '/nix/store/69vl29n71pfzlxlrs3d0rch39hmgx1w5-cargo-package-unicode-ident-1.0.22'
deleting '/nix/store/zpwmnd3y97swic3c5w1l45b11wgmbyi7-cargo-src-gix-tempfile-21.0.2.drv'
deleting '/nix/store/w7vrcj70wdapwslc1vqp3h6r1q3cjd2z-cargo-package-bytes-1.11.1.drv'
deleting '/nix/store/33na361j2h7wgcna1l7ip7n4by1lgh8f-cargo-package-bytes-1.11.1'
deleting '/nix/store/la6jmkim9al7jx7cxxbmkmna9d2j1jdp-leb128-0.2.7.drv'
deleting '/nix/store/vzf4phccab3gyv04mdji1ir0h41rkb4x-crate-leb128-0.2.7.tar.gz.drv'
deleting '/nix/store/d4j3ylybicvb68bky0jqqha5prphm4qi-cargo-package-curve25519-dalek-derive-0.1.1.drv'
deleting '/nix/store/9wl2z89cvinr3i86c3zd5kkx8fakfjnc-cargo-package-curve25519-dalek-derive-0.1.1'
deleting '/nix/store/nk6jff5qvdinn9vrg6s6a3dhsibkp4hd-cargo-package-winapi-util-0.1.11.drv'
deleting '/nix/store/7ci36czamc4q893zccq0vim35s4f0lrl-cargo-package-winapi-util-0.1.11'
deleting '/nix/store/mrg8xjj3shdbf30hzp6wbwiwd0fc4p5b-cargo-package-iana-time-zone-0.1.65'
deleting '/nix/store/a61bx22mgxn25dfz0c0bsq97gkv0r3ws-cargo-package-iana-time-zone-0.1.65.drv'
deleting '/nix/store/hvfsnh9zabspg8hvqnl2ih3xbb2d4mqf-cargo-package-indicatif-0.18.4.drv'
deleting '/nix/store/wpbkjbylwhpnkw0x9vzx1k0xpy1hzhyl-cargo-src-indicatif-0.18.4.drv'
deleting '/nix/store/g8qjsnks7i1h9j55bfc3icwqkkbks8j1-cargo-package-indicatif-0.18.4'
deleting '/nix/store/ws7bl7k3xrbpbn0mydk2j8gzkcalz92n-inspection-testing-0.6.2.drv'
deleting '/nix/store/v4lhy31ay3j7q45i4r7lfnip78sabf1g-cyrus-sasl-2.1.28-gcc15.patch.drv'
deleting '/nix/store/9a5kiqway76zwp5df1p1iiham4yrdz46-cargo-package-zeroize-1.8.2'
deleting '/nix/store/189g85rpayf466xspsahf1jqr3d7awsv-cargo-package-zeroize-1.8.2.drv'
deleting '/nix/store/cdig9aamgkx47s7z211rwl5jn2v47g9b-cargo-src-gix-chunk-0.7.0.drv'
deleting '/nix/store/vzmmsl914x0p3r5219qrhns7skg1b64n-source.drv'
deleting '/nix/store/lisbpvdiwzy910cszyq508w7h085ic0n-cargo-package-socket2-0.4.10'
deleting '/nix/store/k6qkdvck67w732j73g2bfps47awdm86s-cargo-package-socket2-0.4.10.drv'
deleting '/nix/store/xk5bhx62vjzm8pc4jjkzx138ygw01c15-cargo-package-tower-layer-0.3.3.drv'
deleting '/nix/store/4p6ncvf4md38zn71d470a8nba0p38if6-cargo-package-tower-layer-0.3.3'
deleting '/nix/store/00cpkk778vi5j2ld4vfcxhj08rxq86dx-dlist-1.0.tar.gz.drv'
deleting '/nix/store/7f0ad5vrvxw8c8glj902754kviivwdxq-cargo-src-gix-commitgraph-0.35.0.drv'
deleting '/nix/store/bnx0xiry4iy5kb2nl3c0ah9ph0a9m9wk-cargo-package-saphyr-parser-0.0.6'
deleting '/nix/store/7jh6d5wbnjynhgqhzm90hg8zmsqv54l7-cargo-package-saphyr-parser-0.0.6.drv'
deleting '/nix/store/60jlk05p8dk0vkbpm77pk10scyql0cc8-cargo-package-curl-0.4.49'
deleting '/nix/store/2xwhg3d1bb5hr5dik86dj6c551jigpx8-cargo-package-curl-0.4.49.drv'
deleting '/nix/store/kah9qsdspp5djx5kqvaj9kb5s6czb49m-cargo-src-http-1.4.0.drv'
deleting '/nix/store/8hmcxji9a29nbapyzdil8m8hvlynhmvb-cargo-package-js-sys-0.3.85.drv'
deleting '/nix/store/3fgs4c6dj9ihj748yf6q0dyxcsz6ldw7-cargo-package-js-sys-0.3.85'
deleting '/nix/store/kkk8ks2mpf9f1g5ff7xk454w4947d52y-cargo-package-android_system_properties-0.1.5.drv'
deleting '/nix/store/y8mp0b35ynmiw8ifxqbxd8ia77rqv7ml-cargo-src-android_system_properties-0.1.5.drv'
deleting '/nix/store/g7pdqyr39x1qk74hbb1d0jw7ynhi8gwx-cargo-package-android_system_properties-0.1.5'
deleting '/nix/store/x4w9iia9xrsm3qr5j54x7mxs0xpjfg82-Cargo.toml.drv'
deleting '/nix/store/hlg30ygq0cg2lhw4p3pgwzagbzyirbz9-bc-1.08.2.drv'
deleting '/nix/store/wzxqgnvqgbhm90sdpnbgdslpr61lmknx-ed-1.22.4.drv'
deleting '/nix/store/bfz5r6n6ms08lpwrabaa8a6sdklqc8rh-ed-1.22.4.tar.lz.drv'
deleting '/nix/store/bbwj1l537j29cr8v47nd46y1hp97j0fl-rust-std-1.88.0-wasm32-unknown-unknown.tar.xz.drv'
deleting '/nix/store/vb61734wp42sh6la2037xjn2j41jllfr-cargo-package-crc-3.4.0'
deleting '/nix/store/k3zm390ahf4xdx3ll0b0jp4l0fhpkm7q-cargo-package-crc-3.4.0.drv'
deleting '/nix/store/v0qzxnnr0h45qg110i1a0q9am7zq05hr-softhsm-2.7.0.drv'
deleting '/nix/store/qjxgpf7d656zqhnmd4xjpsdsnmk4d3sw-cargo-package-pin-project-lite-0.2.17.drv'
deleting '/nix/store/9fk8lcz5zsd0igp0ixm9fx58igs3i74g-cargo-package-pin-project-lite-0.2.17'
deleting '/nix/store/2xd6gq0w17j6hzl4x57pm5sam5aabvdf-pyo3-macros-0.26.0.drv'
deleting '/nix/store/rmcqivzhrvxnmpxn3i540xzxfmhpjr9s-cargo-src-wasm-bindgen-macro-support-0.2.108.drv'
deleting '/nix/store/w12j6444lmrdajfk7nbivinhsz2h34y1-cargo-package-derive_more-2.1.1.drv'
deleting '/nix/store/19ivfcyg1kfhzxj4rd1qmm1bfs1gplq9-cargo-package-derive_more-2.1.1'
deleting '/nix/store/v86k60mag0rwkjwgm3j56j67wb64f0rz-cargo-package-futures-executor-0.3.32.drv'
deleting '/nix/store/86mw1nahzq67sgwidllfzq4iwc1a9mcy-cargo-package-futures-executor-0.3.32'
deleting '/nix/store/w6hd0m4gwx7pig5jkcb7v0hrzpliiv6l-cargo-package-dotenvy-0.15.7'
deleting '/nix/store/qbncgr91nxf04nlqii8q27gmsacr27s5-cargo-package-dotenvy-0.15.7.drv'
deleting '/nix/store/dmqmsmibhvjhn7qpzfl8gqdwn3kw5qdm-cargo-package-tinytemplate-1.2.1.drv'
deleting '/nix/store/5882fw0q9axmvjxk548bm64a62sdd7iz-cargo-package-tinytemplate-1.2.1'
deleting '/nix/store/b72g81xim3r1ikmxs5wfn8nc0a8nplcp-rust-std-1.96.0-nightly-2026-04-08-wasm32-unknown-unknown'
deleting '/nix/store/7fnw09zlv4s4r3lx6c5szgm7xmwsxldw-rust-std-1.96.0-nightly-2026-04-08-wasm32-unknown-unknown.drv'
deleting '/nix/store/6dhr870q297jii6169y5k192p1gfw87i-rust-std-nightly-wasm32-unknown-unknown.tar.xz.drv'
deleting '/nix/store/x5j07n4rla6cm446gwqk4kbyhw67ngdg-cargo-package-cc-1.2.56'
deleting '/nix/store/4wpa3cv4hfkk2p2d6i4b413i1djyzggc-cargo-package-cc-1.2.56.drv'
deleting '/nix/store/vx99j9h656q5awph53wcq9vnf700ai25-cargo-src-cc-1.2.56.drv'
deleting '/nix/store/pwlr814644vkvjivdapjjn6i0hzs9bww-spacewasm-resume-probe.rs'
deleting '/nix/store/d0mwrxqlsv1jhx7ifad9z20qkg35xjby-cargo-package-predicates-tree-1.0.13'
deleting '/nix/store/7nhjindz50bmmc7clrxb5hf9jvzs1dwn-cargo-package-predicates-tree-1.0.13.drv'
deleting '/nix/store/zx2hc4mabv6dk133xiji5jcklalm5pr2-cargo-package-wasm-bindgen-0.2.117'
deleting '/nix/store/4gi3pg5fpgfcsk7y53nnan4yf9b4hqld-cargo-package-wasm-bindgen-0.2.117.drv'
deleting '/nix/store/5yva1r5sfjmzqn2nmczfjqsabpmcp2s5-curl-8.4.0.tar.xz.drv'
deleting '/nix/store/imxkffhwwsk1nxx8bk719pfj9ks3plmb-cargo-package-windows-result-0.4.1'
deleting '/nix/store/60azpnf1rhkawlaqa0b6a73sbmp4jmbk-cargo-package-windows-result-0.4.1.drv'
deleting '/nix/store/sjlm8agj6m3cpglc5v11d40cj7j6kin2-fix-static.patch.drv'
deleting '/nix/store/5gkp0x1r1576p4jpnbb62iyvg1hpjnkd-cargo-package-indexmap-2.13.1.drv'
deleting '/nix/store/1vw72d86ks3nwipg89xji0hc6crxhcdk-cargo-package-indexmap-2.13.1'
deleting '/nix/store/psmnnz05mrhhsi97ak189db106axn6gy-cargo-package-rand-0.8.8.drv'
deleting '/nix/store/nbzmgqjl8pfxpkzlmvnawklhniaaj0m7-void-0.7.4.drv'
deleting '/nix/store/cgap1q7cfa01b1mbdxsc81yjy3k8w4f5-void-0.7.4.tar.gz.drv'
deleting '/nix/store/y4qcgby3mfszmnj3x3z2hvr23b2dvjjh-cargo-package-rustix-0.38.44.drv'
deleting '/nix/store/83h4ryhjzdc4rf5h8zcyqjzhxx6dv7x9-cargo-package-rustix-0.38.44'
deleting '/nix/store/441nb32nfr5bd7p0h4jyxxpya5d2pghg-litemap-0.8.1.drv'
deleting '/nix/store/faq60qx3394w0a52p38qf38cbk02sc5j-crate-litemap-0.8.1.tar.gz.drv'
deleting '/nix/store/6xzc7ypa6cvr48ir057lsm650rfln88s-cargo-package-sha1-checked-0.10.0.drv'
deleting '/nix/store/q9jvsrlzaq1g1kn1dkx6m6njvsjhk50q-cargo-src-sha1-checked-0.10.0.drv'
deleting '/nix/store/45liz5c5clhwkm8ds16lrc7619wr7hmz-cargo-package-sha1-checked-0.10.0'
deleting '/nix/store/14ia474c207qxafgsnqp9mgp4w7za406-source.drv'
deleting '/nix/store/a3jif695pg1gyvgxdq1hi1bnzr3q2ny6-Cargo.toml.drv'
deleting '/nix/store/hq0570xwjz48yxz71mj7a1wymwx7wkc5-crate-windows_i686_msvc-0.52.6.tar.gz.drv'
deleting '/nix/store/w2dl2dq4vlmbhrizkc6g7m97wrqii8pa-cargo-package-smallvec-1.15.1'
deleting '/nix/store/aj04dnskp1v6dmf6y9c7ifbwa511bd4q-cargo-package-smallvec-1.15.1.drv'
deleting '/nix/store/8g95v0axj579q8f6dyg7jldf326izz68-cargo-package-mio-1.1.1'
deleting '/nix/store/2wm1mwxms5nzycv86wjfzn6kpa7mz1k6-cargo-package-mio-1.1.1.drv'
deleting '/nix/store/zl8fv87jl4hmj6srpa18hav7mnr2687i-cargo-src-mio-1.1.1.drv'
deleting '/nix/store/n0c25b706lgzwawq4zablxp21a6yj2ip-cargo-package-errno-0.3.14'
deleting '/nix/store/a4446r9rbf6bbggwsk1icwk91v16hll9-cargo-package-errno-0.3.14.drv'
deleting '/nix/store/m7nzjpbkpxaz2iy4cgwb31frrmnqwvc7-sha1-0.10.6.drv'
deleting '/nix/store/9wly7820ylaszbwhpliajsd5hx0lhxpd-Cargo.toml.drv'
deleting '/nix/store/a7izj893i725wqv316bqh6anw0kxfni2-cargo-src-wasm-bindgen-0.2.117.drv'
deleting '/nix/store/wfby3i709mj0g9gv3h2qxnn5p72h6myg-cargo-package-gix-hash-0.23.0'
deleting '/nix/store/vxamn5nz0hc16cyc1alzlmhz4qrng8yp-cargo-package-gix-hash-0.23.0.drv'
deleting '/nix/store/cd5nz097irkk32nfh57jxz3nw2h20fdp-cargo-package-chacha20-0.10.0'
deleting '/nix/store/19njjq2fv15qf95dspy8agv13hvasc2v-cargo-package-chacha20-0.10.0.drv'
deleting '/nix/store/fczrwp64rhyx1sd2ppc81z669h08a2lq-muse-round-1.0.drv'
deleting '/nix/store/8js5whqn6iv15rlfwjc83v5ri7xh02qm-muse-round-1.0'
deleting '/nix/store/phbpxipzmp0aamzqa5vc6qrzaj41w97l-cargo-src-n0-error-0.1.3.drv'
deleting '/nix/store/apjh872h9zl86bc4zw7gj940vixixkx1-cargo-src-jiff-tzdb-0.1.6.drv'
deleting '/nix/store/y6j4w8055wqw5xvcnx98hk9xgr2gp9hk-octet-policy-registry-check.drv'
deleting '/nix/store/z0ay4nv5pkl5mq1hg7qddxpnrsg11cx0-network-uri-2.6.4.2-r1.cabal.drv'
deleting '/nix/store/dhjvv3m71kk3a17xa0f92hj4gx8krv24-cargo-src-darling-0.20.11.drv'
deleting '/nix/store/nkrb31dd0yxzr97j7fj0dpd3dmk7nc7g-cargo-src-virtio-bindings-0.1.0.drv'
deleting '/nix/store/l72lg4k42c2dq5swjxzd9lkj1kbl3hca-cargo-src-portable-atomic-util-0.2.7.drv'
deleting '/nix/store/m3lbkfv4qvra1jla1fg0lvq61rigkpkn-vcpkg-0.2.15.drv'
deleting '/nix/store/5nb79y3hqpqsgwgvpnwpqy8bsh7vqqhm-crate-vcpkg-0.2.15.tar.gz.drv'
deleting '/nix/store/m93jc9nr83rn3r7wj8iing3db5w7kanr-cargo-package-socket2-0.6.2.drv'
deleting '/nix/store/h2k5q50by2hkapkjmrjf3nn7js3pjjr5-cargo-package-socket2-0.6.2'
deleting '/nix/store/b83cf4107fv23p0zl2f8qk7pzgm7xw7p-cargo-src-socket2-0.6.2.drv'
deleting '/nix/store/p4g7jxwk598kxspnidz3rsygc1km2akq-cargo-package-quinn-proto-0.11.14.drv'
deleting '/nix/store/kxbnhb298b9cgsppiqbr1al5zms1j93v-cargo-package-quinn-proto-0.11.14'
deleting '/nix/store/w9gyc9rysg1ggwmi4r1ilg2iagcp8lrk-yarn-berry-config-hook.drv'
deleting '/nix/store/w3ngzfxpr7g57k23p6i6iknynap2026p-cargo-src-gix-hash-0.23.0.drv'
deleting '/nix/store/mm0laaf4n77jaj41wqfz72kbk5xx7pdh-octet-dylint-lib.drv'
deleting '/nix/store/jxw89dvmkb4wgiyb31i9fjgpk0904kdz-octet-dylint-lib'
deleting '/nix/store/4c931i0qr5am8d4ifrvb7mr59gn4a3px-cargo-package-crossbeam-queue-0.3.12.drv'
deleting '/nix/store/q8f5i1a7344ry5zx39n3gss4gydy5niv-cargo-package-ouroboros_macro-0.18.5'
deleting '/nix/store/53dirpjvnpx8vdvga68c8wwfbhv72l3s-cargo-package-ouroboros_macro-0.18.5.drv'
deleting '/nix/store/dll8rycffy0i2dpp2syp95la7549mcc9-cargo-package-toml_edit-0.25.4+spec-1.1.0'
deleting '/nix/store/3m0c4bmcay70cdsrhc0jad5j0nmpka50-cargo-package-toml_edit-0.25.4+spec-1.1.0.drv'
deleting '/nix/store/fbnzafwxywjhbg24wr3d9c43psvgg28w-cargo-package-schemars-0.9.0'
deleting '/nix/store/7px95890sxvzxrnxdxh3pxy895cbwv8c-cargo-package-schemars-0.9.0.drv'
deleting '/nix/store/wm0gd1zdij81l4mxqsmac8db8y261231-libzip-1.11.4.drv'
deleting '/nix/store/7in9apij4xi2kid499qyza0ds993zg2r-zlib-ng-2.3.3.drv'
deleting '/nix/store/navd2g6k5fqyl2x5x27kvkl69ak8a2bv-be819413be8a284b1827437006c0859644d0c367.patch.drv'
deleting '/nix/store/g1j673bwqk6sqjparb0nmp6qzyla6fhj-cargo-package-zerocopy-0.8.39.drv'
deleting '/nix/store/6vlrky23x0jc278slmj9j50vkpqnm6b7-cargo-package-zerocopy-0.8.39'
deleting '/nix/store/q15i8i4sg4m24lxxqs5ihgwngymsykp3-cargo-package-fallible-iterator-0.3.0.drv'
deleting '/nix/store/iqsrm4a4abmia9sm32agj9v7wvc16sxq-cargo-src-fallible-iterator-0.3.0.drv'
deleting '/nix/store/26dj1n8wxd8c0c9p7bnxfndjidmhxr0f-cargo-package-fallible-iterator-0.3.0'
deleting '/nix/store/x6jjffzk6pinz9lh7z8grz4diyrfpi3w-cargo-package-id-arena-2.3.0'
deleting '/nix/store/kyfq1mawrg678wnr2hxfzsknd16390pk-cargo-package-id-arena-2.3.0.drv'
deleting '/nix/store/9c2gfpb6zgsr75h394k8886x818ipafr-cargo-package-futures-util-0.3.32'
deleting '/nix/store/6xzy2saj2bayfrw336dw59v4zyckbk3l-cargo-package-futures-util-0.3.32.drv'
deleting '/nix/store/8i0fpcz72vgdlfppggkxgaqfafj9i0ss-cargo-src-quinn-proto-0.11.14.drv'
deleting '/nix/store/x1fh1k7b05cmfnvpldls0hqmd7xivqpi-bifunctors-5.6.2.tar.gz.drv'
deleting '/nix/store/zm9zm88cwld38qslxnc42jnq93xrmz51-cargo-package-wasip2-1.0.2+wasi-0.2.9.drv'
deleting '/nix/store/qw3dnbvsdgj4kzxdy7abpr47406hs2q7-cargo-package-wasip2-1.0.2+wasi-0.2.9'
deleting '/nix/store/6awm7nwwyy0wld9yzbdyikj7skfbghb3-cargo-package-safe_arch-1.2.0'
deleting '/nix/store/1kw47cq4vc065wdv84abdw6v4wigxsc0-cargo-package-safe_arch-1.2.0.drv'
deleting '/nix/store/m93pi8qapm4x5nf991iwy7prixsb9hm0-cargo-package-redox_syscall-0.7.3.drv'
deleting '/nix/store/ih0rmr47rrppdzqc10kn4ch90j2wdyid-cargo-package-redox_syscall-0.7.3'
deleting '/nix/store/nzb2vl12ps3lr7ivj2miiyydnhvnj5ma-cargo-package-autocfg-1.5.0'
deleting '/nix/store/8634hgbccbx6mha42c1kl10bmzsgkchs-cargo-package-autocfg-1.5.0.drv'
deleting '/nix/store/c20s8v1n4912rg8x9a69syysb5w6wnm0-cargo-package-bzip2-0.5.2.drv'
deleting '/nix/store/asdw5n0kb5g0yw5ab5adl1qyhx653sr8-cargo-package-bzip2-0.5.2'
deleting '/nix/store/w16mrxvbac23yjlcxs5p8s4hdiwgnvd5-cargo-package-gix-index-0.49.0.drv'
deleting '/nix/store/rp0xl2dqnsaadn0hkx0bl981rmkhqz9l-cargo-package-gix-index-0.49.0'
deleting '/nix/store/bc817iphn1pi64z8is7cxkl1wnxwx6ca-cargo-src-gix-index-0.49.0.drv'
deleting '/nix/store/9hssnrk55yax1sf12n1p44r4y1hh84vy-cargo-src-nickel-lang-parser-0.3.0.drv'
deleting '/nix/store/7hgkrc2dywxhky8iql5xk7747ydygw4a-cargo-package-blake3-1.8.2'
deleting '/nix/store/4pjyf1zzrqkz4jncx0kipldqg2qq5q9j-cargo-package-blake3-1.8.2.drv'
deleting '/nix/store/q6zwiywbni9xrkz0xadwhih8zs1mx52n-cargo-src-blake3-1.8.2.drv'
deleting '/nix/store/df5qlvj0jqxibpqqmj2x7wqmlxi8visk-cargo-src-env_logger-0.11.9.drv'
deleting '/nix/store/d7gqy1wgzwil3b68pn0yqcs0b1la5vl1-cargo-package-httpdate-1.0.3.drv'
deleting '/nix/store/cdgxw2d3kk8z24smrwhcs5b0gk6py54l-cargo-src-httpdate-1.0.3.drv'
deleting '/nix/store/7qqqwhwv06h405lhkbb92nvpii4qfl9j-cargo-package-httpdate-1.0.3'
deleting '/nix/store/a51xc02pl367k2rb89pzm5nacsq49j8n-pueue-4.0.4.drv'
deleting '/nix/store/nz43vnhmjrqir4a2iyyqakz66zmlpmf7-pueue-4.0.4-vendor.drv'
deleting '/nix/store/cfs54g93b14cpyq3y8bygs56kkl488lm-pueue-4.0.4-vendor-staging.drv'
deleting '/nix/store/vmv7wmznwx7kkybd14c1r9l3z58nbyik-source.drv'
deleting '/nix/store/3l5fy0kn9fzq56dzsfj6j9vp2vzrw2sm-pueue-4.0.4'
deleting '/nix/store/7vrv43xfxg5kf8lfkixg9vbcbq1lcwhy-cargo-package-cc-1.4.4.lock'
deleting '/nix/store/17yjw33i747j1v1md1fgi4s2i0hy8klq-locales-builder.sh'
deleting '/nix/store/96yfhdfknjl8p7m7s5j7l7g1ic51kvrb-cargo-package-thiserror-1.0.69'
deleting '/nix/store/098j024aa7lrv9k2bk7iv0v71n2mlnqb-cargo-package-thiserror-1.0.69.drv'
deleting '/nix/store/k346ih554hrnzq136jps90xq7v11z3vc-no-sys-dirs-riscv.patch'
deleting '/nix/store/0g2j9g6hzn3nx6b5wq0pxbyjg19p60lr-sed-4.10.tar.xz.drv'
deleting '/nix/store/jv596wnj5l4qygs4zw7r32pax8xjyfq7-cargo-package-hash32-0.3.1'
deleting '/nix/store/23wdqnh1amrk0b4x6wbnaz202rz4pysi-cargo-package-hash32-0.3.1.drv'
deleting '/nix/store/vfi8ph8ypkg6589awh3bl0rvag7lq64q-cargo-src-hash32-0.3.1.drv'
deleting '/nix/store/f4bm57564rd8zm8shd4mx807hsrl2vsl-rust-std-1.91.1-wasm32-unknown-unknown.drv'
deleting '/nix/store/90alqfxsdgcq3jmld4wnsp2687iwsx4a-rust-std-1.91.1-wasm32-unknown-unknown'
deleting '/nix/store/w2fiqsnn0j88y5kd9mzlbz3m72j4v6gc-rust-src-1.96.0-nightly-2026-03-21-x86_64-unknown-linux-gnu.drv'
deleting '/nix/store/ay6nk4px416wmrpbjgizvs0xw8sp2ihp-rust-src-1.96.0-nightly-2026-03-21-x86_64-unknown-linux-gnu'
deleting '/nix/store/na0d10dh4qmfiq1qiykksrhqzbbml6fb-cargo-package-ipnet-2.12.1.drv'
deleting '/nix/store/ih01j0c0dwrw0lgj6w9nlpdz1jvs4dcc-cargo-package-ipnet-2.12.1'
deleting '/nix/store/y6yx2zpf2hf8xmj2yj9vq69hjx6bd7kv-cargo-package-hashbrown-0.14.5.drv'
deleting '/nix/store/vwkqdpx8bxkxgvhyrsipwhl1sb0lv6kz-cargo-package-hashbrown-0.14.5'
deleting '/nix/store/xa5bhs91r8v1bs6vp60wapmzkgs45nis-cargo-package-zmij-1.0.23.lock'
deleting '/nix/store/bivl52x3f3g290ard27adkrf6c87dkhz-nothunks-0.3.1-r1.cabal.drv'
deleting '/nix/store/yn5mkqwrk83rdjkqqvxnbscy0x43fiqg-cargo-package-lzma-sys-0.1.20'
deleting '/nix/store/kqysxa2sgi3m07dl20x65k6xjss20dbm-cargo-package-lzma-sys-0.1.20.drv'
deleting '/nix/store/qylm941gcxb06hv6rrhz2lhlpbnvaqnb-linkLockedDeps.drv'
deleting '/nix/store/4a3y2w2q5gbwskhdvbh39vcidcs5ka8j-linkLockedDeps'
deleting '/nix/store/g8nk1jkk63bibjlxr3kck94lw1pbgmrr-semialign-1.3.1-r2.cabal.drv'
deleting '/nix/store/r7c5shq6j2njg7zyx5y5y9z7kav6bpc5-cargo-package-astral-tokio-tar-0.6.3.drv'
deleting '/nix/store/6m49dn4xv86qvqlxc0cgij04h2rh1ny9-cargo-src-astral-tokio-tar-0.6.3.drv'
deleting '/nix/store/43hj085v1ddpxs1k6bzgsi171qihvn2l-cargo-package-astral-tokio-tar-0.6.3'
deleting '/nix/store/i1r4ncadnx1hb8xb18vn8pdpp48pl8rj-cargo-package-anes-0.1.6'
deleting '/nix/store/fzxkcz8ay19qhx5jvf4g0557mja7zbvs-cargo-package-anes-0.1.6.drv'
deleting '/nix/store/6s0f5yrfcy9c0lz3g3dkzwr09kpi8dyr-cargo-src-pulldown-cmark-0.13.3.drv'
deleting '/nix/store/qrz1dmh44aw7nif1yr95if2q5rnn4r38-cargo-package-cranelift-codegen-0.116.1'
deleting '/nix/store/hwxk1ad8iw6k4m47bflgp841sbvhfxa8-cargo-package-cranelift-codegen-0.116.1.drv'
deleting '/nix/store/3lb98pqdhbkhx2wb6icx0ddgxwl69j41-cargo-src-zerofrom-0.1.7.drv'
deleting '/nix/store/dbzr8mq5s2j9q6qbb3j6fk5w2g18vvpd-cargo-package-serde_spanned-0.6.9'
deleting '/nix/store/d94yf9a9pf74ggmpaxisc0a3hipchpp3-cargo-package-serde_spanned-0.6.9.drv'
deleting '/nix/store/r2bmnrbg7qg9b4hlibl7dhx3kxxa4dh4-cargo-src-yoke-0.8.2.drv'
deleting '/nix/store/d7nnsfgshk6p8dh5q7b35abmaaxh4nrx-cargo-package-icu_locale_core-2.1.1'
deleting '/nix/store/5xcy1hk1sxqx856dy4ak2pzy6rjz1523-cargo-package-icu_locale_core-2.1.1.drv'
deleting '/nix/store/z64fvys9if9bai2j174k1dv5x9c4ix9f-cargo-src-gix-trace-0.1.18.drv'
deleting '/nix/store/6kxjqg6z39bn3dlgr22psv7p5xnp4mm6-perl5.42.0-Time-Duration-1.21.drv'
deleting '/nix/store/zxayrqagpm34b3drhrs86323vxm1r7b7-Time-Duration-1.21.tar.gz.drv'
deleting '/nix/store/dnyyc4fnrcmnrv2ighhwh3lml9nabj3q-python3.13-yq-3.4.3.drv'
deleting '/nix/store/jay4h2axv0w2j45a2887nr8hka185xgb-python3.13-argcomplete-3.6.3.drv'
deleting '/nix/store/9jhkxxxahkhdlyffzlv3xjhhkn4q6h6h-cargo-package-chrono-0.4.44'
deleting '/nix/store/2rs59n896xx24kpdb9vcq4jajbl40i4x-cargo-package-chrono-0.4.44.drv'
deleting '/nix/store/hs2xkn3vcmz5bmbi047dkqw83g65q1bc-constraints-0.14.2-r1.cabal.drv'
deleting '/nix/store/xhim7mhlq66wkx33bkqs1mbs6qr06vgq-cargo-package-windows_x86_64_gnu-0.53.1'
deleting '/nix/store/kl93486cnm0a2z6fibgadrs0dsvqnyw4-cargo-package-windows_x86_64_gnu-0.53.1.drv'
deleting '/nix/store/i4vpxylrvjwq2kzhzlhbqj8xakbg679d-rust-analyzer-1.98.0-x86_64-unknown-linux-gnu.tar.xz.drv'
deleting '/nix/store/4582srvwck79z95bs6x214bgk9fl68d5-cargo-src-windows_x86_64_gnu-0.42.2.drv'
deleting '/nix/store/smfn7k4kzvz2m5yzw74w3pdkxyc1123j-fla-rwkv7-17dd5662554d46b6bcb1d1ff728cebb461c9aef9.py.drv'
deleting '/nix/store/r8kyhxip80vgsy73pn9x7dk5q9540s90-rwkv-v7-demo-e6f74b63a06e08606d130043599d218209628bad.py'
deleting '/nix/store/pg1yl2r0k12qqp00r7sa1lv6m06pxbxy-rwkv-v7-demo-e6f74b63a06e08606d130043599d218209628bad.py.drv'
deleting '/nix/store/89dcrigpb3y05qc1swh9ymglwwajbhcj-rwkv-v7-demo-e6f74b63a06e08606d130043599d218209628bad.py.drv'
deleting '/nix/store/f5nx3l9brd3rh9fqim46yah274alpszk-cargo-package-mime-0.3.17'
deleting '/nix/store/2m99f4yp36hilayj5gi1gvq4zmgpzkzj-cargo-package-mime-0.3.17.drv'
deleting '/nix/store/zjrcvzy2clxnyw3nvc306bz97fa6w8wg-cargo-package-endian-type-0.1.2.drv'
deleting '/nix/store/fm2g779slkg8s3wrd389qdmnvnnlxfqq-cargo-package-endian-type-0.1.2'
deleting '/nix/store/qwa3rnc7c0jb2sffcfvrvqxms9cp2h5r-cargo-package-ring-0.17.14'
deleting '/nix/store/4cn3b06pf7q7lkc64xc5ql0sjzdlbi6h-cargo-package-ring-0.17.14.drv'
deleting '/nix/store/38vqiywm8msqvr3qs9rj8v7hh58dp6li-cargo-src-managed-0.8.0.drv'
deleting '/nix/store/j0k9d41hqbg3brbqk3gy3vd3v82zvmcv-cargo-package-typed-arena-2.0.2.drv'
deleting '/nix/store/6sszkdn873frj4pf9mry4dr3iy6j9z8i-cargo-package-typed-arena-2.0.2'
deleting '/nix/store/s6d0jp6989690m625sggcx4zkfkqj6g0-cargo-package-icu_properties_data-2.2.0'
deleting '/nix/store/76hydzzb1nay271hb6y04gg45r1nw03j-cargo-package-icu_properties_data-2.2.0.drv'
deleting '/nix/store/0yfkpfjvdzxnl8gldrx07mfg0ba2278c-crate-waker-fn-1.2.0.tar.gz.drv'
deleting '/nix/store/lz3whddv1a3hcz1l83wfdggyzahawp2k-h5l9dm67wqavzrjzvllwmz5s5b6d24v1-source'
deleting '/nix/store/i2675zw3rd1794mphmkk38lbfg3wnwzc-source.drv'
deleting '/nix/store/lcpafa7aabxj9y09066bwqryxh38wxyz-qwen36-execution-identity-0.1.0.drv'
deleting '/nix/store/g3h09yf11919jvnbs0kmpmhnamnyav2f-dua-2.37.1'
deleting '/nix/store/4pf4gsd3nh0c5mb0fkxw97j2c0b4zmvp-dua-2.37.1.drv'
deleting '/nix/store/3qkr0f3f30lqddq0k7k5626sfj8mafh1-dua-2.37.1-vendor.drv'
deleting '/nix/store/hb2dg7pd3nsbypnr0kmhwdyrk0ziwlbb-dua-2.37.1-vendor-staging.drv'
deleting '/nix/store/gddy8q2m0j2cq59paqyhhxllaj24bsg0-source.drv'
deleting '/nix/store/7a3wq4vqn7a0zmqgv8cm62zc43ayb8kn-cargo-package-cranelift-bforest-0.116.1'
deleting '/nix/store/67w5cv20wqjky7dgr8hb3ns78r8yfyrj-cargo-package-cranelift-bforest-0.116.1.drv'
deleting '/nix/store/zi04xnp0p2jxlqqhzvw75gj595wdk7ip-treefmt-2.5.0-go-modules.drv'
deleting '/nix/store/d09yaqnsankilgj18yxwcm9in1xs6vii-source.drv'
deleting '/nix/store/ip3nd057vnxx59ail1rpbb44vkwyx5d1-contravariant-1.5.5.drv'
deleting '/nix/store/pqdc63jx8d1b1ldh5qjchi390kl2wx1n-StateVar-1.2.2.drv'
deleting '/nix/store/jcf4c4g0qahsrpcg9l2grb3ki9nwvfxa-StateVar-1.2.2.tar.gz.drv'
deleting '/nix/store/vcjsmvxhwnadkr0zpjs21x5kqzgv6rl6-cargo-package-memchr-2.8.0.drv'
deleting '/nix/store/1gh1r8lbzp5c12zcmc3pizrc0q5g7fgs-cargo-package-memchr-2.8.0'
deleting '/nix/store/7gz661z1vc67gkqy5gf21czm10h9dl6w-crate-windows-targets-0.48.5.tar.gz.drv'
deleting '/nix/store/fsr536r786zqvifr7fr4z44m922ihsm1-cargo-package-windows-targets-0.42.2'
deleting '/nix/store/4w6g7arnblbizj1r2cwzrjrrzd2parx7-cargo-package-windows-targets-0.42.2.drv'
deleting '/nix/store/8kprmbrprj7jnwjkbk3cvmqlq7ym4qia-cargo-package-wasm-bindgen-macro-support-0.2.117.drv'
deleting '/nix/store/1kh19w1xyipj1pqybd4v0400mxdkjgbm-cargo-package-wasm-bindgen-macro-support-0.2.117'
deleting '/nix/store/j0q7zw4wn0xj2ng503dnnalynjafj4d4-cargo-package-clap-4.6.0'
deleting '/nix/store/47xgdfib7lmgdgcqw4s6fw28rv22r89p-cargo-package-clap-4.6.0.drv'
deleting '/nix/store/g97w596rcn51fp54l9ykhy0l9p9mq2a4-cargo-package-inquire-0.9.4.drv'
deleting '/nix/store/2lcbaqm99wmvqpmwybc1jrcq0mhn2n6r-cargo-package-inquire-0.9.4'
deleting '/nix/store/l4ksm4cpjz28njrg6sqi8h5z35g2w5ba-cargo-package-ureq-proto-0.6.0'
deleting '/nix/store/4zmca3c6yl3rl6qvqpvng1aas2slrg4q-cargo-package-ureq-proto-0.6.0.drv'
deleting '/nix/store/ypbz6izpp8r0dh16xhi57cddlq8c9jdw-cargo-package-gix-odb-0.78.0'
deleting '/nix/store/vyjsjzfira2ynyb2g27nans948ijsqjl-cargo-package-gix-odb-0.78.0.drv'
deleting '/nix/store/znapsh5bm9772kj0cgfzbn7khx4jdp7b-cargo-package-serde_with_macros-3.18.0'
deleting '/nix/store/vll4h9q6n7jbcidd04ck2gkn4kpm7sp8-cargo-package-serde_with_macros-3.18.0.drv'
deleting '/nix/store/shzpnsgw7ypcn09ypllsghzznaz8n15b-cargo-package-zstd-sys-2.0.16+zstd.1.5.7.drv'
deleting '/nix/store/dgl1cl39x171avdl9g7knr2sswvcsc4m-cargo-package-zstd-sys-2.0.16+zstd.1.5.7'
deleting '/nix/store/pmyl2ii45c11ccc3zwswx4kfhzzr5rlb-cargo-package-hybrid-array-0.4.13'
deleting '/nix/store/f9zxqx8nw0g37mq35c6xfagi6xajw95l-cargo-package-hybrid-array-0.4.13.drv'
deleting '/nix/store/lgxy9nax35pnvsqn9nvnwf55fxmxair4-rust-docs-1.96.0-nightly-2026-03-21-x86_64-unknown-linux-gnu'
deleting '/nix/store/knm4dymmy5rglq0vbkiqim481cm023mi-rust-docs-1.96.0-nightly-2026-03-21-x86_64-unknown-linux-gnu.drv'
deleting '/nix/store/5pxxyjkr9bl955p7n8ya0md70y7jzsp1-rust-docs-nightly-x86_64-unknown-linux-gnu.tar.xz.drv'
deleting '/nix/store/lp08la3gy98if522x07s9c6jgwpjn0ja-cargo-package-jni-0.21.1'
deleting '/nix/store/15pnrii1w9y6pgqnk47fkgwfp5s3xkfd-cargo-package-jni-0.21.1.drv'
deleting '/nix/store/3w01wv9ki2c9pivzs2g58y41x8gzvmcf-rust-std-nightly-wasm32-wasip2.tar.xz.drv'
deleting '/nix/store/xf3qs07206i4573w09asj2rw7prjrnir-cargo-package-windows_x86_64_msvc-0.42.2'
deleting '/nix/store/4w8li4yxfxalrxxddn5534dm3p60vmjj-cargo-package-windows_x86_64_msvc-0.42.2.drv'
deleting '/nix/store/i87dzizkwgp1pgzf3qn6sisrrm39gxms-cargo-src-windows_x86_64_msvc-0.42.2.drv'
deleting '/nix/store/9gk2hdb6k07f66ycy12la8bj67vmpq1y-cargo-src-nix-0.30.1.drv'
deleting '/nix/store/h28mrqndqqvsbfb2qy0286frifrsv3pw-cargo-package-zerocopy-0.7.35'
deleting '/nix/store/9n97h547mz03ig54h9dmyhjhap8rsihl-cargo-package-zerocopy-0.7.35.drv'
deleting '/nix/store/rr34f7188zrc8hgl5w134fh0srviwppn-cargo-package-shlex-1.3.0'
deleting '/nix/store/2g9n27n7w7ymv0gdi33pnb4dyg190khi-cargo-package-shlex-1.3.0.drv'
deleting '/nix/store/j0fhchkwm6m59ig1ircvqlimjlakfnvp-cargo-package-miette-derive-7.6.0'
deleting '/nix/store/2jn6d49kk3i8jml56y5c88w614lzlay2-cargo-package-miette-derive-7.6.0.drv'
deleting '/nix/store/1c9xvn2yvld3aj47ymzrf3ri3sdd6ipz-openssl-probe-0.1.6.drv'
deleting '/nix/store/1s6dw7dp6n9h2xncy50470nqnnaa9333-crate-openssl-probe-0.1.6.tar.gz.drv'
deleting '/nix/store/q96kri6v4aj6hc2yrpm3xaivdp5524ky-cargo-package-axum-0.8.8'
deleting '/nix/store/dalsqfihmhmvhwfpib66s1cqipp1lf2m-cargo-package-axum-0.8.8.drv'
deleting '/nix/store/askhy7dypc2389vnw46gysqvqb2vck97-cargo-src-axum-0.8.8.drv'
deleting '/nix/store/8ydbfc6x4ydrvrsk3qch1vs4pch1qdwb-ryu-1.0.20.drv'
deleting '/nix/store/fxz8rf78iq41x8qhyalms2yd9fdb418l-crate-ryu-1.0.20.tar.gz.drv'
deleting '/nix/store/a16dz3920rxb4k9n4ibkgcl363xdwgrc-cargo-package-logos-0.16.1.drv'
deleting '/nix/store/25bgsj4rm4x6hmslvj6bzgzp976lzjjk-cargo-package-logos-0.16.1'
deleting '/nix/store/4vd9p2jj7bn3l1jxnys28jdd8cawgqpd-integer-conversion-0.1.1.tar.gz.drv'
deleting '/nix/store/mwxs9iykzi91ql38c66wcvgzkpjhd4ll-cargo-package-winx-0.36.4.drv'
deleting '/nix/store/0fs3cjhz3gicpcfyifglxbrazmjar5af-cargo-package-winx-0.36.4'
deleting '/nix/store/wqgqma5wws0dh1jj2ac7wiqvlnvc4vvg-cargo-package-send_wrapper-0.6.0'
deleting '/nix/store/nd021qw0rjzbdy10cnmw4s06dimjivvg-cargo-package-send_wrapper-0.6.0.drv'
deleting '/nix/store/i4dpy2yghakcd2b8jx3i9wihxa28gkv3-parking-2.2.1.drv'
deleting '/nix/store/vns5xwr1z0gjfbxp0p60vfxb9z3szxmk-crate-parking-2.2.1.tar.gz.drv'
deleting '/nix/store/ysqk5spiq7v09wfqwza4hhpbx9jfwqh4-contravariant-1.5.5.tar.gz.drv'
deleting '/nix/store/13amaw7q75yxqjyga34ml0f4myxga86a-cargo-package-zerocopy-derive-0.8.56.lock'
deleting '/nix/store/k0wwkhlx2qj8zv6gbwbzw1n0mdm39c6s-rwkv-layer-harness-0.1.0.drv'
deleting '/nix/store/fr1yimgj77ckzm6n4ai1ipc10m690qkh-rwkv-layer-harness-0.1.0'
deleting '/nix/store/cx9s8rviz9d2blw22d8a7hk871sdmwhn-source'
deleting '/nix/store/pgc6nmr2g51k05b6mlxdil994n3s20rd-cargo-package-thread_local-1.1.9'
deleting '/nix/store/ib8kphshq6sgrw4cdblnmxm1j5d6qbkb-cargo-package-thread_local-1.1.9.drv'
deleting '/nix/store/arfpqa8pf5ycf0dg1hh39wvsqmwky7lf-cargo-package-crc64-2.0.0.drv'
deleting '/nix/store/a9yy2314jbrj04vk0lzwr8045pfx5mhv-cargo-package-crc64-2.0.0'
deleting '/nix/store/j1diwgwnic00n43mdldimrbc7i3xvwfm-cargo-package-arrayvec-0.7.6.drv'
deleting '/nix/store/30ba0bh9sixdm7d8mzccb77v0a2d2w5w-cargo-package-arrayvec-0.7.6'
deleting '/nix/store/n4l1qzcfg2d4hdxlnpz4m27rscz5g8cb-cargo-package-wit-component-0.244.0'
deleting '/nix/store/jkzgivpsv2sb4vz9r0r81a3294d3p78p-cargo-package-wit-component-0.244.0.drv'
deleting '/nix/store/ic6dn9862z2dfj6xzcsl8alm0d8bgp24-Cargo.toml.drv'
deleting '/nix/store/jbljljb2pvl8mqzqpf4s12b2f1hk7dsq-cargo-package-tinystr-0.8.3.drv'
deleting '/nix/store/491fnia0rv86p29k7x1k5j24r9yfckr3-cargo-package-tinystr-0.8.3'
deleting '/nix/store/v142gf5x755p79wkgma9pzyc6d9bq63x-cargo-package-jiff-static-0.2.35.drv'
deleting '/nix/store/fn0w641w0pdarzn7wp85xxqqaxfy0qr7-cargo-package-ambient-authority-0.0.2.drv'
deleting '/nix/store/ff3n1gi6s9dklpq5a5wf0nsdz4bpj7hs-cargo-package-ambient-authority-0.0.2'
deleting '/nix/store/zyn1fhklb5m8d116v4bb9s6fv92m07wv-cargo-package-postcard-1.1.3.drv'
deleting '/nix/store/y8al7bs7cx1gzwq3k8rw0jcx3v98yafb-cargo-package-postcard-1.1.3'
deleting '/nix/store/0jl5n4jxi1ayry7mhkrm1k30q7wpz2n5-either-1.15.0.drv'
deleting '/nix/store/9s7g5mmq9nlv318kqk6a6ay2pmdlm6jd-crate-either-1.15.0.tar.gz.drv'
deleting '/nix/store/3s2n6gk68kry6phzc92fgbizhwjfrgng-curl-sys-0.4.84+curl-8.17.0.drv'
deleting '/nix/store/wx9n15ns5rvdd1mbvkx9grj59k03r02b-cargo-package-core-foundation-sys-0.8.7.drv'
deleting '/nix/store/rjhd6xv6dqmq4yinfm9rzl6gf0nb9xas-cargo-package-core-foundation-sys-0.8.7'
deleting '/nix/store/fcx2axd687v8w26bfl539in3rf6665d9-cargo-src-core-foundation-sys-0.8.7.drv'
deleting '/nix/store/jgdcg24grl948qxz3lv6bvzbsxvxabbp-cargo-package-utf8parse-0.2.2'
deleting '/nix/store/0v3sgxp4d9hd4f1balybkbs5g6kzzg83-cargo-package-utf8parse-0.2.2.drv'
deleting '/nix/store/pknqbw7varlh4mrb7ks33c59qs84136q-cargo-src-typed-builder-0.22.0.drv'
deleting '/nix/store/gg3w0gid1mc2b3kf3xqvwkwnz842fhkm-cargo-package-lru-slab-0.1.2'
deleting '/nix/store/fg2vz1yndbsrzjpj6bm4bq6l5gny3mmk-cargo-package-lru-slab-0.1.2.drv'
deleting '/nix/store/j0m0fng718k462ps0fwv4b95snriv5bf-cargo-package-ryu-1.0.23.drv'
deleting '/nix/store/i7a6rzj434ya3nv6zz8x14pkkj9s19yv-cargo-package-ryu-1.0.23'
deleting '/nix/store/kjyb0y3rd4sdaii0xin41i7cs14i8m30-cohort.json'
deleting '/nix/store/cg6yq8qm2gxxhcchqmjyqp66kp3x6y49-cargo-package-thiserror-impl-1.0.69.drv'
deleting '/nix/store/4kd9cxq1s5czd9illyd8sb5c24bay5jb-cargo-package-thiserror-impl-1.0.69'
deleting '/nix/store/bpnpmshxk21y53c2y5vyax4fz4wdg3fb-cargo-package-serde_with-3.18.0'
deleting '/nix/store/27rka96x12qj7w0fsk2czyya9wr84h6m-cargo-package-serde_with-3.18.0.drv'
deleting '/nix/store/hib37n818iphbhwjzji0kr8c6dywcxhx-cargo-src-serde_with-3.18.0.drv'
deleting '/nix/store/pgdrawilbx9mx41wzw5zgwxdm52fj8fi-Cargo.lock'
deleting '/nix/store/9y76374rsw9wmyf4b3yrn05kcfa5hkm4-cargo-git-rad-z2QJLUqyAZnnHPiZQ1BFjLsX9ush3-ab123e3673b6dd616b3df5d044026b5e85755149.lock'
deleting '/nix/store/1c6c0qxijjsqxvq2zaiya6a9zbib0f98-aeson-2.2.3.0-r4.cabal.drv'
deleting '/nix/store/p6p59j7w06wn9hpwqphfx2wxlz1357al-cargo-package-cargo-platform-0.3.2.drv'
deleting '/nix/store/f4qmxvxln6jlqfrhr3qiyvrwvqyv14sd-cargo-package-cargo-platform-0.3.2'
deleting '/nix/store/nrm25n4j1p2n4zbchlnmj9lbblzhpspn-cargo-package-reqwest-middleware-0.5.1'
deleting '/nix/store/66idnm0lb9nzn3lp0qfiv823ksl1gmvz-cargo-package-reqwest-middleware-0.5.1.drv'
deleting '/nix/store/r333bmsy6dfdh08jzqip1gdwaamzv6nr-cargo-src-reqwest-middleware-0.5.1.drv'
deleting '/nix/store/yy3dyffvpvh64gxxg5l62mnczm3576h5-cargo-package-rstest-0.26.1'
deleting '/nix/store/jm1jpx91kq3lszg3h2aa2g77nf831ax3-cargo-package-rstest-0.26.1.drv'
deleting '/nix/store/wrbr986krc13imcsnkjr9dsylrpk004j-cargo-src-rstest-0.26.1.drv'
deleting '/nix/store/mvy6wfhkdinydj3svl77f4v9kvfzr4m0-cargo-package-thiserror-2.0.20.lock'
deleting '/nix/store/jp51s3ad8pz3cmgmzbbzcs0qjz7lnmq1-cargo-package-schannel-0.1.29'
deleting '/nix/store/2wnb25z2xdsn5yv2fqxrk9q9hxxrfybr-cargo-package-schannel-0.1.29.drv'
deleting '/nix/store/xmjvq4s8lrcsqs9i3fcdbzqpx2jaakv4-cargo-package-cranelift-bitset-0.116.1'
deleting '/nix/store/9invmqfa0g5andmfg97f3f1zqxc61490-cargo-package-cranelift-bitset-0.116.1.drv'
deleting '/nix/store/a1s7xbblqm434v55mi59n99f7cql5d9s-cargo-package-wide-1.7.0'
deleting '/nix/store/0hgv8b8snfa06ml7p3cl8jqws5zzcgh7-cargo-package-wide-1.7.0.drv'
deleting '/nix/store/z4vld0qqhi8440k05rdp3lcdb4s2wcm5-cargo-package-event-listener-strategy-0.5.4.drv'
deleting '/nix/store/sw80kzz1swz8i587jwsjziz9raixbjim-cargo-package-event-listener-strategy-0.5.4'
deleting '/nix/store/xy7vwnzgxdj9yr3drafigc6bib9rdr96-http-0.2.12.drv'
deleting '/nix/store/ypjcclynkl05hrkdm80zlg8r5ng1r37z-cargo-package-spin-0.9.9.drv'
deleting '/nix/store/h66ias27zsd9g0c70vs5apflmpaa7kca-cargo-package-spin-0.9.9'
deleting '/nix/store/i48khch94p5py5rckjxlkb2j76v4khyy-crate-wasm-encoder-0.220.1.tar.gz.drv'
deleting '/nix/store/q0innw5rcpk8syz46vhjwmq2r3jnp54s-autoreconf-hook.drv'
deleting '/nix/store/nyf7bc7fhakszq9qhza7gbhghxbmvrvp-autoconf-2.69.drv'
deleting '/nix/store/g310gz27jdazkbpzzdy9xikxh29awzd7-cargo-package-cranelift-0.116.1'
deleting '/nix/store/b97qazjvp1v4nfz18q1az8gl0r5pvc1z-cargo-package-cranelift-0.116.1.drv'
deleting '/nix/store/kl7a8p1nbz26idcy5vamr2lrgv5gg7k7-cargo-src-cranelift-0.116.1.drv'
deleting '/nix/store/lvs84zsvkw67g83w6jpnffr4886lqhg7-cargo-package-nickel-lang-2.2.0.drv'
deleting '/nix/store/40fxmhayjqll55m5qbifan1qvdvxr9ai-cargo-package-nickel-lang-2.2.0'
deleting '/nix/store/ikbfn11bqalmhm6gkj73mxk40pamcn3i-cargo-package-windows-result-0.4.1'
deleting '/nix/store/fy7d6kc1df3w3fifa7hbbbn942vhq4fk-cargo-package-windows-result-0.4.1.drv'
deleting '/nix/store/fnhfspa9r71nr3mqk1h4gc12pjldibvp-cargo-package-vcpkg-0.2.15.drv'
deleting '/nix/store/38d653gxni6pwygalzwvj22zx8wjryjb-cargo-package-vcpkg-0.2.15'
deleting '/nix/store/frr4kddsa9fhpmnk5cq6kcjl61wg2d5b-cargo-package-lalrpop-0.22.2'
deleting '/nix/store/b99f19h37g4pa88fj5wnaj3gl8kfyhp5-cargo-package-lalrpop-0.22.2.drv'
deleting '/nix/store/zrixy24w32w2y3ilcy712vg06i46jq30-rust-src-1.98.0.tar.xz'
deleting '/nix/store/5hbybjcbw5wgxcn4kwpxnvx7j5c9nwph-rust-src-1.98.0.tar.xz.drv'
deleting '/nix/store/dpz0w8kw3j2wlgxvbh50kqd5nh456pgl-displaydoc-0.2.5.drv'
deleting '/nix/store/zkk57gpzmz3cgdz6qx0pr7604if34jmj-rust-src-stable-2026-06-30.drv'
deleting '/nix/store/0rmj4xjb6amkw83r5a0dgy38hns9lliq-rust-src-stable-2026-06-30'
deleting '/nix/store/sr2n2ziwhahhqxk9bmh3ih21i3gy6m1a-cargo-package-windows_x86_64_gnullvm-0.53.1.drv'
deleting '/nix/store/drmdxs3v1jigga9pd77nc23g36hlngav-cargo-package-windows_x86_64_gnullvm-0.53.1'
deleting '/nix/store/mzcl0lj3hv5r51c9bjh9l51pz9qmwzma-cargo-package-tower-http-0.6.8.drv'
deleting '/nix/store/gb3zmznznzq8rzzzx1mv33miyf1024ii-cargo-package-tower-http-0.6.8'
deleting '/nix/store/d58wg6vyq9s9ccsjk16b12bdg08nfd69-cargo-src-futures-core-0.3.32.drv'
deleting '/nix/store/kq8ycqcbblvfv6xpzfnh9gyjwzf5ws2x-cargo-package-typenum-1.20.1.drv'
deleting '/nix/store/bzwqfqy0khfz6i1appxvz95l0db6x3xb-cargo-package-typenum-1.20.1'
deleting '/nix/store/yv39xvfkn8qb9rl7yh1015vs92g61j9c-cargo-package-proc-macro-error-attr2-2.0.0.drv'
deleting '/nix/store/sswl38x19f9r05cpbs1bsnq71p6iif2v-cargo-package-proc-macro-error-attr2-2.0.0'
deleting '/nix/store/ppsqkbfhy14dhpjwn2jvn4ysvgs50k0x-cargo-package-libssh2-sys-0.3.1'
deleting '/nix/store/c68hls3qs56cnm4phk2q94j2alznhjgj-cargo-package-libssh2-sys-0.3.1.drv'
deleting '/nix/store/yx8iq8jx5mgh19247gny898zh2s35abm-windows_x86_64_gnu-0.48.5.drv'
deleting '/nix/store/ncywk69l1mqxg7gfllaba2lr7jqsilpi-cargo-package-security-framework-sys-2.17.0.drv'
deleting '/nix/store/5kbj15n91dcm8mi6i2azan9ib4bci25d-cargo-package-security-framework-sys-2.17.0'
deleting '/nix/store/ydr1l4h0f5xc45h6jc5yi80q05mwn0b0-cargo-package-heck-0.4.1'
deleting '/nix/store/6gwv0bbp6s6k0a4wkax61qn7gd8zwmlq-cargo-package-heck-0.4.1.drv'
deleting '/nix/store/g1v4jyq82y7yjxjz5y7mkhfidxlf709p-cargo-package-spin-0.10.0.drv'
deleting '/nix/store/amd5np4vka1gbysayyr8w12crbkn4xmw-cargo-package-spin-0.10.0'
deleting '/nix/store/fk2jn8imsysnc9ksryx38b835pj9gf2x-cargo-package-sha1-0.10.6'
deleting '/nix/store/74y1hvrzmdz0dbwwl5fx9p7xh2mhf2vw-cargo-package-sha1-0.10.6.drv'
deleting '/nix/store/jl011ap98kngl21vj58c17f3356xkiiy-cargo-package-nibble_vec-0.1.0'
deleting '/nix/store/28170md0wp0m45408iyzmrjifzd6gr7n-cargo-package-nibble_vec-0.1.0.drv'
deleting '/nix/store/q5hj1nggdvkgw7z198jyww459is8yj37-cargo-package-yoke-derive-0.8.1'
deleting '/nix/store/dpmmaf4vi36jf5wj1ryjpq8mfj5axc07-cargo-package-yoke-derive-0.8.1.drv'
deleting '/nix/store/xnscvvmc97bkqq2vb55wf0zgci87bjla-Cargo.toml.drv'
deleting '/nix/store/qxl5agwxqry1bnjy5gg52n5jcbdx4nf1-Cargo.toml.drv'
deleting '/nix/store/kr5gii1gimrarlqsyfjvz1f2dbfpnzvm-cargo-package-utf8_iter-1.0.4'
deleting '/nix/store/cb57h9s8a7yg8z8hf2b8jbkqfvr1qz3q-cargo-package-utf8_iter-1.0.4.drv'
deleting '/nix/store/s9h4z32z5kx0qikcpjxzybdxh26gnh3j-cargo-1.88.0-x86_64-unknown-linux-gnu'
deleting '/nix/store/bq7gbmj9d7af87bpl2hx7kxgr0jb77kz-cargo-1.88.0-x86_64-unknown-linux-gnu.drv'
deleting '/nix/store/l80nmzayp60wkjqyg1d8gc2cnf6v3k22-cargo-1.88.0-x86_64-unknown-linux-gnu.tar.xz.drv'
deleting '/nix/store/yirnmyw1lwxlz5y2sbvsf67yvdss7myr-cargo-package-fs2-0.4.3.drv'
deleting '/nix/store/mpnn6q5mlkp599gpxcfa0rpbn1jichnd-cargo-package-fs2-0.4.3'
deleting '/nix/store/axf97qn1myp380jhqcmwbcw6di1c5ryl-futures-core-0.3.31.drv'
deleting '/nix/store/yk2jdkricdym2xbiz6mdkpd87c509j0r-crate-futures-core-0.3.31.tar.gz.drv'
deleting '/nix/store/fd7x6bw5gp22rbin304hg75h6ik84j93-texinfo-7.0.3.tar.xz.drv'
deleting '/nix/store/sqh37c7nf1ajl8pv56ncrkzdzgsi0vfa-typenum-1.19.0.drv'
deleting '/nix/store/pn42g8cfs8kigrg9pcnjf397lkqyhmq0-cargo-package-ident_case-1.0.1.drv'
deleting '/nix/store/jr71m14y92dvf2ywpj177rg75z712j0w-cargo-package-ident_case-1.0.1'
deleting '/nix/store/pym15rr8qa48mf53b3vv33ig2ihi8xay-cargo-package-windows-core-0.62.2'
deleting '/nix/store/6k6hgfs0jq543flbhgs68mhvc71vmfik-cargo-package-windows-core-0.62.2.drv'
deleting '/nix/store/mv447wpwg05w3fi78x9ca7fi3ilhbv3z-ralph-drain-stack-self-test.drv'
deleting '/nix/store/cj1ssbbvv0hy26m7qfv9sm036fy3lnjf-ralph-drain-stack-self-test'
deleting '/nix/store/qic842r6lrdyacnqs6dh6ihmicvr6l3q-cargo-package-tokio-1.50.0'
deleting '/nix/store/kr6fzw9z3fyfhfqkhwnhlm4m06xhzd57-cargo-package-tokio-1.50.0.drv'
deleting '/nix/store/pqlcsfzxn925s40rz535sk59wnklnap9-cargo-src-tokio-1.50.0.drv'
deleting '/nix/store/4cvzz711z4402fxa5phwdgwmlkx6c51f-cc-1.2.50.drv'
deleting '/nix/store/58qcdbwaw55a8pd2wgbkw07h0p7yyb14-crate-cc-1.2.50.tar.gz.drv'
deleting '/nix/store/ra1sjnh2yhapgs3pp9q98z3h2sk7wd9y-cargo-stable-2026-06-30'
deleting '/nix/store/kmyw5ndk8cb4f3hpvg33qvhhsflh8mnb-cargo-stable-2026-06-30.drv'
deleting '/nix/store/7lr494f1rrd9py08ks6x6a2r8m5x6gcp-cargo-1.96.1-x86_64-unknown-linux-gnu.tar.gz.drv'
deleting '/nix/store/3dhnwxvv2qmsxw4ii6y1g3yvb43gwyp7-cargo-1.96.1-x86_64-unknown-linux-gnu.tar.gz'
deleting '/nix/store/35x8273dmmpydnjhlvn89d6gil9xva3q-cargo-1.96.1-x86_64-unknown-linux-gnu.tar.gz.drv'
deleting '/nix/store/4fhcjq21ri13ya9dha1zpzyfb3w5hy33-python3.13-xmltodict-1.0.4.drv'
deleting '/nix/store/mivpq3j7fjqzwcvlf1982d9a9lrimrh2-cargo-package-proptest-1.11.0'
deleting '/nix/store/5382sngbf2mv1f4c2y4lrrk41wr5vvcj-cargo-package-proptest-1.11.0.drv'
deleting '/nix/store/ydga9m92v9clcg2jkk257n89hvh7v4dg-cargo-src-proptest-1.11.0.drv'
deleting '/nix/store/yx98ixxvkyd7x2vfdwf41vhnrdnvxczz-cargo-package-jni-sys-0.3.1.drv'
deleting '/nix/store/p32h1fsj202ny5986lpjfdc6v4i9s6nx-cargo-package-jni-sys-0.3.1'
deleting '/nix/store/2h90ncf78baci834zsiqy5ynq8cn927f-yarn-berry-4.14.1.drv'
deleting '/nix/store/x5yzcgagphxlc6bv33zzbh4lhdyf3m07-cargo-package-windows_i686_gnu-0.48.5.drv'
deleting '/nix/store/cqvabks99z7b21r8zv6sa78cjr3k0bha-cargo-package-windows_i686_gnu-0.48.5'
deleting '/nix/store/qishnm9kn48ykjl3js5i2blqp9yjsis4-cargo-package-defmt-parser-1.0.0'
deleting '/nix/store/arixyhf9spc5mgxaqj5igr1xa7nmsib3-cargo-package-defmt-parser-1.0.0.drv'
deleting '/nix/store/mixq0lfmf3xry4qgjajij10hiy0wxv30-cargo-src-defmt-parser-1.0.0.drv'
deleting '/nix/store/yw75jhirnywx2wvsd941fmzap5pqyfr9-cargo-src-cranelift-bforest-0.116.1.drv'
deleting '/nix/store/gmdg981fghpjqn31an8a5py4g6vs9jzn-quickcheck-instances-0.3.33-r1.cabal.drv'
deleting '/nix/store/jpdvx90yn1z71i38rm68bxxzrqiy3bdy-cargo-vendor-dir.drv'
deleting '/nix/store/bpphmd1n32br46y68j7h5p43kr7b3pqd-cargo-vendor-dir'
deleting '/nix/store/2p7d7zfbd840v6wkmxrwmia24mpc9k1g-Cargo.lock'
deleting '/nix/store/blaahgffjd6cw6iaadr95vaiwlvdklj3-sluice-0.5.5.drv'
deleting '/nix/store/g4mr7vaax9mzsdly1gsc3jkisj5h6izy-stringbuilder-0.5.1.drv'
deleting '/nix/store/qhaj1nw3ar4nakb2vx4nw64awvswyz24-stringbuilder-0.5.1.tar.gz.drv'
deleting '/nix/store/vq35liddqhq9n9ldc6b4dwwkrhfhldgl-stack-deps-check.drv'
deleting '/nix/store/vd8svfiixnkplkai7k4vma3b02yada22-muse-worker-self-test.drv'
deleting '/nix/store/rlqihq96w0d4dji7ffchm5l0a1va3rzv-stack-deps-check'
deleting '/nix/store/cf0p5lw45gsp4xdyrs3m62yqzix38k69-outcome-machine-policy-check'
deleting '/nix/store/ahypigdmyf6vp3gh5say85dx2ckwrg7g-outcome-machine-policy-check.drv'
deleting '/nix/store/4hk52x9ljq89qc1f6dv7cr17wcjdwcrr-muse-worker-self-test'
deleting '/nix/store/16vv81zdg2lrfrafn3a62hhfrx7crb9g-source'
deleting '/nix/store/gvgqql06fhs55myw04735b342msnl0ga-cargo-package-ryu-1.0.23.drv'
deleting '/nix/store/7ldg1r7yxwmafl8jrbgckmvviww25haa-cargo-package-ryu-1.0.23'
deleting '/nix/store/g0dif5as5n8b1pqapg15anb6chlspaaw-cargo-src-proc-macro-error-attr2-2.0.0.drv'
deleting '/nix/store/pkkmdya4xylfyz1f4kk6d7a2xhkzj1lp-cargo-package-regex-1.12.3'
deleting '/nix/store/h1fkwfpdm4z12bwbx1a4mngi8jjg8m4r-cargo-package-regex-1.12.3.drv'
deleting '/nix/store/f8bgm9nxzj7dwnx8zby3aanmc23bm51c-cargo-package-try-lock-0.2.5'
deleting '/nix/store/4wdlcmpbk2bxl22dpwzrb16kwz91ygck-cargo-package-try-lock-0.2.5.drv'
deleting '/nix/store/c13pla4g8mg8lgs25zxrqzz8klz1g4vb-cargo-src-darling_core-0.21.3.drv'
deleting '/nix/store/x7cz493rx91mcf7n12bxkyl0amgw30m8-cargo-git-rad-z2QJLUqyAZnnHPiZQ1BFjLsX9ush3-ab123e3673b6dd616b3df5d044026b5e85755149.drv'
deleting '/nix/store/v3lh79iz2m5mngi5fprbdkn42ms7835k-cargo-git-rad-z2QJLUqyAZnnHPiZQ1BFjLsX9ush3-ab123e3673b6dd616b3df5d044026b5e85755149'
deleting '/nix/store/1ihajjhc3drgvkb5wrv46bf2qr106hc5-cargo-src-cranelift-frontend-0.116.1.drv'
deleting '/nix/store/zm4yghzgr6gvhqwld7a6dgamgmdx3i6c-cargo-package-windows_i686_gnullvm-0.52.6.drv'
deleting '/nix/store/drdpvfh3mrwxv78s94rqw761dcb534wy-cargo-package-windows_i686_gnullvm-0.52.6'
deleting '/nix/store/l3sv810qnaimv00an3qqf27bl0l2l2fr-cargo-src-typenum-1.20.1.drv'
deleting '/nix/store/fkqdff5i81argzzxai48swnb6jvxmdaj-zerofrom-derive-0.1.6.drv'
deleting '/nix/store/4dnp5fjyvmxwrjjif4c56n7rbrlnf373-openssl-sys-0.9.111.drv'
deleting '/nix/store/vmhx0bvlav27c96av5b5ch6g7ahm0ca2-crate-openssl-sys-0.9.111.tar.gz.drv'
deleting '/nix/store/jxmhb45nm9dya25rxvya9h9gxcwlj2b1-cargo-src-async-lock-3.4.2.drv'
deleting '/nix/store/f1mb0in9vixpqf5sjwjw1yy45zpzl7qx-cargo-package-percent-encoding-2.3.2'
deleting '/nix/store/9b1vm01kxfxz18xv3sqh1iylk7rq3ch3-cargo-package-percent-encoding-2.3.2.drv'
deleting '/nix/store/q7ikgn623wxy2zs93lw96fkcbkcpkvzl-cargo-package-socket2-0.6.3'
deleting '/nix/store/h3wyic4zryg1qdffj66skjmp8ipkrcpw-cargo-package-socket2-0.6.3.drv'
deleting '/nix/store/vdwgkj0csvylk0cah3h998g639c8gk8m-cargo-package-io-extras-0.19.0.drv'
deleting '/nix/store/q5pfj7xz7vdypdyaras29kc4s8gazn2s-cargo-package-io-extras-0.19.0'
deleting '/nix/store/jjcdiz2yi3ys5dzvs4dqsfd3f6976m38-cargo-package-thiserror-2.0.18'
deleting '/nix/store/bx8b6g2s0lb3lz9cmijkfs5azr9bhxnx-cargo-package-thiserror-2.0.18.drv'
deleting '/nix/store/sz8xn8p8ixwkc4i11dh403hfddxlrab2-cargo-package-versionize_derive-0.1.6.drv'
deleting '/nix/store/ngic60h1c8ycjiag7fqxm454lg1ram68-cargo-src-versionize_derive-0.1.6.drv'
deleting '/nix/store/bbrh4ws752a081g175wnblrmx05whrx1-cargo-package-versionize_derive-0.1.6'
deleting '/nix/store/qgqf0bsgi24yp0yf1flql5s6k1m96w1f-cargo-package-embedded-io-0.6.1.drv'
deleting '/nix/store/8waw9q1xjv2nhknzbph8crjyi6kk4151-cargo-package-embedded-io-0.6.1'
deleting '/nix/store/5wzrlvpz1ddl2ih7p40lp9j2alc7cprp-cargo-src-embedded-io-0.6.1.drv'
deleting '/nix/store/qi5rx095lsdjlx4bwr5rsms58s6928n2-cargo-src-vcpkg-0.2.15.drv'
deleting '/nix/store/93r7h5x1jzgk5w62zw99f7x1xybx5xi3-cargo-package-serde_json-1.0.151.lock'
deleting '/nix/store/5x94sv8k8mpphvjdar9crh01qfb873pm-cargo-package-quote-1.0.44.drv'
deleting '/nix/store/2ar0x39pj0b8xvbc18q9sx621vrf9w6x-cargo-package-quote-1.0.44'
deleting '/nix/store/drwjvylnhgwl2p14q24jhv99zp14yx60-cargo-src-gix-revwalk-0.29.0.drv'
deleting '/nix/store/dappydh8kvczdnqqy10bgg2zgy3fxk5a-cargo-package-cast-0.3.0.drv'
deleting '/nix/store/8wlwzr671280vc3ck3j7hfrisq20fdai-cargo-package-cast-0.3.0'
deleting '/nix/store/dd10rqrgvapw90vsaxsv3jmk3d72754p-cargo-src-termtree-0.5.1.drv'
deleting '/nix/store/pls4s0b40y7ibpsprgbic5rlw4850y6l-cargo-package-rustls-0.23.37.drv'
deleting '/nix/store/ldiy3x5whlr1kjvkpv3yr0rinh2nw1gl-cargo-package-rustls-0.23.37'
deleting '/nix/store/09k0abi0mmwsp5jaz7shkhpra0cjm8qb-source.drv'
deleting '/nix/store/n7kl1b4qcp9fl1mw3sgb5qpbk2k7wrfb-cargo-package-libredox-0.1.15.drv'
deleting '/nix/store/3zfj9l5w0adh0ym35h67wmq8wxkkn72b-cargo-package-libredox-0.1.15'
deleting '/nix/store/12xcyff2j7rfjd0rr0sf84nvjrlkxim4-Cargo.toml.drv'
deleting '/nix/store/ww9kgxngw1ykzdz005q8j16zxgwd2sbk-cargo-src-jni-0.21.1.drv'
deleting '/nix/store/h1p2n9f0hknn5mg70cayhm7j743yh0mk-cargo-nextest-0.9.138-vendor.drv'
deleting '/nix/store/cd2sjc7bhdlayb4l4k0w6awwyxv1nnd6-source.drv'
deleting '/nix/store/1d7wad3n9kk7347f1zxxvsr1s2m2799q-cargo-src-webpki-roots-1.0.6.drv'
deleting '/nix/store/rps6l45nk70l7bw0r9qnr4xhmsk4bcm9-cargo-package-difflib-0.4.0'
deleting '/nix/store/c2zg5ywpsx7kb61s2yirmq3arxski1dg-cargo-package-difflib-0.4.0.drv'
deleting '/nix/store/iywf8axvwrfs9ckiq7rxvm0xr9vfik4m-tree-sitter-c-neovim-0.12.3.drv'
deleting '/nix/store/a0wyqjbxx3bp8d9k2lswihl46k81l09f-cargo-package-httpdate-1.0.3'
deleting '/nix/store/9jqyy1vi8i2d606d3zvc9nzhb3lp3900-cargo-package-httpdate-1.0.3.drv'
deleting '/nix/store/ggwcmfga76xzhlzkr8l8bkz7c8z3vhdg-windows_aarch64_msvc-0.48.5.drv'
deleting '/nix/store/fnlg5qmpgy5vizmaqyh0bx7rk9zl4w3w-crate-windows_aarch64_msvc-0.48.5.tar.gz.drv'
deleting '/nix/store/k0xg3bfkkaph12532vknar3p2kg2jq99-rust-analyzer-1.96.1-x86_64-unknown-linux-gnu.tar.gz.drv'
deleting '/nix/store/ri4fiwhk4pxn3wwvbm733s518i19g48v-windows_i686_msvc-0.53.1.drv'
deleting '/nix/store/fhv1gcfk76zcg350j0id514lahbdvlnn-crate-windows_i686_msvc-0.53.1.tar.gz.drv'
deleting '/nix/store/i4l1hsf10mip50mg514mwsda9p8hq3a7-portable-atomic-1.12.0.drv'
deleting '/nix/store/krdj4qam2qhjm2d792q3liwy3ayn0px9-crate-portable-atomic-1.12.0.tar.gz.drv'
deleting '/nix/store/m0kv1zhjmaj6acbka07g3n0qqip7imhx-libnftnl-1.3.1.tar.xz.drv'
deleting '/nix/store/3xh7095mnkix326dagdzlgjrwrpyxzn6-jiff-0.2.16.drv'
deleting '/nix/store/0clhjnfzdd9dxvsb8sjwgzbznmbmlzfy-wasm-tools-1.245.1-vendor.drv'
deleting '/nix/store/xbclbw87b04jqricljrnj9kkbw7gjqzz-wasm-tools-1.245.1-vendor-staging.drv'
deleting '/nix/store/75xw46klkpncpn8b9jqn9x2f9wa8b5i0-libnetfilter_conntrack-1.1.1.tar.xz.drv'
deleting '/nix/store/jxidsmxrsizd89jpnllwp5zghgiq6wd3-stylua-2.5.2.drv'
deleting '/nix/store/8y5ars30x2axzqjwdhg2364sg9gb7kz5-stylua-2.5.2'
deleting '/nix/store/bcjrx4npls5f2vgi8pv5wwh3g0snc515-cc-wrapper.sh'
deleting '/nix/store/qpif4pryr77b4mnlpmpvyzn63gxp17ds-cargo-nextest-hook.sh.drv'
deleting '/nix/store/h7qq1h5r085sbqnjrhwhsz53h0xsbwbf-cargo-nextest-0.9.138.drv'
deleting '/nix/store/4vczl1nik7y99585793k6ldal8cha5bv-cargo-nextest-0.9.138-vendor.drv'
deleting '/nix/store/1cifvmlzi206p6yggq0kv4nd5a36zxwk-cargo-nextest-0.9.138-vendor-staging.drv'
deleting '/nix/store/jnma68vvm7bs7yrnz808vcgls2f00vfd-cargo-src-linux-loader-0.13.2.drv'
deleting '/nix/store/wvf6b3j3hdqi0r7z0idjv85nzaq2wk6k-cargo-package-plotters-backend-0.3.7'
deleting '/nix/store/ph70y5ndp5k34hqnwghk1caarma7p1lj-cargo-package-plotters-backend-0.3.7.drv'
deleting '/nix/store/2hs04zlghdchzgxcq85gf6yhzmf1ylwa-cargo-package-env_filter-2.0.0.drv'
deleting '/nix/store/r6cf7vjb1lvxga75s0g3vjhjdshh8k6n-cargo-src-env_filter-2.0.0.drv'
deleting '/nix/store/pa4y39cbihdf6z3w5p7lzh1w2sd3w7k0-cargo-package-bincode-1.3.3'
deleting '/nix/store/8jhh70vh2jvy6xpc7052jai5x4p14r0x-cargo-package-bincode-1.3.3.drv'
deleting '/nix/store/cyzjy6j31mlbp0fr5jrwglr6wyghz0l4-cargo-package-serde_yaml-0.9.34+deprecated'
deleting '/nix/store/a5x9rmbs2gllp0i4b5nlp03ipvjpnbcx-cargo-package-serde_yaml-0.9.34+deprecated.drv'
deleting '/nix/store/xjr3md6hs86dm876k0xjsxpsv3mkk5jz-cargo-src-tracy-client-0.18.4.drv'
deleting '/nix/store/g8zp3b20wnvkzzpvqa63r5gwm453hk8j-cargo-package-spki-0.7.3'
deleting '/nix/store/9pmphr4i3c9qz1sh4cqlilv3dhcyqd7m-cargo-package-spki-0.7.3.drv'
deleting '/nix/store/6b25sncgdina2ymi4ymm6d2skvciw573-gawk-get-version-5.4.1.drv'
deleting '/nix/store/8xy9yi1vwp0mc32lz37jgva7hck5j9by-gawk-5.4.1.drv'
deleting '/nix/store/hvr090gmzxh1fmghy3crdsdhv0z2p3dp-gawk-5.4.1.tar.gz.drv'
deleting '/nix/store/p79lvqqk4incxqkylc0h99l80xczscnd-cargo-package-tonic-prost-build-0.14.5.drv'
deleting '/nix/store/bkkbil3z647wywwh3kx3l6md3w4mcdqz-cargo-package-tonic-prost-build-0.14.5'
deleting '/nix/store/ckqlpi2jlds8rcn6zbhlavflp38kkp3s-indoc-2.0.6.drv'
deleting '/nix/store/yprcd46m7wb7fj7j5glwpvqzzcjwrr09-pkg-config-0.3.32.drv'
deleting '/nix/store/ks6nqf1bi1g6jdbr0dsxkjbbq42fn32j-cargo-package-wasm-bindgen-0.2.108'
deleting '/nix/store/3kpg142p1d022sskivlalj59rfk4y9ig-cargo-package-wasm-bindgen-0.2.108.drv'
deleting '/nix/store/zqczvama2ax9vw16a8lbvg4k0d89qg0s-Cargo.toml.drv'
deleting '/nix/store/w34xim20s3f8sq999wmixs87l3crabkb-cargo-src-http-1.4.0.drv'
deleting '/nix/store/x338v3jjlay3imjc36xk21xnwj96qjdp-cargo-package-gix-status-0.28.0.drv'
deleting '/nix/store/3vq5khx3nl4xckcg7ssbjrv3cayjv1pa-cargo-package-gix-status-0.28.0'
deleting '/nix/store/5vlv63ivnrz3f1ja5pm0n85xw7ab62h2-cargo-package-crossterm_winapi-0.9.1.drv'
deleting '/nix/store/108jhygxf3c28fvawppy53i2d06f75vd-cargo-package-crossterm_winapi-0.9.1'
deleting '/nix/store/hih2iaxxcfvfkijl40hdb10w19iv3qif-ambient.drv'
deleting '/nix/store/mwygqdwl6ysbw4aygi0hy3x0si09nkqn-mold-unwrapped-wrapper-2.40.4'
deleting '/nix/store/9s5468sc5hciq047wzn7vcg05j05bfa6-mold-unwrapped-2.40.4'
deleting '/nix/store/4cx1l1vj9m10lhpipbrcbmqhb9h39g3b-mold-unwrapped-wrapper-2.40.4.drv'
deleting '/nix/store/bql5inqrjc8q6jqmkxcblrhwpgw6vd1z-mold-unwrapped-2.40.4.drv'
deleting '/nix/store/hjyv96naa8gk8yllajfrxy742rri54sv-cargo-package-gix-packetline-0.21.2.drv'
deleting '/nix/store/5q4hrl0kj7s89zdn5618mwb3fr7i21vx-cargo-package-gix-packetline-0.21.2'
deleting '/nix/store/qzy834qdd473gsywmx7ysbc1xi6rsv44-env_logger-0.11.10'
deleting '/nix/store/jxmlqnd3nh68p137q34nzqrq7k664q6r-env_logger-0.11.10.drv'
deleting '/nix/store/dl8di64a4iwn6yngs11yl82zcgnvbxwa-qwen36-service-source'
deleting '/nix/store/v27hdaza4sr0srgyrk5bk7vvyfwb13x2-cargo-src-mockall-0.13.1.drv'
deleting '/nix/store/khv5zwsvsijd2r2n4s2bqswm7s3r2q2z-rustc-1.91.1-x86_64-unknown-linux-gnu.tar.xz.drv'
deleting '/nix/store/14qm4cvwpn8gjmv4fhgphb9dk4kplpwd-cargo-nextest-0.9.138-vendor-staging.drv'
deleting '/nix/store/34ahr67hhc5mizv3h3bpqlg1rj51j865-source.drv'
deleting '/nix/store/njwsc7hsn84w82rvdxfni1a4vdygcvjh-cargo-package-tracing-futures-0.2.5'
deleting '/nix/store/iw3c40dnwczkv8s4s316g8xhjq0sql0w-cargo-package-tracing-futures-0.2.5.drv'
deleting '/nix/store/ggd53mp0907b7gq64nqxx85mvqbqs49v-Cargo.toml.drv'
deleting '/nix/store/wm250607d6pdfm2bjgdm93m1rs24lw6g-cargo-package-ipnet-2.12.0'
deleting '/nix/store/226zcpc81q2nbp3w62s2s7wm6ph71scq-cargo-package-ipnet-2.12.0.drv'
deleting '/nix/store/yai2w0lfj62fc61anay05fpw8db53nzj-cargo-package-quinn-0.11.9'
deleting '/nix/store/2074k0bn42q8mn5c8a197jrqww3d1wa7-cargo-package-quinn-0.11.9.drv'
deleting '/nix/store/0gdsngq73x06xcccx3xg82f57b7dwsvp-cargo-git-https-seed.radicle.garden-zqhtZvsteJhxCJE96dMAZSZ9y1PX.git-b0fd0103bc9eed2c1b6d852045959462d105d8f1.lock'
deleting '/nix/store/s11h0kwh2h9qd9riq05kckgpx73g80si-cargo-package-icu_normalizer-2.2.0'
deleting '/nix/store/8s88rs1nshp35siyfd11ygiih61hdfpm-cargo-package-icu_normalizer-2.2.0.drv'
deleting '/nix/store/s20f3rsg6ni28nw9fyzm32ngpm7g5667-cargo-package-tar-0.4.45.drv'
deleting '/nix/store/d8p2ak5jpfb2cyq3b8kblycx83sz4z8y-cargo-package-tar-0.4.45'
deleting '/nix/store/njsvbc20n9l901hpddql8a6l5k9fjnns-source.drv'
deleting '/nix/store/viw30jj01z5pjd69bdvrkcikk5i9b1dm-libnfnetlink-1.0.2.drv'
deleting '/nix/store/4i6r46gbc2kijv4x1d3vrdvvi37y9aqb-libnfnetlink-1.0.2.tar.bz2.drv'
deleting '/nix/store/npfxl2mnlqzdazcq86879fvi5xqxhwsh-pin-project-lite-0.2.16.drv'
deleting '/nix/store/0cywccczslz3346b774f2ib7jhm3chhs-crate-pin-project-lite-0.2.16.tar.gz.drv'
deleting '/nix/store/hd7jb2a1r3a6723l33c7n2k25c3n1gpq-cargo-package-is_ci-1.2.0'
deleting '/nix/store/cdhm4m9n0pwy6ai5p18rqcagyispm2ky-cargo-package-is_ci-1.2.0.drv'
deleting '/nix/store/mxiibcd5b5v63fas7pfg2zavgp5bi5fk-lzip-1.23.tar.gz.drv'
deleting '/nix/store/a187sybvcqi0q4m886bz3bvvnigdbhp6-generic-deriving-1.14.6.drv'
deleting '/nix/store/d0qj42fxrfivg5vmdywkzrjysz2hzpkr-generic-deriving-1.14.6.tar.gz.drv'
deleting '/nix/store/mvg3x1jc13sw79xiha774hqmqj3lxqlh-stack-health-check'
deleting '/nix/store/6cc6zq4c7s8xj84mv6g0andknacp4sml-stack-health-check.drv'
deleting '/nix/store/mm8hd8iv363gvr4q7fhdlj1wxgc008nm-crate-pkg-config-0.3.32.tar.gz.drv'
deleting '/nix/store/mp3lbzp9a561gvmd8vhsfvbaldpx8vw3-cargo-src-windows-strings-0.5.1.drv'
deleting '/nix/store/ghryx9p8kh9y7m43grpag6l0svp2nbc5-cargo-package-windows-implement-0.60.2'
deleting '/nix/store/9f1f1i9rkj6p1k0vifkkm11n1317xs7i-cargo-package-windows-implement-0.60.2.drv'
deleting '/nix/store/l64c9qjg5s7bpy8c0h0z3xklaxz62bf8-cargo-src-clap_derive-4.5.55.drv'
deleting '/nix/store/as41gsm1p4zifrcp1zmi61f43hdjwpvx-cargo-package-zstd-safe-7.2.4.drv'
deleting '/nix/store/20p4sk1sqwg9dd92x53b5n6v4ak5ds0f-cargo-package-zstd-safe-7.2.4'
deleting '/nix/store/qc7k9cyqpn36nvkilcqxlzma9smi5155-concurrent-output-1.10.21.drv'
deleting '/nix/store/rv9ax0w5d3rdszhyskjid9pizjlg473f-terminal-size-0.3.4.drv'
deleting '/nix/store/vhplsbxr0ma5lkkzq35ah409fiqxwk3h-cargo-package-darling_core-0.23.0'
deleting '/nix/store/mvhi41l8vlb5qx12jp0scpnfq1yfiwbc-cargo-package-darling_core-0.23.0.drv'
deleting '/nix/store/57mdgmjl4fzvkxasj1lp3nxinp2ah3h7-ralph-drain-stack-cli.scm.drv'
deleting '/nix/store/4zjzaxq114j7zkf9ar4yh3g1b7cprpg8-ralph-drain-stack-cli.scm'
deleting '/nix/store/jsqhljc02wcfylplh5c1x72kpbkxkrp4-cargo-package-serde_json-1.0.151.drv'
deleting '/nix/store/ix8hnarcijdl1qr9chkiqxdwjlw4zjgb-cargo-src-serde_json-1.0.151.drv'
deleting '/nix/store/h7lkk74nc66s17gl3vwapr67irlzgsx2-chaoscontrol-protocol-observation-test-0.1.0.drv'
deleting '/nix/store/4cgy24gyal78mjbiscx441gbkarw56k7-chaoscontrol-protocol-observation-deps-0.1.0.drv'
deleting '/nix/store/vn8id10j8v5b5940mbad4qg5r98qisf3-cargo-package-gix-diff-0.61.0'
deleting '/nix/store/lb1gqqcnsw25gix31m92mkby5g635bhb-cargo-package-gix-diff-0.61.0.drv'
deleting '/nix/store/idi0yfdjxiaszwl80jhpzszqjpx5fgv0-cargo-src-gix-diff-0.61.0.drv'
deleting '/nix/store/d4lz4f7nnssf19ki6m5nbhr3w4689byk-cargo-package-hyper-1.8.1'
deleting '/nix/store/00ha557syg7kk6nv2s8bybj0ql409d41-cargo-package-hyper-1.8.1.drv'
deleting '/nix/store/jbr89s7z85j2ggwnxn4bna53fdc89nll-cargo-package-adler2-2.0.1.drv'
deleting '/nix/store/242dm8rbahrqbcpfqc5n763dsv9pcb6l-cargo-package-adler2-2.0.1'
deleting '/nix/store/f62sflwgvwhsmsdsqcdhhp1xfndhrd2k-cargo-src-windows-implement-0.60.2.drv'
deleting '/nix/store/hypk0h43sad73xwd7f686i7gghv7m35k-cargo-package-quote-1.0.47.drv'
deleting '/nix/store/qvpfx39lpd3kq2766wawxjjxly7hmwbr-cargo-src-libbpf-cargo-0.26.0.drv'
deleting '/nix/store/bd11yvy0khwa8bp7rs5jpns1s6m2sjwc-tracing-futures-0.2.5.drv'
deleting '/nix/store/blsqi02c97s35avva31fyhqy8j2gnlxy-crate-tracing-futures-0.2.5.tar.gz.drv'
deleting '/nix/store/gcf65rxgn3zn2cfnjpzggrwg67rfjs55-yoke-derive-0.8.1.drv'
deleting '/nix/store/yraj3dbqkd55r161rzcbc1ghxjvlsaxz-cargo-package-toml_datetime-0.7.5+spec-1.1.0.drv'
deleting '/nix/store/ck155v0r7mls28q7wzl6bsvnjh4xlzdz-cargo-package-toml_datetime-0.7.5+spec-1.1.0'
deleting '/nix/store/pmgirl972x1nkqxn0fsn06jp7akn16lj-cargo-package-terminal_size-0.4.4'
deleting '/nix/store/lq6fibkdz19rhzscsa2isj1najl0gxc9-cargo-package-terminal_size-0.4.4.drv'
deleting '/nix/store/6praikkydhngb0fy4h3b47adbc9yfbxb-cargo-package-toml-1.1.2+spec-1.1.0.drv'
deleting '/nix/store/5ggyjv5q95wqz2bi551hv95h3bgcj7cv-cargo-src-toml-1.1.2+spec-1.1.0.drv'
deleting '/nix/store/vw40fwaxsbjb6dmqx7yprrix0dvs1ljm-cargo-package-nix-0.24.3.drv'
deleting '/nix/store/k6k9w27n6a000glddaipdpgyql49cmwy-cargo-package-nix-0.24.3'
deleting '/nix/store/cjaykg051h8rjg110rf4zvqh13fyzgq8-cargo-src-nix-0.24.3.drv'
deleting '/nix/store/gj29iylyxr0bkbqa7hdq91cl4bx37if1-cargo-package-utf8-zero-0.8.1.drv'
deleting '/nix/store/faxwiar8kqhrw10564nwlyhnmwwlh3b0-cargo-package-utf8-zero-0.8.1'
deleting '/nix/store/mldfjm8j84j5izya0xqf1v3hmyah535b-cargo-package-wasm-metadata-0.244.0'
deleting '/nix/store/2c09kpprik38f8yyzwa1rnmfl476pgln-cargo-package-wasm-metadata-0.244.0.drv'
deleting '/nix/store/r18ffq93p43w9vq6f1r4nrhlibp7srci-cargo-package-cranelift-codegen-shared-0.116.1.drv'
deleting '/nix/store/6h4mhyq8l9abk5jfd48lc8gbz8xzs169-cargo-package-cranelift-codegen-shared-0.116.1'
deleting '/nix/store/axig46kpg7pknqn869pd388vpwmivfx7-cargo-package-anstyle-query-1.1.5.drv'
deleting '/nix/store/9jjqny2j1dn2cgc28ygy8cxkh8sb3khi-cargo-package-anstyle-query-1.1.5'
deleting '/nix/store/3sj2iw71zmgagw5gp0p5ahh8c10a1xhl-Cargo.toml.drv'
deleting '/nix/store/98rmh2zwaf5c55c9bfq9h395qrnzdbvm-cargo-src-snafu-derive-0.8.9.drv'
deleting '/nix/store/ia21kikp68hh3v37306851jm839d3ghj-cargo-package-git2-0.20.4'
deleting '/nix/store/4kgjln0h3wj0g6ngvm42zpd1vhzafjyh-cargo-package-git2-0.20.4.drv'
deleting '/nix/store/kcccfwvvm17afk2c4m292ma0xwv3rnmm-cargo-src-git2-0.20.4.drv'
deleting '/nix/store/kv6hg003cqxfpxixy1qpl13r7fk8zak0-cargo-package-static_assertions-1.1.0'
deleting '/nix/store/i6mk4vdlrzi4ibc5pq38s3iih2mpaw1l-cargo-package-static_assertions-1.1.0.drv'
deleting '/nix/store/hg1bhy4snrh57z52hksy655b6s0822ck-cargo-src-serde_spanned-1.0.4.drv'
deleting '/nix/store/s2dmbnn7pnf4lw2rhkifah5dpbkbnp2a-barbies-2.1.1.0.tar.gz.drv'
deleting '/nix/store/zfdx233m156scwd2x6vwsj39maclzkgr-cargo-package-gix-path-0.11.2.drv'
deleting '/nix/store/ysbpspxmz81r78r45xfiaphr4chy6qdc-cargo-package-gix-path-0.11.2'
deleting '/nix/store/wr5r5c9ivx4q3pf4akafywa9r6x9dipp-regex-automata-0.4.13.drv'
deleting '/nix/store/ij154w8hhybi3z2bmw97vz16a7wyd9ac-Cargo.toml.drv'
deleting '/nix/store/5khs1isxx9gp2kardl04by09hxd4al4c-pyo3-macros-backend-0.26.0.drv'
deleting '/nix/store/r9vdgfl2f3nd768962dxvy75k8fyffms-cargo-src-gix-packetline-0.21.2.drv'
deleting '/nix/store/n86ylmp8662azlaa4c7svg0bdqv7x2y5-cargo-package-new_debug_unreachable-1.0.6.drv'
deleting '/nix/store/amiknhq40wqvr282520fsg3d0v1y1g1m-cargo-package-new_debug_unreachable-1.0.6'
deleting '/nix/store/hmdbxs06d17mihhrsn7ijndi6y7g8831-slab-0.4.11.drv'
deleting '/nix/store/dyzhca06kfsjhhac857z5rs8fwfiiv3l-crate-slab-0.4.11.tar.gz.drv'
deleting '/nix/store/5xr1marb4y8sy0lk84ma6wb5qb01i7f5-public-agent-boundary-check.lock'
deleting '/nix/store/7k92miysz4zjh0drhwvdnzzjyhn3z1fp-cargo-src-js-sys-0.3.94.drv'
deleting '/nix/store/py1g99vab3sc61f9v1fpk05n73azi8rp-cargo-package-thiserror-2.0.20.drv'
deleting '/nix/store/2431liy7kvqhbn7q4bdhfzhviz0j9w4r-cargo-src-thiserror-2.0.20.drv'
deleting '/nix/store/xhmgiwkaab83kl6ghydv245i9g1069m8-muse-round-1.0'
deleting '/nix/store/amqapfz8jiwawwyvs40zzfj8shp71v6f-muse-round-1.0.drv'
deleting '/nix/store/anqbgkhixhc0l5a8973g9ssq5dlvrpma-muse-campaign'
deleting '/nix/store/cvfyw4qa3dc0xzw67yngsi2qxpp0c5si-cargo-package-bstr-1.12.1'
deleting '/nix/store/977wp8qjiwnwgzxgrvil60vapj3z6lfl-cargo-package-bstr-1.12.1.drv'
deleting '/nix/store/vfjijkkbrm4rvr901ksgj6qa807c98pm-cargo-package-snafu-0.8.9.drv'
deleting '/nix/store/x3zcvd5dmm5dmgh6m3r4kfj43x901sdy-cargo-src-snafu-0.8.9.drv'
deleting '/nix/store/25nh0pfhac0hqkwkx4dvwwhhj5ffqasv-cargo-package-snafu-0.8.9'
deleting '/nix/store/8f01i9ywajkv686ddldvgg6hgwa6j0mz-cargo-package-matchit-0.8.4.drv'
deleting '/nix/store/6l7j8wvz5w2crm8dhy9djjw5ncfjc0jp-cargo-package-matchit-0.8.4'
deleting '/nix/store/r1qgh34g144nns0ajxdblixr910kcph9-cargo-package-darling_macro-0.23.0.drv'
deleting '/nix/store/kccnq4zg60dgsfhs7zrggijqppfjbacg-cargo-package-darling_macro-0.23.0'
deleting '/nix/store/ssz7kwkmxcs5xi7gyjk6gnrsb3hx09ik-wasmtime-41.0.3.drv'
deleting '/nix/store/mk2xd4jc9d0nnpqyxjr40v5qkr5cbv15-wasmtime-41.0.3-dev'
deleting '/nix/store/q8qk0mkndvphprcfvng6n435x3pwy9vl-wasmtime-41.0.3'
deleting '/nix/store/8awfafv0l1j281lmy8h20pfid676v140-wasmtime-41.0.3-lib'
deleting '/nix/store/nbri3pzygcx1c57vrcim1rmaavsdl5is-rust-analyzer-1.98.0-x86_64-unknown-linux-gnu.tar.xz.drv'
deleting '/nix/store/ch36zd8nxxdbvdkihry7kxqd7sykjixs-rust-analyzer-1.98.0-x86_64-unknown-linux-gnu.tar.xz'
deleting '/nix/store/9pkx811j723qkba54za0af2i0aq1i89k-busted-2.3.0-1.rockspec.drv'
deleting '/nix/store/d1d7xr4a03clsb2rq59jxb2afrjliqrz-container-collective.sh'
deleting '/nix/store/sia9bw2nyfzz0r5zc9ixh2kbi70k69mb-cargo-package-tracing-attributes-0.1.31'
deleting '/nix/store/31bg57gxx6h39k1yqwq7swx5ahpdng7v-cargo-package-tracing-attributes-0.1.31.drv'
deleting '/nix/store/hyxvcp9y3alwbhp2axaky7chc8xl9a59-cargo-src-gix-quote-0.7.0.drv'
deleting '/nix/store/gr5zbn8a359bv938ss5v5lyl0p34vw1b-cargo-package-icu_normalizer_data-2.1.1'
deleting '/nix/store/f1x50w7f6v7pgj7wdmm6y6n8kss0l6v7-cargo-package-icu_normalizer_data-2.1.1.drv'
deleting '/nix/store/f3xrdrys50y52ij1vg5lk6qdqpvqmf9r-2.42-master.patch'
deleting '/nix/store/db575rfci3rzp78ndlj21lizfai00snz-cargo-package-futures-util-0.3.32'
deleting '/nix/store/b2drhhv1ri1psh2hgy2y3277l5aqh2mv-cargo-package-futures-util-0.3.32.drv'
deleting '/nix/store/m332y5zalq7wwnh6xmycr0lc5127vw3m-cargo-package-futures-0.3.32'
deleting '/nix/store/5qgy55p5mwn1yqf2gsky7l01cxp0sjp7-cargo-package-futures-0.3.32.drv'
deleting '/nix/store/r15kahnqagflk2b55j2slyhyw6wlmr0b-cargo-package-idna_adapter-1.2.1'
deleting '/nix/store/13nwhbymbcf8yw5b6dwy2zj1qy8mkkak-cargo-package-idna_adapter-1.2.1.drv'
deleting '/nix/store/l6n3i29gslx6w5ydr41ljn1wkg0yf8ln-cargo-package-gix-transport-0.55.1'
deleting '/nix/store/b5f7vnq90894jhz11syd5gkjj30ikii1-cargo-package-gix-transport-0.55.1.drv'
deleting '/nix/store/pgkxvdicisvmmrmjn8lr6x43s5bg38wv-perl5.42.0-IO-Tty-1.20.drv'
deleting '/nix/store/f90p5vdl7amrgh4vj2hpf9pnmml4p259-cargo-package-windows-sys-0.60.2'
deleting '/nix/store/25pk0wpf8v0r5pv2ywjzch5bdpf748ix-cargo-package-windows-sys-0.60.2.drv'
deleting '/nix/store/1cmcrd2vml1wy467bd9nc7mil1dg5xa0-cargo-src-windows-sys-0.60.2.drv'
deleting '/nix/store/v5s872wkjxm3p5jhyxzmphz9fn5kl9z3-cargo-package-regex-syntax-0.8.10.drv'
deleting '/nix/store/jdcppwcwpw6cnqdkds8cvwj7i44n3g75-cargo-package-regex-syntax-0.8.10'
deleting '/nix/store/sd68js7z4zhssycgjix84mha4bw9nn22-cargo-package-sync_wrapper-1.0.2'
deleting '/nix/store/s8ig1mvwzah7l4kbab3ssw59dnfln01c-cargo-package-sync_wrapper-1.0.2.drv'
deleting '/nix/store/gmdmds42a2wga1vfrs32zrh76cfilxbn-cargo-package-axum-core-0.5.6.drv'
deleting '/nix/store/f0f9y61161qapqg4baa7kq06gv1aqc3l-cargo-src-axum-core-0.5.6.drv'
deleting '/nix/store/bks9kn28zkd1apyk3hyxh6wb34n8yyqi-cargo-package-axum-core-0.5.6'
deleting '/nix/store/mxvq55zxr75grx3s8jqx9zgwskl6325g-qwen36-execution-identity-0.1.0.drv'
deleting '/nix/store/f18fzb0b35vmkrrag3ba9x201gz6xp6q-qwen36-execution-identity-drift.txt'
deleting '/nix/store/n422x18nj77rqsid19cgciqqgpb3bnbg-cargo-src-postcard-1.1.3.drv'
deleting '/nix/store/z7z2r5vcnhwnrvvkzfqp490kb8hwr6aw-cargo-package-zerovec-0.11.6.drv'
deleting '/nix/store/r5bjcgjg3fgngjakrl5yizxdp70bi5xz-cargo-src-zerovec-0.11.6.drv'
deleting '/nix/store/7qvjazxhdsjz62wxlg319zxpasqzmnjq-cargo-package-zerovec-0.11.6'
deleting '/nix/store/awfldmgqnw2wz9d1s4znzn21h4h7r3da-regex-1.12.4.lock'
deleting '/nix/store/x7ypz5w14ky77m02kiy5lwizrn1xak0d-config.sub-d4e37b5.drv'
deleting '/nix/store/mxy1i86gmyv0wgz0ikba9ywjh8x7snbb-cargo-package-icu_properties-2.1.2'
deleting '/nix/store/mqmwqqm8xyklr9ishcvp7qzdq0m2skhj-cargo-package-icu_properties-2.1.2.drv'
deleting '/nix/store/y9z8c7v4fv5nzrj0nr8pvv8d8j8j6fn3-cargo-package-android_system_properties-0.1.5'
deleting '/nix/store/kqi3r044sph4vgvpdhf7b7zmqrxpvf05-cargo-package-android_system_properties-0.1.5.drv'
deleting '/nix/store/m38w7ww8349yb3figh1nrcgznha5hmqf-cargo-package-matchit-0.8.4'
deleting '/nix/store/13fdn4s1v6wc88cfffcw8fxagmjlbbma-cargo-package-matchit-0.8.4.drv'
deleting '/nix/store/gmxax9cxjnvbzp7mak51pxgcr4jgavgz-Cargo.lock'
deleting '/nix/store/hp9660vacn6rib6xlnns3b3ih7qd5a6s-crate-yoke-derive-0.8.1.tar.gz.drv'
deleting '/nix/store/4akyp2kr7b8idvr6bybhw9zq1cq4mh9c-source'
deleting '/nix/store/fwqzq42r0m00hvvyjnfmbshiybkqifzf-cargo-src-serde_core-1.0.229.drv'
deleting '/nix/store/w28q60vqiysh068jwmlkd5pcgfdqnqhp-cargo-package-zerocopy-0.8.48'
deleting '/nix/store/spanhkj7g9w4im2rq73cyzq5kvfglxh1-cargo-package-zerocopy-0.8.48.drv'
deleting '/nix/store/49k5h4viqv1w26fflyyr2v38d7hidm6q-cargo-src-human_format-1.2.1.drv'
deleting '/nix/store/b7ibzkwx5pq4agkql06riassiqrsnj3n-cargo-package-wit-parser-0.244.0'
deleting '/nix/store/68v639wzsqwb7xjfyaqs6ilf10g4dyfg-cargo-package-wit-parser-0.244.0.drv'
deleting '/nix/store/r9dfhwdrqf486g8d2p6r4bw0f2zq341b-windows_i686_gnu-0.53.1.drv'
deleting '/nix/store/2bzq96prpgsfy7aik59dq59hsxxj6kgv-crate-displaydoc-0.2.5.tar.gz.drv'
deleting '/nix/store/4c04rw124z10nv8girvm99i83427n17m-unliftio-core-0.2.1.0.drv'
deleting '/nix/store/xkg301vpic4r7nwaivr5z6m6hciyywgk-cargo-src-redb-3.1.3.drv'
deleting '/nix/store/zvgddx9ichfwhlm5irv3r79savp50cap-rayon-core-1.13.0.drv'
deleting '/nix/store/fwa1rjxjh134xzcv02qxbbv3my9fqdm5-cargo-package-windows_i686_msvc-0.48.5.drv'
deleting '/nix/store/7lnmhpmky09i66k55cjq5cqi4ywl2wjs-cargo-package-windows_i686_msvc-0.48.5'
deleting '/nix/store/sygpyld0p3fn77djf7ad7sziv0gjp360-crate-pin-project-internal-1.1.10.tar.gz.drv'
deleting '/nix/store/7hy9v4yimqpgb9psg3rk1h6zyc4nml9w-wherefrom-compat-0.1.1.1.drv'
deleting '/nix/store/dwyydc5v84s0fdpvf7xmgas9lainx47z-wherefrom-compat-0.1.1.1-r4.cabal.drv'
deleting '/nix/store/65jx8fwc8dhk2322b0rynyzhc16g015z-cargo-src-sync_wrapper-1.0.2.drv'
deleting '/nix/store/qp6a1hhi10skcwrz7rg3gghzjdpwpxl4-cargo-package-rsa-0.9.10.drv'
deleting '/nix/store/q2q0imnlh6dic9rddxvjc8l7gydpf55f-cargo-package-rsa-0.9.10'
deleting '/nix/store/7dfyk5qm8dc3m4j96hky69azmjg6zdj4-cargo-src-bzip2-sys-0.1.13+1.0.8.drv'
deleting '/nix/store/75sv82y1320rhvzghzwz8ml80mnlgl4a-cargo-src-wasm-bindgen-0.2.108.drv'
deleting '/nix/store/m62da46dh4h1ikr3ynb7ird03ppv4ddd-portable-atomic-util-0.2.7.drv'
deleting '/nix/store/cm5w3xkwpzcdn6a3ax0a6zwzh5ynbmjj-crate-portable-atomic-util-0.2.7.tar.gz.drv'
deleting '/nix/store/y2smbmq20w4vmmyg1gqv857fclah1fj7-linkLockedDeps.drv'
deleting '/nix/store/2mzcpc2axigz5yb40rg4cysb1igbilgs-linkLockedDeps'
deleting '/nix/store/6sv442x5sl0j2dj3z27wp88s1ks7ibg2-Cargo.toml.drv'
deleting '/nix/store/1x18b4lv017mkgx2jrryffb6ynwbc886-pyo3-0.26.0.drv'
deleting '/nix/store/icwrpwdsgja8kbh0c1qqbsw5gq71j33y-crate-pyo3-0.26.0.tar.gz.drv'
deleting '/nix/store/qk7rwp8pbnvrq48ws4qgbqpx4x4qjq32-Cargo.toml.drv'
deleting '/nix/store/p5v4vx5w0qckqd0rfda8hdianykhh98z-cargo-package-zerocopy-derive-0.8.56.drv'
deleting '/nix/store/6xg259477c90a229xwmb53pdfkn6ig3g-default-builder.sh'
deleting '/nix/store/ypbk0i6lpf3l98k709gpdvv6ff1sv2sf-cargo-src-quinn-udp-0.5.14.drv'
deleting '/nix/store/sc8x7inag9cgrsw18b76jr2h6yba70d1-cargo-package-io-extras-0.19.0'
deleting '/nix/store/ca5sv4hsj4nrzk532ywnba3vs35f49ly-cargo-package-io-extras-0.19.0.drv'
deleting '/nix/store/x1hvigqzni5lljddv0fvkmsajxcci45k-cargo-package-hashbrown-0.15.5'
deleting '/nix/store/x0mchkrn6gayfrjj0vihi8ncx7rhqy5y-cargo-package-hashbrown-0.15.5.drv'
deleting '/nix/store/zvj0hl7rhh0ccr5vkcg3ijs3xm3sgyac-nodejs-24.16.0'
deleting '/nix/store/c5gmvvhgdkq3rikkfhzdpd12mj3scqcz-yarn-berry-offline-4.14.1.drv'
deleting '/nix/store/q9l6ppmdmk7dxxpq3030ak9jcs9bqbzl-berry-4-offline.patch.drv'
deleting '/nix/store/21cmz71vbfqxyk8y10i60qaqgh7lgdai-yarn-1.22.22.drv'
deleting '/nix/store/k9jn43g1p70zs7l9vgxh57aarg2s2jkv-nodejs-24.16.0.drv'
deleting '/nix/store/ys0ax8v31ndnm9ba4ziisy2rdaiijkpa-cargo-package-semver-1.0.27'
deleting '/nix/store/05f64n521pr25l2zabnlyabh6f2hbx2r-cargo-package-semver-1.0.27.drv'
deleting '/nix/store/4j8wasrl9iaihpxdii49yp1cwi10i1yz-cargo-src-security-framework-sys-2.17.0.drv'
deleting '/nix/store/n4sv9h7xx5ph748gczx3wn9v4p0y3c1f-terminal-size-0.3.4-r1.cabal.drv'
deleting '/nix/store/qhs43dfnrcs4zgs7invv92a6sm0ib93c-cargo-package-gix-attributes-0.31.0.drv'
deleting '/nix/store/gfy81vjcm1ywdy9nfily6rpcwkssh8n0-cargo-src-gix-attributes-0.31.0.drv'
deleting '/nix/store/2vq1zf09xz9l3xifvvv9c9a3mcv96z6n-cargo-package-gix-attributes-0.31.0'
deleting '/nix/store/lw5cvdr3wdsczyrrwa2bzla187knddjc-setenv-0.1.1.3-r1.cabal.drv'
deleting '/nix/store/j36awhsc032pmp9940zch0hl4pqcbdq5-cargo-package-shell-words-1.1.1'
deleting '/nix/store/2phis404cx36ip57pvrzqwzaqdz01vyk-cargo-package-shell-words-1.1.1.drv'
deleting '/nix/store/8wfiwj2wqii9a0d8xxf71lnbb9zaar4j-crate-data-encoding-2.9.0.tar.gz.drv'
deleting '/nix/store/mmf2cfk25c9z7xvngl8qx4axr9s7vm0b-cargo-package-winapi-0.3.9'
deleting '/nix/store/aqmy1gd1rh2f519i58y8rxjl7w59a4ng-cargo-package-winapi-0.3.9.drv'
deleting '/nix/store/59xfx5w3ixqn5aj34x5mr0w9pjf9agva-cargo-src-winapi-0.3.9.drv'
deleting '/nix/store/nd77c94ns81sg1fq5jwqbqcq2rkzh39b-cargo-package-irpc-derive-0.10.0'
deleting '/nix/store/29zzld7xb4v747xr7slh5dxsis9lxwfm-cargo-package-irpc-derive-0.10.0.drv'
deleting '/nix/store/rbi2m66ljnia1ffxrg3f6q8frcc2x4cr-OneTuple-0.4.2.drv'
deleting '/nix/store/x6kq486qd000qjljcvcpkxdidbys8d96-cargo-package-cargo_metadata-0.23.1'
deleting '/nix/store/9k3grr3fb3bil9k8z5fjyfqvw2wa805m-cargo-package-cargo_metadata-0.23.1.drv'
deleting '/nix/store/yc246xmx9fs4bbm6zbphgh7wxqs63why-cargo-package-env_filter-1.0.0.drv'
deleting '/nix/store/am2pfmfxw2sbp6ddjmz4y9wxb8avhxy8-cargo-package-env_filter-1.0.0'
deleting '/nix/store/57620l1168piiia2bmmsxxhh7sjb2n40-builder.sh'
deleting '/nix/store/wz43ffzqpdwld711qp2smw4srg3zq9kn-cargo-package-proc-macro2-1.0.107.drv'
deleting '/nix/store/1b3xcfc0mpkia8s5wiqlbdhv51sanwjz-cargo-src-proc-macro2-1.0.107.drv'
deleting '/nix/store/n9c40y8a14cabyv75rpssccf8a9k7sxr-spacewasm-reference-profile-export.drv'
deleting '/nix/store/r170956mg5g6nlyv5sa8sqqg16zn5c91-cargo-package-gix-negotiate-0.29.0.drv'
deleting '/nix/store/jib40fkfkjlrq1l95hik9s5fds2fg4m0-cargo-package-gix-negotiate-0.29.0'
deleting '/nix/store/11kwxi6gxxchzm08iq5xvvbckx26fgbj-penlight-1.15.0-1.rockspec.drv'
deleting '/nix/store/c5qivnll2qw31dvkxv2dwks08f9zan0c-cargo-src-gix-object-0.58.0.drv'
deleting '/nix/store/l1cvw8chy8mih9xv24vmp8nd49j60han-source.drv'
deleting '/nix/store/afsh8mqgrc9krjcm1lfgd8jwa24mnh3y-findutils-4.11.0.tar.xz.drv'
deleting '/nix/store/m3xydgybbn5mgbvrpbm8ml491czvlrpi-cargo-git-https-git.onix.computer-z2CpqLFpdP36fZXYUK5ZNWxMibpCo.git-29dac88ecded94457572db3fdfaaaab95fa91525'
deleting '/nix/store/6vv7nbl6nn0jq6qfzg930dq7mjybdsff-cargo-git-https-git.onix.computer-z2CpqLFpdP36fZXYUK5ZNWxMibpCo.git-29dac88ecded94457572db3fdfaaaab95fa91525.drv'
deleting '/nix/store/m91lcvxg2d2wqnzv7ckibmf6d8xc8mw6-writeable-0.6.2.drv'
deleting '/nix/store/97lcgiz4la6vg0a8n69654ynh219n1qr-ldns-1.9.2.drv'
deleting '/nix/store/zv4zivb5sbfnwpxmzlqs6a71rilsb0lx-cargo-src-lzma-sys-0.1.20.drv'
deleting '/nix/store/aiyqj6w67q22cvnfirslh9x396q7yczb-qwen36-0.1.0.drv'
deleting '/nix/store/z8xmbvp9x6fb4fpz6nc4iwb2mavwmvgz-qwen36-execution-identity-0.1.0.drv'
deleting '/nix/store/5mn8s864wcspc5ns7hrjc1yadv9bgvla-qwen36-0.1.0'
deleting '/nix/store/ykrwzb6ki7jr65w64almdw1gww62bvnl-qwen36-execution-identity-0.1.0'
deleting '/nix/store/6ag94h43l84z1zi0390hwxsrl1mmwar0-cargo-package-termcolor-1.4.1.drv'
deleting '/nix/store/28s6mram0cias3zpz5ll0h12s1yljwhx-cargo-package-termcolor-1.4.1'
deleting '/nix/store/yr741rssm3swga7gam6vzr750qafjwc2-cargo-package-pico-args-0.5.0.drv'
deleting '/nix/store/3nbbwpk2jmg8n3nvbdflbpv6y8mf3zcb-cargo-package-pico-args-0.5.0'
deleting '/nix/store/bhklyrhrwlv06fnn6aa2lynsmjiddkgm-backoff-0.4.0.drv'
deleting '/nix/store/zw3v1ackhayh313c93cvz4ccamx3a6pl-accepted-verdict-dogfood-config.json'
deleting '/nix/store/i20nqmd2phsbh6gil75p6q42b5xy65sm-accepted-verdict-dogfood-config.json.drv'
deleting '/nix/store/fkfys3rbml2824ij975yl1i05l7qv8qy-cargo-src-nonempty-0.12.0.drv'
deleting '/nix/store/xh9ilahndwchnm48wlhbndqn77gmipj8-cargo-package-thread_local-1.1.9.drv'
deleting '/nix/store/7lap8dzgm9jmwk5gihw613w83gplzfn1-cargo-package-thread_local-1.1.9'
deleting '/nix/store/mljcvyfl6fg3v5cclif777s9ydh21bbq-cargo-package-jiff-0.2.35'
deleting '/nix/store/lyvpz75h8vvsg0bkzwrrwzq8bfnal0gi-cargo-package-jiff-0.2.35.drv'
deleting '/nix/store/5f94wkgcvanp8hq0r7nzpvm732mdxil0-cargo-package-zstd-0.13.3'
deleting '/nix/store/4p51hlj01z77ji8nb9saw6rvsqmc7v11-cargo-package-zstd-0.13.3.drv'
deleting '/nix/store/jwg8jx590gq82fckh9clvfiv78gxi07y-find-msvc-tools-0.1.5.drv'
deleting '/nix/store/swnbx3dfmbyarxcfxsqs6fi2na01g5hn-icu_properties-2.1.2.drv'
deleting '/nix/store/n0qn8rw7brys4gfghq7d81ak91agfsm9-crate-icu_properties-2.1.2.tar.gz.drv'
deleting '/nix/store/fyaan2z67khz104ld9vy09cz7q8rfnai-windows_x86_64_gnullvm-0.48.5.drv'
deleting '/nix/store/3fpvzly31pp37zf8ccigmh8cvb8lynbg-crate-windows_x86_64_gnullvm-0.48.5.tar.gz.drv'
deleting '/nix/store/g8jryrgi1f6ylgigskdhxxdhml9qg92l-portable-atomic-util-0.2.7.lock'
deleting '/nix/store/h64dkh7i4rc3n8zdk4w59bhrrdfmrc9g-yq-3.4.3.tar.gz.drv'
deleting '/nix/store/hf20y98l6wjckcs8xjmn3b0j58xw8sz0-cargo-src-gix-pathspec-0.16.1.drv'
deleting '/nix/store/lwxi19f4prk0a87vlvk38ch7ibbmmkfm-cargo-src-rstest_reuse-0.7.0.drv'
deleting '/nix/store/3zd1xwwz367h7aq41vki80wmz054fnhx-rust-src-nightly.tar.xz.drv'
deleting '/nix/store/z16x9pw168ig507qsmvm980swpxs8ch8-cargo-package-enumset_derive-0.14.0'
deleting '/nix/store/1d4apnxr5rk02wd88jh70mp8g1qrmacj-cargo-package-enumset_derive-0.14.0.drv'
deleting '/nix/store/qj68w7ilvkdwx2kz78zqk3mlrjba90cm-cargo-src-gethostname-0.5.0.drv'
deleting '/nix/store/zgbzkhjza6zynicrwam9113r5dpyb312-cargo-package-jiff-0.2.23'
deleting '/nix/store/pibfmz1z6k1kf7psgf3hwas1k9jd3l2q-cargo-package-jiff-0.2.23.drv'
deleting '/nix/store/lp8qrnf767bdviv5p8p0yh7s6cbbhk77-cargo-src-jiff-0.2.23.drv'
deleting '/nix/store/h6hclrl5qq093z8wlj5bfn3d9wbdlnc1-cargo-package-futures-core-0.3.32.drv'
deleting '/nix/store/57hrx29z8xgr21avicw9mid14zyqirar-cargo-package-futures-core-0.3.32'
deleting '/nix/store/mdpwxwbhlcl92020z6kxpzz6k3wv0qii-cargo-package-vhost-0.6.1.drv'
deleting '/nix/store/cl5pgqwb65xa90d8mcr1k2m077ns2wy7-cargo-package-vhost-0.6.1'
deleting '/nix/store/858xc7w4ws062qb0sdq0alhwczwv9v34-cargo-src-vhost-0.6.1.drv'
deleting '/nix/store/zb3lwlyv98mg5r4gdc5c9v5m5fbpwb35-cargo-package-proc-macro-error2-2.0.1'
deleting '/nix/store/sps118gmlblg7vfz9aik0zikzbkynxr7-cargo-package-proc-macro-error2-2.0.1.drv'
deleting '/nix/store/yicp57m0vimpbyk9vrs8zf4rdyhwcswh-cargo-src-proc-macro-error2-2.0.1.drv'
deleting '/nix/store/d7x2hk210ba06l3h4fr942q19qbybjm6-cargo-package-proc-macro-error-attr2-2.0.0.drv'
deleting '/nix/store/3qcf0n8qrj1r4qfp4vsl4hkip1d9jsvc-cargo-package-proc-macro-error-attr2-2.0.0'
deleting '/nix/store/r83ni8bwx0qhlmh585nlg4pryc4dhhyn-cargo-package-toml_datetime-1.0.0+spec-1.1.0.drv'
deleting '/nix/store/h08lfyknby8bnbvfwzlj968qm4jvy096-cargo-package-toml_datetime-1.0.0+spec-1.1.0'
deleting '/nix/store/xc4ba894w85zlp30ji7wqr9ysncdjnqi-cargo-package-windows-sys-0.48.0'
deleting '/nix/store/gbd18x1c7nkz24m58i60kn0csym95vjv-cargo-package-windows-sys-0.48.0.drv'
deleting '/nix/store/vs8n8n619nihwbd6vbkd286326k3wsks-jiff-static-0.2.28.drv'
deleting '/nix/store/m08xqz3mdi9bapj03kk6cav034pvi69n-crate-jiff-static-0.2.28.tar.gz.drv'
deleting '/nix/store/1bklnw9rzyfxyi70mqd6rcqgy38d581d-cargo-package-proc-macro-crate-3.5.0'
deleting '/nix/store/1b18sf3za8ywss40carbbmqji91w7jqp-cargo-package-proc-macro-crate-3.5.0.drv'
deleting '/nix/store/xcpdk658xqvpjmz5hkhswlri6gscy5dl-cargo-src-proc-macro-crate-3.5.0.drv'
deleting '/nix/store/mscvdri1flahn06vgpw31pqg1dcsc6pf-indexed-traversable-instances-0.1.2-r1.cabal.drv'
deleting '/nix/store/w6850wwz2nwm2dfnnd8kp3acmkqldv1h-cargo-package-rustc-hash-2.1.2'
deleting '/nix/store/41aprrd6d4x3cqhyz1jlqdsr1wsrsj2w-cargo-package-rustc-hash-2.1.2.drv'
deleting '/nix/store/40447mv1jwxs98k6h566mp06w1gfdpbw-cargo-src-rustc-hash-2.1.2.drv'
deleting '/nix/store/nxljc7r904306qqc2nx8m281xxnk7z5h-cargo-package-anstream-1.0.0.drv'
deleting '/nix/store/alms6v0aimbbwlnap92kws2mg8jz2wby-cargo-package-anstream-1.0.0'
deleting '/nix/store/x0g0bxgi1ilykg0nd3d1yrnbi47pr6p9-log-0.4.32.drv'
deleting '/nix/store/wgij53y22yb112p2y7yk4bqvlp42v5ay-cargo-package-gix-command-0.8.0'
deleting '/nix/store/136cic6myyiwp6d5b4mp13mckpgp7qkp-cargo-package-gix-command-0.8.0.drv'
deleting '/nix/store/fxbgx7skdz7i4spw3m24hwbnmhzfs140-cargo-package-hyper-rustls-0.27.7.drv'
deleting '/nix/store/wry9wipfxrrzcwb7wxsgzp94chap6ig4-cargo-src-hyper-rustls-0.27.7.drv'
deleting '/nix/store/a0y21nkqhcdd1krwhjypyzisxf28x7c2-cargo-package-hyper-rustls-0.27.7'
deleting '/nix/store/27gdm00n1g3sx6zzpp5bhda1y67j05s4-source'
deleting '/nix/store/wjrr1q910nbhdk74fvqizqjb14vx4dbv-cargo-package-scopeguard-1.2.0.drv'
deleting '/nix/store/7gd8gwhsyfxv981sgiscvzmdw6m3jipk-cargo-package-scopeguard-1.2.0'
deleting '/nix/store/ir0b7nmfc6s66ir50h8czvgm73v8718k-Cargo.toml.drv'
deleting '/nix/store/imvsqkah0djhhlhr6wz7wlis0bdkamjd-cargo-package-either-1.15.0'
deleting '/nix/store/44ajqig202n2kpx0wvhjj9jsjhbp050s-cargo-package-either-1.15.0.drv'
deleting '/nix/store/nwxw3h1wz6jx9fb1kwl97w4apjkz50l3-cargo-package-smoltcp-0.12.0.drv'
deleting '/nix/store/0f43ppvxa3vj2h914jgg1q8yp8xfmlsv-cargo-package-smoltcp-0.12.0'
deleting '/nix/store/pjwwi3yy4h3p3nanq25ywpdv5db06ipm-memchr-2.8.2.drv'
deleting '/nix/store/ndmnnka5h9z3rh6mavkp2kdynzcq8m47-crate-memchr-2.8.2.tar.gz.drv'
deleting '/nix/store/48apghnia7l2hd8k3bwsl0yfnsmkpbfw-libmpack-1.0.5.drv'
deleting '/nix/store/wp0941hh0wj5sv811803jylz1b1hi6ai-cargo-package-io-lifetimes-3.0.1'
deleting '/nix/store/a2a4w2fznync5220hz9s9ma04nh01pls-cargo-package-io-lifetimes-3.0.1.drv'
deleting '/nix/store/hsrl4pch1y5mcp2x75fshr1kjbp7nbwh-cargo-package-supports-unicode-3.0.0.drv'
deleting '/nix/store/8aczkps9hmsp4z4qi4z77h2whyp6yhbs-cargo-package-supports-unicode-3.0.0'
deleting '/nix/store/jqjxzvyrmvn743mcll6qx5011h1gijyn-cargo-package-windows_aarch64_gnullvm-0.42.2.drv'
deleting '/nix/store/9qbv91yv82f39rwl6kw2jxy1wf71v125-cargo-package-windows_aarch64_gnullvm-0.42.2'
deleting '/nix/store/zjmnfa10d7jdq1ls88lnj2647bjqvax4-muse-round-self-test.drv'
deleting '/nix/store/ahk1a70if4wlwlbg16rrfkpzmh0yyb8d-muse-round-self-test'
deleting '/nix/store/1bcbvp8gcarshvgfj0lz2a9w4pqz690n-Cargo.toml.drv'
deleting '/nix/store/1i4nvk3gh9xs3g7rgh9qiq4s9akdj134-yoke-0.8.1.drv'
deleting '/nix/store/dz46fhyjkk6cqynjckkpjd8003j80aqx-crate-yoke-0.8.1.tar.gz.drv'
deleting '/nix/store/9fpmrcgn2sg2dwdy6dqbf9d2ywa2r6w8-portable-atomic-util-0.2.4.drv'
deleting '/nix/store/l38mc2gnllf1d97hp0kvfz9vd0kv8vk3-crate-portable-atomic-util-0.2.4.tar.gz.drv'
deleting '/nix/store/68s4wj4hif7i4m5hjd3wb99v9yy1whxr-cargo-package-iana-time-zone-haiku-0.1.2'
deleting '/nix/store/32xnvykh527rafa5m51qsac9halfqz2k-cargo-package-iana-time-zone-haiku-0.1.2.drv'
deleting '/nix/store/v4mb0gg6z7450zrzgh3fnzirv4wmhf43-cargo-package-pkg-config-0.3.32'
deleting '/nix/store/nqclhj9vs4cvlnjh8isqjph0nxd1nnxh-cargo-package-pkg-config-0.3.32.drv'
deleting '/nix/store/v4h4gwizgn9j5bjs56hc001d3a7idh30-cargo-package-rand-0.8.6'
deleting '/nix/store/55hd5hqwpxzzfc54iy8c5yqjyjamhdz6-cargo-package-rand-0.8.6.drv'
deleting '/nix/store/whiq5h6bkay2s5dgzibn25gfjzr930xj-cargo-src-rand-0.8.6.drv'
deleting '/nix/store/rw9dii20jngh1ryli2das58xx2x8gh7w-internal-crate-decomposition-check'
deleting '/nix/store/q17llsiqf61528xzkwmz3drp4bdyid61-stack-deps'
deleting '/nix/store/lng6v6jnr0zz3cjshji5jzygkk7dzqln-internal-crate-decomposition-check.drv'
deleting '/nix/store/9lx0gi5j504ww62ss6d6wbaidmcs3c43-stack-deps-check'
deleting '/nix/store/88kgqfz4ganghkq4ki4jfr9xam6lcsb0-stack-deps-check.drv'
deleting '/nix/store/25c0dkqhi91907b1dn61a256ayfyr9wm-stack-deps.drv'
deleting '/nix/store/g9w78rh7qiq8ik4z5l9zqx1indchzx3k-cargo-src-openssl-sys-0.9.111.drv'
deleting '/nix/store/xc8zyhys6slbshw61alnbagfzlicldwv-cargo-package-serde_path_to_error-0.1.20'
deleting '/nix/store/p2c4imj2n7br5s8rck6cr4ww9rw6spnv-cargo-package-serde_path_to_error-0.1.20.drv'
deleting '/nix/store/x43qdpzqi1fp41jdri81f3b01kl7ic9i-cargo-src-serde_path_to_error-0.1.20.drv'
deleting '/nix/store/kgcmpr4i443sdyszl1b7i4k86ddxbrwi-utils.bash'
deleting '/nix/store/lc9sdgycb7sgws9w9f8ap6nmjjd8qlhg-crate-wasmprinter-0.220.1.tar.gz.lock'
deleting '/nix/store/q9y0zwqnwvnv10j6blwn87z3i11y4x8a-cargo-package-zerovec-0.11.5'
deleting '/nix/store/gzwaayd4f4hiwnd7q75q4ga99s7jgj6x-cargo-package-zerovec-0.11.5.drv'
deleting '/nix/store/m0cxvwwpxjqhw2mwd631cj9b4cyjj20v-cargo-src-block-buffer-0.12.1.drv'
deleting '/nix/store/m5myx036jwhc6wiy5w7ncpwiblq98wsz-cargo-package-cranelift-jit-0.116.1'
deleting '/nix/store/1v6y8jl4a0vp7sc5982mkk68d5pija0x-cargo-package-cranelift-jit-0.116.1.drv'
deleting '/nix/store/mpv5qjhfnkr69gaqi3i5q6r6l6g11x84-cargo-package-zerofrom-derive-0.1.7'
deleting '/nix/store/5g0kkmq5kykbq62pqcfi9y4xmfgg291a-cargo-package-zerofrom-derive-0.1.7.drv'
deleting '/nix/store/addbl7glkdzawypzplz0ly0dcg2x5f7f-cargo-package-der-0.7.10'
deleting '/nix/store/98lxpfb0aywd7fqfzh32m7bpk9y9wdkh-cargo-package-der-0.7.10.drv'
deleting '/nix/store/d26yhmhxdfdgidkq84yvgd8gxgwgll95-cargo-package-vm-memory-0.17.1.drv'
deleting '/nix/store/3f6igm2xxsmjh6rf8lwim2dghg54m4aa-cargo-package-vm-memory-0.17.1'
deleting '/nix/store/agyc8dj88p8ys9vpj6yf3f1qxf2i775q-cargo-src-serde_with_macros-3.18.0.drv'
deleting '/nix/store/0h1irys7wfrqcnkx9bscbgmzjjgniavq-cargo-src-rustls-platform-verifier-android-0.1.1.drv'
deleting '/nix/store/sw4xd2n8wxzr6s5j4qblm6l91cxsx947-cargo-package-crossterm-0.29.0.drv'
deleting '/nix/store/rhnga603nhnqm3ir8sk5igpsvz9wjpkq-cargo-package-crossterm-0.29.0'
deleting '/nix/store/hyn87grpa617dmlvs9b5qh2sc520wg5a-crate-syn-2.0.106.tar.gz.drv'
deleting '/nix/store/yml5n968zl7bnk50cdqv6yxc8qvfa3n8-cargo-package-cap-primitives-4.0.2'
deleting '/nix/store/rinlizqjdnqlfkqxwx8xysfd9ajl79rl-cargo-package-cap-primitives-4.0.2.drv'
deleting '/nix/store/m3fq4a78kcnz15ysd20drraa1vv2ixwp-cargo-package-serde_spanned-1.1.1'
deleting '/nix/store/bbc6s0kqwxsq9dqnralm8zgidal2mbl4-cargo-package-serde_spanned-1.1.1.drv'
deleting '/nix/store/lpm9dr2rdhw0mv3s0pqr3sv4ah7w03ss-cargo-package-rand_core-0.6.4.drv'
deleting '/nix/store/1v874pvmgjbm8pgsigpvcjnm0l69mc58-cargo-package-rand_core-0.6.4'
deleting '/nix/store/zj97iamsmzxa7ymv5dfl5qygndlcn9hb-source'
deleting '/nix/store/iblzzhkm3759rwaj63syzwg739walams-cargo-package-windows_i686_gnullvm-0.53.1'
deleting '/nix/store/bf4hiw4ak3y8xnc4wg8vgjg0p3pczw06-cargo-package-windows_i686_gnullvm-0.53.1.drv'
deleting '/nix/store/5v10lc2ysxz0gm9y3ip4in98nx708gal-cargo-src-windows_i686_gnullvm-0.53.1.drv'
deleting '/nix/store/26dnniq65a1n3d6jbzfb0f0610dlpg8x-cargo-src-encoding_rs-0.8.35.drv'
deleting '/nix/store/vd8g5w89r7q6s7xfm4bxp9s8ywsb5046-crate-zerofrom-derive-0.1.6.tar.gz.drv'
deleting '/nix/store/3bxfh21i669li25rfj0g59mlgz8xkm4r-crate-wasm-encoder-0.220.1.tar.gz.drv'
deleting '/nix/store/9rb41s2flag3rpyjj4l502qv8wspy6rh-cargo-src-defmt-macros-1.0.1.drv'
deleting '/nix/store/h9vas4hs8sf2d3ragfyrpmm9rb8swsfc-cargo-package-libc-0.2.185.drv'
deleting '/nix/store/s4hamj9wdjjdhfpigzbbjpzazksib5jb-cargo-src-libc-0.2.185.drv'
deleting '/nix/store/g409xrdsad7b82chx45d58v7xz53c458-cargo-src-tar-0.4.45.drv'
deleting '/nix/store/aq6z0slbszyv4y09bipzngkmxcq6bsr9-chaoscontrol-protocol-observation-test-0.1.0.drv'
deleting '/nix/store/2zfngm0zk09sjq9sdbygqg7pj38yn42b-chaoscontrol-protocol-observation-deps-0.1.0.drv'
deleting '/nix/store/v9z8mnf65mlrdrxirxcjfwr0wpdbja7g-cargo-src-opentelemetry-otlp-0.30.0.drv'
deleting '/nix/store/nlnpd52gfmxli35s6y56g22jm0vsdj9q-Cargo.toml.drv'
deleting '/nix/store/br6cqsgi3q3r7h148jr6mm1hw7164lla-cargo-package-tower-0.5.3'
deleting '/nix/store/1fdpgrlsi390gcijsszhsfraqrs0hdzc-cargo-package-tower-0.5.3.drv'
deleting '/nix/store/ch6cvs8dva8c1is8cirj69i3r69kpv64-cargo-src-tower-0.5.3.drv'
deleting '/nix/store/ysa6b47qkn5b4kwi04szxa72l0hc1s0b-cargo-src-cranelift-entity-0.116.1.drv'
deleting '/nix/store/70szbjvaia72h30xp2wwmcdlrmm59dhp-openldap-2.6.13.tgz.drv'
deleting '/nix/store/6q5pv23268lmbam1jcid0iaqpfhi89gj-cargo-src-windows-targets-0.42.2.drv'
deleting '/nix/store/2mh47rgwmfjz70h0cwzlw7yr24psq85k-witherable-0.5.tar.gz.drv'
deleting '/nix/store/jjd0xpg9fb1dnb00sg47vr73fp7bpxc1-character-ps-0.1.drv'
deleting '/nix/store/vs2yhw4r6h9jcrgfzm09a9vjns432y8s-cargo-src-difflib-0.4.0.drv'
deleting '/nix/store/zgly3v4vfd2x0kjzw75j28wixfl7047v-cargo-src-gix-config-0.54.0.drv'
deleting '/nix/store/wp5n523knjkmcyjdqm7rqyvbpxsdpwmz-cargo-package-pin-project-lite-0.2.16'
deleting '/nix/store/dmaclwhl6sknk8xl2c606yn8803xw50v-cargo-package-pin-project-lite-0.2.16.drv'
deleting '/nix/store/ky3bnmpfjhz8g8qzm22g5arz7m19cwyx-cargo-src-pin-project-lite-0.2.16.drv'
deleting '/nix/store/nrkdlpvdc3nxy3ddifi439c9jv13drq4-crate-wasmparser-0.220.1.tar.gz.drv'
deleting '/nix/store/zbi7v8cavgkpvgzakdqxq5zv5qqjlmdn-cargo-package-zerofrom-0.1.6'
deleting '/nix/store/dpi8mm5c05280ys737idns3rvhsvrs57-cargo-package-zerofrom-0.1.6.drv'
deleting '/nix/store/f1kiiqy14m5xv9x69qnxinpqly97phpf-unliftio-core-0.2.1.0-r4.cabal.drv'
deleting '/nix/store/bjp38m5qavf85idg8nan90nxdxn6d08v-cargo-src-rand-0.8.6.drv'
deleting '/nix/store/vp1y1dvhy62s0z0l434p5q3sy7cm84np-cargo-src-mime-0.3.17.drv'
deleting '/nix/store/w2plkrlgpx8qq629dm5xpy43f8qfhkbr-cargo-package-diff-0.1.13'
deleting '/nix/store/bnypfid8wiczn42jr179mg8l81x4sbxq-cargo-package-diff-0.1.13.drv'
deleting '/nix/store/arc70fbpij63k6sp98cwai232z7lxlfb-cargo-src-region-3.0.2.drv'
deleting '/nix/store/kl616vdzd1gdisl11h97yf4v3dfbyx4m-cargo-package-proc-macro2-1.0.106'
deleting '/nix/store/2vx0n3j6qd863iz4ja1f05w0id9hikhd-cargo-package-proc-macro2-1.0.106.drv'
deleting '/nix/store/ibn64q1n8wz2ayzbr911v8zk86gfs7vs-outcome-machine-policy-check'
deleting '/nix/store/8nihb47ra7cgz3nwwq8a9i00dqfsy4gc-outcome-machine-policy-check.drv'
deleting '/nix/store/vqh5p0a0c54mkxi3lri16vjqrfxpvd80-cargo-package-md-5-0.11.0'
deleting '/nix/store/dcxb8zjihwk3n2h37iam2i6blhkjm9qb-cargo-package-md-5-0.11.0.drv'
deleting '/nix/store/lb803572mrr31isy05a6ga84m5vrqfn7-cargo-package-winnow-0.7.15.drv'
deleting '/nix/store/dl9rps74ppdl3nq16vmix9jh6815i4ja-cargo-package-winnow-0.7.15'
deleting '/nix/store/xhmvmi9why6qahl16gdck3f4bbrcwl3f-cargo-audit-0.22.0-vendor.drv'
deleting '/nix/store/nm7pf6jzfc3a3s755k24cnlvalvcyisj-cargo-package-jiff-core-0.1.0.lock'
deleting '/nix/store/qvylbbn2h5khxasxs503klxap73w0c6g-cargo-package-strum_macros-0.26.4'
deleting '/nix/store/k0fghp75p6vbsjjccn1my0vnc5rn4dx6-cargo-package-strum_macros-0.26.4.drv'
deleting '/nix/store/3a59hm6wkhh6lvylw459gmjcqv5sy55d-crate-pyo3-macros-backend-0.26.0.tar.gz.drv'
deleting '/nix/store/3icc6bgw1ppgsamr4v26f1hlad4x09cz-cargo-package-supports-hyperlinks-3.2.0.drv'
deleting '/nix/store/0896zmm883qmrq30gcl0sv9q0x01r7vy-cargo-package-supports-hyperlinks-3.2.0'
deleting '/nix/store/xcyfjn06vlfapl149hlv61a4wlq3w88y-zerocopy-derive-0.8.31.drv'
deleting '/nix/store/8x0n2rw9xzi4njzvh0gs39rhfzhmn1b3-source.drv'
deleting '/nix/store/ydiplbya6hfcb3dhrk5bwc5avq4gkkx4-fuse-3.17.4.drv'
deleting '/nix/store/lcinxf5839ixqfvh5rq0gv1dba3wfwc1-source.drv'
deleting '/nix/store/g3isp1hh6vdx2m7pvif13sw18hlnwibr-cargo-src-maybe-async-0.2.10.drv'
deleting '/nix/store/2wb0i5bfw7r5msdnbpy6qnsrlb0w4565-boring-0.2.2.tar.gz.drv'
deleting '/nix/store/m7cyv7yrqlazp2jbpc2k53xyhrczz0af-mpfr-4.2.1.tar.xz.drv'
deleting '/nix/store/glgp8045sqhk8l253xl0ayfnf9h18dyd-rust-workload'
deleting '/nix/store/cviqkv4phl06iv6d9mwih8kv6ymaswzz-Cargo.toml.drv'
deleting '/nix/store/48kcayywlfnnvggwnvj009gg869x2rmi-symlink-0.1.0.drv'
deleting '/nix/store/pfr6vq2sc1jadiafcfski5w4ql17fqw1-crate-symlink-0.1.0.tar.gz.drv'
deleting '/nix/store/j42swjqy795224bgl707nnrv5472acpj-generic-deriving-1.14.6-r1.cabal.drv'
deleting '/nix/store/smzrxhfh3jncshc7f87q3i7grd3d8ng3-cargo-src-thread_local-1.1.9.drv'
deleting '/nix/store/190zgr7vc45ld3vh9qrbpm3wnzysdggk-qwen36-service'
deleting '/nix/store/rhzri2s63d34mmr44j0q7a1m3c0drfi0-cargo-package-security-framework-3.7.0'
deleting '/nix/store/if140r36hy2vpf93v706cq39li8najn4-cargo-package-security-framework-3.7.0.drv'
deleting '/nix/store/chf1gdxyhjmp53x3h36swk6clcahsk9j-cargo-package-cap-fs-ext-4.0.2'
deleting '/nix/store/2k8lf7s9d0pmdw3as4wy97hllvfaw60b-cargo-package-cap-fs-ext-4.0.2.drv'
deleting '/nix/store/sx7iqdfzddg6d7x27rcs0n9swjpvi8l1-chaoscontrol-clippy-0.1.0.drv'
deleting '/nix/store/za3q7gripnf3n2jqjazmv588jmj3klad-cargo-package-plotters-0.3.7'
deleting '/nix/store/j1yamj9m4824yxmyc7rs124apz3670cn-cargo-package-plotters-0.3.7.drv'
deleting '/nix/store/a5p3xsy8wgmq6fgw2qwcp1y0vhszr533-cargo-package-vte-0.15.0'
deleting '/nix/store/530v5754wdpsrxjbankga4clsw49j6f8-cargo-package-vte-0.15.0.drv'
deleting '/nix/store/k57yxkjpfgjfmjbpnwznc1s57qkb96gr-cargo-package-portable-atomic-util-0.2.7.lock'
deleting '/nix/store/zivnkl3zhvm237fp16aj9a155w54syp7-cargo-package-unicase-2.9.0.drv'
deleting '/nix/store/dvsw95vcwk2rsngalmvph72ijr28400b-cargo-package-unicase-2.9.0'
deleting '/nix/store/jqwg9wlgcxg44q75zqs0vzh3m39r1dhj-castaway-0.1.2.drv'
deleting '/nix/store/mzd43l2qjb1ydxwrgyq74qpqi3akryx0-crate-tracing-attributes-0.1.31.tar.gz.drv'
deleting '/nix/store/0ab5p2khvhc1hq0kfb2v7kl6rg7dcy7h-Cargo.toml.drv'
deleting '/nix/store/q5g02i7nimszwdknzn41aiwxs5235qdm-cargo-package-criterion-0.5.1.drv'
deleting '/nix/store/8hlr14yxcfyym57aa2mwm1nbr24hay4j-cargo-package-criterion-0.5.1'
deleting '/nix/store/pjavrncw4qbwn1v2gv79493srlnf9fqq-pyo3-macros-0.26.0'
deleting '/nix/store/89fidjm171cimcfscr7888dpisjjszlx-cargo-src-criterion-0.5.1.drv'
deleting '/nix/store/lllx0jbh8q49ciksk7zchfgi91ihnsvg-cargo-package-futures-buffered-0.2.13.drv'
deleting '/nix/store/hmgg46kwwmfkskvwpw7sdqlybmjcyxcr-cargo-package-futures-buffered-0.2.13'
deleting '/nix/store/aq5j3337vr5xqpy0yas3hmawm4g69pd3-cargo-src-futures-buffered-0.2.13.drv'
deleting '/nix/store/61nivknhcqs0m287vz775k2wd3s23hkx-cargo-src-icu_properties_data-2.2.0.drv'
deleting '/nix/store/krx9pj9vkzxh52gcck0m41gkj06nnyqg-Cargo.toml.drv'
deleting '/nix/store/6frwbyak1adp7pyxyjp40p6vn6ir7q97-tasty-inspection-testing-0.2.1.tar.gz.drv'
deleting '/nix/store/m2z68ifhy3bsnbhrnr64f861q11mgpsz-safe-exceptions-0.1.7.4.drv'
deleting '/nix/store/jl0was0mqdrsglpq7ic1y27d2d00l6za-cargo-package-cpufeatures-0.2.17'
deleting '/nix/store/ii9dzpmcphp89vrmry8zfkjg38444ldd-cargo-package-cpufeatures-0.2.17.drv'
deleting '/nix/store/3sw7db3xch3adaynq7zmc4n5k7by0dpp-Cargo.toml.drv'
deleting '/nix/store/yygslq8pbbh81fndd8yda7ffyfm2x980-cargo-package-equivalent-1.0.2.drv'
deleting '/nix/store/skbh9jsvx8kjx24w9yxiihx4hv3ahyzr-cargo-package-equivalent-1.0.2'
deleting '/nix/store/bb20ksi8b9jyhw1xpmviigfms2rsnwnz-cargo-package-windows-targets-0.52.6.drv'
deleting '/nix/store/1hh81bb5w94rvdsl5x7r2gjmbadqsqa8-cargo-package-windows-targets-0.52.6'
deleting '/nix/store/l16vvbkzwqrydl92xkdyc13gddyqpdhj-cargo-package-r-efi-6.0.0.drv'
deleting '/nix/store/klcg9ip16izsnknyk7kmd5qw1wq6ql8f-cargo-package-r-efi-6.0.0'
deleting '/nix/store/ak11f7jm5mvxdpvqyl61sppkjnxgm2rd-texinfo-7.3.tar.xz.drv'
deleting '/nix/store/9sxqz7zhfrm220pfkv8l676kwva3n45a-cargo-src-ipnet-2.12.1.drv'
deleting '/nix/store/li99hswdgcbwgp2vcbyqpgbnfdg56nk6-cargo-package-ciborium-io-0.2.2.drv'
deleting '/nix/store/d0bzm8b9w129br0hi35y2lf54ldncj76-cargo-package-ciborium-io-0.2.2'
deleting '/nix/store/klfqjk1x2d590gxyf7blmy5skhan389m-crate-getrandom-0.2.16.tar.gz.drv'
deleting '/nix/store/pkdd2m60gb5lrvyllh757svsmxdqp1nr-cargo-package-subtle-2.6.1'
deleting '/nix/store/c7mj6hf5lv33q048r7qrhbk7y0zx67av-cargo-package-subtle-2.6.1.drv'
deleting '/nix/store/khsyhnn2mqpdf6z6khfqvc1fdfk24xh6-inspection-testing-0.6.2.tar.gz.drv'
deleting '/nix/store/wzxf3xvnc0bglcrfvw6hl7rh5khx6mnf-cargo-package-windows_aarch64_gnullvm-0.48.5.drv'
deleting '/nix/store/dzfzi5a2hqgb2jbg15ywdl9cf8kbpiyy-cargo-package-windows_aarch64_gnullvm-0.48.5'
deleting '/nix/store/k40wx62ca060dnc86spljs9ajc1wapyy-cargo-package-version_check-0.9.5'
deleting '/nix/store/iim9k4bb9h7v9dqfc9b5bk80bgx1fkq9-cargo-package-version_check-0.9.5.drv'
deleting '/nix/store/zdb1yl4hyr0mmq5xin302n15z0xivh8w-cargo-package-rand_xorshift-0.4.0.drv'
deleting '/nix/store/yack0pvsp11aiv34ad5qmbxfkhj0g2x5-cargo-package-rand_xorshift-0.4.0'
deleting '/nix/store/vsqil45yprj08rmd9f9cs8cdj3cassvi-cargo-src-darling_core-0.20.11.drv'
deleting '/nix/store/h7krc3wlm9j4ays5wj7mqbm7fccrp86z-check-public-agent-boundary.rs'
deleting '/nix/store/g6rs76nc4awscpqa4nr70m79sxkk4d7k-Cargo.toml.drv'
deleting '/nix/store/ghdamd4hl6yi7jysh1x3436fj1v9yvjb-autoreconf.sh'
deleting '/nix/store/kpiqfiy27jvc9zizy5s42aylrzyh7wj9-LFS64.patch'
deleting '/nix/store/bik0ik2bh4pzivj4dnjpmrjzhqq07873-cargo-package-portable-atomic-util-0.2.6'
deleting '/nix/store/6p0rsy9qbqkwjj86nc686i11fwfrcsq6-cargo-package-portable-atomic-util-0.2.6.drv'
deleting '/nix/store/m9in86nb57wpfxp5d0appskyhq02vbdq-cargo-package-windows_aarch64_msvc-0.52.6'
deleting '/nix/store/jndva7bcdmqh74sql6lfchfxj0mgbqid-cargo-package-windows_aarch64_msvc-0.52.6.drv'
deleting '/nix/store/s23r002f2hsdpfqqkw1i3qv9jghgki68-cargo-package-tokio-macros-2.6.1'
deleting '/nix/store/jd93ij9icmi69w3bq6snfbdc7rdigbcv-cargo-package-tokio-macros-2.6.1.drv'
deleting '/nix/store/syza1f0hq5rmayh86gjvik9cwxvqjzlw-cargo-package-downcast-0.11.0'
deleting '/nix/store/al0x1ch3yibhhmalh6n78vvpk2sxdhp4-cargo-package-downcast-0.11.0.drv'
deleting '/nix/store/zdrpj18q4kbsh4midr9py5ph8ascl6wd-cargo-src-tonic-prost-build-0.14.5.drv'
deleting '/nix/store/w7aqapqv634bidijw6x2aliz9d8s16cw-cargo-package-memoffset-0.6.5'
deleting '/nix/store/vd02x3sw2kq9g67agqqc9parwj7hvl29-cargo-package-memoffset-0.6.5.drv'
deleting '/nix/store/p57rsrhh327361gs6xpy0fsdg1pabxjj-cargo-src-wasm-bindgen-macro-0.2.117.drv'
deleting '/nix/store/mm7cj7jngi23w61cnm9y2j95q79gwaj2-cargo-src-jiff-0.2.35.drv'
deleting '/nix/store/wcbms9zkhp3zqc4kvpl7ssmcv61cpmla-cargo-src-portable-atomic-util-0.2.6.drv'
deleting '/nix/store/pc0ihbgpfgx8n5dkh07qc5piw1cccnxi-octet-consumer-check.lock'
deleting '/nix/store/isrp6qfyz6ymp7m1fgh3axkigak5q33f-cargo-src-gix-bitmap-0.3.0.drv'
deleting '/nix/store/q0cw1j137l7qrqdgxp3isng92rmii10b-flagset-0.4.7.drv'
deleting '/nix/store/xq7js50qlnacqw1f1nkhlmirgscsmc7n-crate-flagset-0.4.7.tar.gz.drv'
deleting '/nix/store/5bwc8lhmiyz9i6d9d11nhx88drxpkgj1-flagset-0.4.7'
deleting '/nix/store/7qpdrbqfnjsdcz2jmzj5r71ysqa79vbg-cargo-package-paste-1.0.15.drv'
deleting '/nix/store/526vjxam9nwj57s2hh7fh8krcv1a1m1k-cargo-package-paste-1.0.15'
deleting '/nix/store/anyr5fb493z2i5mqj9r7kbxsfvsz9zlg-rustix-1.1.2.drv'
deleting '/nix/store/lgx38g1mvn0dv2qggznrhi40400wxxn6-Cargo.toml.drv'
deleting '/nix/store/3dic01ls3p14ygqnhaxijjngg7868ir2-cmdargs-0.10.22.drv'
deleting '/nix/store/h7p9xsab9yn6hn215wr9ppibk10ys9nl-cargo-package-codespan-reporting-0.13.1'
deleting '/nix/store/2l29hirgqajsm55cc0lpb8nmdx4hgimf-cargo-package-codespan-reporting-0.13.1.drv'
deleting '/nix/store/k75ydnqhym18zqax509k5k5v10g7schk-cargo-package-md-5-0.10.6'
deleting '/nix/store/h6z1dvdv9hwqf7vchb0k0nk78ncrjnzr-cargo-package-md-5-0.10.6.drv'
deleting '/nix/store/nbd448hx85w7k82kbk7186r7wcjfkx8f-cargo-package-backtrace-ext-0.2.1'
deleting '/nix/store/m5g3kmy6xh28qjvg2mr9xmyx3w2nqka7-cargo-package-backtrace-ext-0.2.1.drv'
deleting '/nix/store/qjvz68hzygfna125kbgl5y4vglw3wjxc-luasystem-0.7.1-1.rockspec.drv'
deleting '/nix/store/jx284dfdips0bv6fxn2gwsy7gwcaq9ss-Cargo.toml.drv'
deleting '/nix/store/qmr575qhmwh9lhmpzjlqjahya87841j6-cargo-package-rand_chacha-0.3.1'
deleting '/nix/store/bbdgaxdniv5c6wjfb3jw0p9c8108fmwh-cargo-package-rand_chacha-0.3.1.drv'
deleting '/nix/store/qq9ldk71060hbv35p8a2g3ibgv5pixay-cargo-package-gix-ref-0.61.0'
deleting '/nix/store/1sq0yj5cm7jlgdyjkwakjmf3wkc1sil4-cargo-package-gix-ref-0.61.0.drv'
deleting '/nix/store/cxa9z1nsvgma88kd997psihm93fg5g14-cargo-src-gix-ref-0.61.0.drv'
deleting '/nix/store/rflsd52vjgnwfyvif7w6fdgr283hyicx-source.drv'
deleting '/nix/store/qmmsbkzaj43kwy9j0l3icrdx2iflm3z3-cargo-package-curve25519-dalek-4.1.3.drv'
deleting '/nix/store/f2g062g8ifqa8q954lbg3cpvlbjvzhl9-cargo-package-curve25519-dalek-4.1.3'
deleting '/nix/store/ar8f09x79hi0waq3m7xw4k4czd5s9590-treefmt-2.5.0'
deleting '/nix/store/fqz40hr70fmsssi5n8ijc3cz99lvafcq-verus-proofs.drv'
deleting '/nix/store/lrxnqv8n9hgmzkg2aasy4w6qapx4pdly-verus-0.2026.03.22.drv'
deleting '/nix/store/4pz64hpw86vkgk638ad401d5q1bmdacp-cargo-src-gix-submodule-0.28.0.drv'
deleting '/nix/store/fh4n983fikzf58gh8b8bbqd3k13080ib-cargo-package-zerovec-derive-0.11.2'
deleting '/nix/store/5dr6653i5nrbjkmj50hkksp8njm0dsrb-cargo-package-zerovec-derive-0.11.2.drv'
deleting '/nix/store/xplmg43fcd8padin4ca75habbijd16n7-cargo-package-digest-0.11.3'
deleting '/nix/store/cjx7712dqsgrzvicff2xi8bjsvx20xly-cargo-package-digest-0.11.3.drv'
deleting '/nix/store/66ah1mkm71mjhcqq9h02imq3byl3zad0-Diff-1.0.2.tar.gz.drv'
deleting '/nix/store/qxrh58y7m22sngdk56043kpi8s3kn9lj-cargo-package-target-lexicon-0.13.5.drv'
deleting '/nix/store/hdwfp4qd84wrs6lm7xka3hsaflnr4gvd-cargo-package-target-lexicon-0.13.5'
deleting '/nix/store/i8hmcb0gcsqimi110hs38pf049w0n1ld-cargo-deny-0.19.0-vendor.drv'
deleting '/nix/store/8g5d8m8ajf83s9l1186jzfxm2qxhz8s2-cargo-deny-0.19.0-vendor-staging.drv'
deleting '/nix/store/7j6x6a267yzclxb4ds2626g5skl7swza-cargo-package-toml_write-0.1.2'
deleting '/nix/store/4lsnzm2mkzxfy014zlll4ixijqamv2h4-cargo-package-toml_write-0.1.2.drv'
deleting '/nix/store/ndiajzy9lsdjndqsxjy59rpq5n7p5yfq-cargo-package-bumpalo-3.20.2.drv'
deleting '/nix/store/ad4pgw838r41lafn40gg9jyxgj1ix7p1-cargo-package-bumpalo-3.20.2'
deleting '/nix/store/wgwymmn741xhsbsp1gs2pwdk8cja3p8d-cargo-package-blake3-1.8.7'
deleting '/nix/store/7vd27rsz6f0mfwpsj2j2vid7clsswsyi-cargo-package-blake3-1.8.7.drv'
deleting '/nix/store/9m0q5hjk85z2mw1xgi4mm012w202mxaa-cargo-src-blake3-1.8.7.drv'
deleting '/nix/store/njjlrliqwc9ivwbbz3q0pk8rzny3kzrl-cargo-src-http-body-util-0.1.3.drv'
deleting '/nix/store/cmbfcliaqv33pc5qz0ffp2wsg3j75wvj-cargo-src-proc-macro-error2-2.0.1.drv'
deleting '/nix/store/viddrqvbfs0mjzqgx7cl8yyngys2x8fk-windows_aarch64_msvc-0.53.1.drv'
deleting '/nix/store/6d09zj9xhy1w43ga29g8qxz63klisl7c-cargo-src-proc-macro-error-attr2-2.0.0.drv'
deleting '/nix/store/5d0600x093x2fsdq06hk7qyb03zfni7c-cargo-src-cranelift-jit-0.116.1.drv'
deleting '/nix/store/6n2nla77ib4javvm158apsi0iz9mkkmm-cargo-package-once_cell_polyfill-1.70.2'
deleting '/nix/store/08grkdh2ina14wpqmnk6xk5s2b7ad8mp-cargo-package-once_cell_polyfill-1.70.2.drv'
deleting '/nix/store/r9f3hpkzar6hpy5r3s2ycrvfphxf7dyr-base64-bytestring-1.2.1.0-r1.cabal.drv'
deleting '/nix/store/5d0vi08wwyf0hdr8zk9xh1rb1far31qg-cargo-src-curl-0.4.49.drv'
deleting '/nix/store/jp9z2ca44gjr42w3r4vj2h58q22pcg5z-cargo-package-axum-core-0.5.6'
deleting '/nix/store/7nz3w879jfy571k8cb0s14bfj9zg9yvj-cargo-package-axum-core-0.5.6.drv'
deleting '/nix/store/m8jvygs7dcva3qn3pypw6fyj1zx6wgdx-octet-consumer-check.lock'
deleting '/nix/store/s492gvxib1vicaz26alva1kvz8r2s7xy-cargo-package-serde_derive-1.0.228.drv'
deleting '/nix/store/6258xisac4877aahq8iz30kqdsnii3gr-cargo-package-serde_derive-1.0.228'
deleting '/nix/store/yi8rjpa59ahc8gwx624fb5ffjsk7k42b-cargo-package-libloading-0.9.0.drv'
deleting '/nix/store/gnj9fskmxxplypxhdigc4r6hg9vnjbf8-cargo-package-libloading-0.9.0'
deleting '/nix/store/hl4r0967sp7raz5fjd8gfcbzmcmq607m-cargo-src-libbpf-rs-0.26.0.drv'
deleting '/nix/store/13mddvdzcgr6fqi8laa16snpsvyw7nj4-cargo-src-wasmtime-jit-icache-coherence-29.0.1.drv'
deleting '/nix/store/kpw1rkbsakdl11al5bglkk38i79ypjxz-bitflags-2.10.0.drv'
deleting '/nix/store/s0vpyx8wh490wjlw7jnmsn2mr6i5gpiv-crate-bitflags-2.10.0.tar.gz.drv'
deleting '/nix/store/k06glk8f3dxj3k0m9b9y7ph2nbnd1ns0-0001-Revert-Remove-all-usage-of-BASH-or-BASH-in-installed.patch'
deleting '/nix/store/2jh9bc9zgrpv6spwbaf82ikrhy91fixp-anstyle-parse-0.2.7.drv'
deleting '/nix/store/3lzhniv2v5y3dji6lz9ldwynkf2vq1ax-source.drv'
deleting '/nix/store/da3q09fifzwk95sp6nydaki2i94c7lzh-cargo-src-cargo-platform-0.3.2.drv'
deleting '/nix/store/wyybnc6zgx7rrrcvilw8q3dn9cf0m670-cargo-package-filetime-0.2.27'
deleting '/nix/store/ghypav2dwl74v9r7hbryk347rqfs6bns-cargo-package-filetime-0.2.27.drv'
deleting '/nix/store/1hlds8zcca15casprqbqg3dx7h4b6zcd-cargo-src-filetime-0.2.27.drv'
deleting '/nix/store/6yxwfwa1l73l72lifxh6cbj4rb0nzpbx-cargo-package-gix-worktree-stream-0.30.0.drv'
deleting '/nix/store/xwdm4knwq4fx4k2h3iqimv5h5zi1f5mm-cargo-src-gix-worktree-stream-0.30.0.drv'
deleting '/nix/store/41z6m0qbmcnccwfgc1v3hh1c9g2pr36g-cargo-package-gix-worktree-stream-0.30.0'
deleting '/nix/store/vllg4j0m6lb2m6zzrn0h8znxhq4xh375-cargo-package-blocking-1.6.2'
deleting '/nix/store/msil9rzfvqq7h3mlhlixrvdrkm7bxf3a-cargo-package-blocking-1.6.2.drv'
deleting '/nix/store/rsn5dvpxbmxy41v2pglqkpw6yvwn3a6k-cargo-src-blocking-1.6.2.drv'
deleting '/nix/store/z4bnwr2j48dssp9jv4in9404gyfvzlwl-cargo-package-toml_datetime-0.6.11.drv'
deleting '/nix/store/vkq8gz1kf6976d5s4padp23p0zvk519a-cargo-package-toml_datetime-0.6.11'
deleting '/nix/store/mc5v0wg47gwj0m7f3smzs5mvpsgxrs3r-setup-hook.sh'
deleting '/nix/store/y5701ihfxxafjkn8fl637g79pzd4kkqr-cargo-package-imara-diff-0.1.8'
deleting '/nix/store/gff23fnw07pjqvp9qpjr81ijvv1nda51-cargo-package-imara-diff-0.1.8.drv'
deleting '/nix/store/iyi2ywvkq5qbjvd511chf7fa3kbs2nb1-cargo-src-imara-diff-0.1.8.drv'
deleting '/nix/store/dypv8fr3ms85ld1prs77ar015n7sa28i-polling-2.8.0.drv'
deleting '/nix/store/fpj6m5s3cqvcvni4vxxr28va8id90cjf-cargo-src-windows-sys-0.45.0.drv'
deleting '/nix/store/s26cw8lh3wn4dcvxsrj3z9nffy0vdghh-cargo-package-bitflags-1.3.2.drv'
deleting '/nix/store/mcia964b7sa4q4xshw9ny08ic3xzdsvp-cargo-package-bitflags-1.3.2'
deleting '/nix/store/f6ksfan4bxrxkwhp60jrldj2q8lqfnf9-crate-indoc-2.0.6.tar.gz.drv'
deleting '/nix/store/q2m3y9g45x48h8pm1lymfgaipx79qrg0-cargo-package-tinyvec_macros-0.1.1.drv'
deleting '/nix/store/6xkjvi04w6w50j0qzlc0glzwrqcjp98j-cargo-package-tinyvec_macros-0.1.1'
deleting '/nix/store/yx20kh8qzg6h88i0w9sw76r8kckxybjr-perl5.42.0-Readonly-2.05.drv'
deleting '/nix/store/r1mrm7npl3dj7knyg09kqa1wxac82hjs-Readonly-2.05.tar.gz.drv'
deleting '/nix/store/2ljr2iwqm14kv60cnllys09b166928gd-container-probe.sh'
deleting '/nix/store/bjja9sn9ia5m7z7qlfy6qhz2spc3ablw-cargo-src-multimap-0.10.1.drv'
deleting '/nix/store/72dzzr81ddww2b37hmv84cw7lk8rvj1w-data-fix-0.3.4-r1.cabal.drv'
deleting '/nix/store/z3ykf8ijn8bd716qhsg1h0fcwgkcqwyi-cargo-package-xz2-0.1.7'
deleting '/nix/store/k5n5bn5w6abhy844l5jqspag81cdf8pc-cargo-package-xz2-0.1.7.drv'
deleting '/nix/store/avmnqqkfawhd3sxjhvkz46h9d4c08di9-cargo-src-xz2-0.1.7.drv'
deleting '/nix/store/j4q0gbb1sxw198nzwhi0ni5k1fnl6mz0-cargo-package-wasm-bindgen-shared-0.2.108'
deleting '/nix/store/3d5gb58zb5hxd6s3s2yw0rpwq3nx22z1-cargo-package-wasm-bindgen-shared-0.2.108.drv'
deleting '/nix/store/ia6r0ai1ypcwjpg9lv6zlggh77ywa2sx-cargo-package-futures-task-0.3.32.drv'
deleting '/nix/store/8w8w04sg4fjivi8m27apx049mrlvhppr-cargo-package-futures-task-0.3.32'
deleting '/nix/store/x84a0jf5kn1vk1hdlsbgjjcv0vhf85vj-cargo-package-data-encoding-2.10.0'
deleting '/nix/store/0z42vax8n5hly17z1v8ps8fkskc6l28s-cargo-package-data-encoding-2.10.0.drv'
deleting '/nix/store/bwraakiv082gnb423yvfvi9xgfifavjy-cargo-src-data-encoding-2.10.0.drv'
deleting '/nix/store/qgp93c8ckij2rwqjzs78lzmc3b07raw8-base-orphans-0.9.3.tar.gz.drv'
deleting '/nix/store/k50k07yhm2cigndbl6mzs6vlglsqxy1c-cargo-package-opentelemetry-proto-0.30.0'
deleting '/nix/store/31v4rz0isrb2i5119rqihiac6gik7qn2-cargo-package-opentelemetry-proto-0.30.0.drv'
deleting '/nix/store/f4rvjn3bzwi9d21hz3a0d4v8pl04a2di-cargo-package-ruzstd-0.8.2.drv'
deleting '/nix/store/d99fym9y1f7s05psmzxc6myyvhxykgxv-cargo-package-ruzstd-0.8.2'
deleting '/nix/store/ybf2jn2xfnk0y160arcgl81if3wvpx5j-cargo-src-tracing-core-0.1.36.drv'
deleting '/nix/store/kn0apv670n2wl80k8xcvbf1cxvlz4vbb-cargo-package-unicode-width-0.1.14.drv'
deleting '/nix/store/jl1wq98fns1zwga9bv44ga25knn0g8v3-cargo-package-unicode-width-0.1.14'
deleting '/nix/store/07rp3hvvx023x9q43cxhkgh9jyld47ml-python3.13-blake3-1.0.8'
deleting '/nix/store/nn2c0h1w3ry1ivl4nlkbfadh6ak6cc79-remove-web-interface.patch.drv'
deleting '/nix/store/gb89g2wwwca93j8zx4cmk5hpd4awx0rr-cargo-package-form_urlencoded-1.2.2'
deleting '/nix/store/adx5vknnsmbflzj0q3j9yiig5xc2f2yv-cargo-package-form_urlencoded-1.2.2.drv'
deleting '/nix/store/q066fcs3xr7xs93ci8n19z8f55j7k8vp-cargo-package-mio-0.8.11'
deleting '/nix/store/lvvmyx831n3ndx9kifwy0b92zd7j74z7-cargo-package-mio-0.8.11.drv'
deleting '/nix/store/24gp07wwmg4brg9nxrsmhiy2wxk634c6-cargo-src-cap-fs-ext-4.0.2.drv'
deleting '/nix/store/96mlk9a2mdi703n9zz0z7n73iw7yjfnv-cargo-package-kvm-bindings-0.10.0'
deleting '/nix/store/52rx920sb3vr7mi9092mh8y0l43as6z4-cargo-package-kvm-bindings-0.10.0.drv'
deleting '/nix/store/36bir53kqws747gc371861ajkgchzk9h-cargo-src-kvm-bindings-0.10.0.drv'
deleting '/nix/store/as883k9hfhki1qfca23wr9lvzr848k9k-cargo-src-loom-0.7.2.drv'
deleting '/nix/store/1ijffkh58syxgwgwi4bgkcgxz1vjaw73-cargo-package-derive_more-impl-2.1.1'
deleting '/nix/store/1c8d4wr3mmyagr5r25pqa6nz6n8fxjqk-cargo-package-derive_more-impl-2.1.1.drv'
deleting '/nix/store/vxhp735zl0qgbgpy6ii3c25r9vlvqy8l-cargo-package-winnow-0.7.14'
deleting '/nix/store/fhc67cmhpfiy0brs1msln6f40d11mdc6-cargo-package-winnow-0.7.14.drv'
deleting '/nix/store/3j4g7wmrjdax0dq608hybnf3yvab1i5h-quote-1.0.42.drv'
deleting '/nix/store/gmq99dv2mm7115d1cgj2pmrmvfyp0aj1-crate-quote-1.0.42.tar.gz.drv'
deleting '/nix/store/ldnrkv6sv05wrsdy07i9hjd96mf98hbj-windows_aarch64_msvc-0.52.6.drv'
deleting '/nix/store/mm07f1myv4rhhqn44qh87mhjbmp69h9g-crate-windows_aarch64_msvc-0.52.6.tar.gz.drv'
deleting '/nix/store/q2v09mdn8rlzq0x2shlrb9w8brg99dfd-cargo-package-petgraph-0.6.5.drv'
deleting '/nix/store/la3lbqdp9ynq9zb4vi392d9b703yyxcc-cargo-package-petgraph-0.6.5'
deleting '/nix/store/g709zpvaqr36cxjxaqni891v9ifm62c9-cargo-src-petgraph-0.6.5.drv'
deleting '/nix/store/df16qsd7s5gp9v1kk4xfj41havlagw35-cargo-src-winapi-i686-pc-windows-gnu-0.4.0.drv'
deleting '/nix/store/qg8zj4r5ypcrc77vynks1i56r72xhji8-cargo-package-typetag-0.2.21'
deleting '/nix/store/chz4mkk60h3950bdqb9jbwbg8cmrkyy2-cargo-package-typetag-0.2.21.drv'
deleting '/nix/store/kgzdmr0c7r9lbala34mqc7hchrq8n70r-cargo-src-typetag-0.2.21.drv'
deleting '/nix/store/k4ca778icc0z6p90wh641c67i70svnl5-Cargo.toml.drv'
deleting '/nix/store/mqlr7r2mv5zkb7mbh1dslfxf7z9rb0gk-cargo-package-crossbeam-deque-0.8.6.drv'
deleting '/nix/store/d60n9grzj5502f4p60dn38bz7d91xs5l-cargo-package-crossbeam-deque-0.8.6'
deleting '/nix/store/p2bj9a7ljvl9sar2pgzgg5689yj2d5ky-cargo-src-async-io-2.6.0.drv'
deleting '/nix/store/x3ahwn2idvfc9agyyk1psr7qnrc23ng4-source.drv'
deleting '/nix/store/g1rpv4b8apldqkx44pgz0k6z3bf0db1x-rust-docs-nightly-x86_64-unknown-linux-gnu.tar.xz.drv'
deleting '/nix/store/cs9lsdx0f7a7jiyzj4gxjsxjmmsr73i3-cargo-src-tonic-0.14.5.drv'
deleting '/nix/store/zsgm6y36fsfmvcyz8qhchnl94xc6yfbv-cargo-package-linux-raw-sys-0.12.1.drv'
deleting '/nix/store/4m9walqj51vl13yx6hfc9i44m1gmgskz-cargo-package-linux-raw-sys-0.12.1'
deleting '/nix/store/hbnqgfrp7yl3nkg9k0br5wvxblajqsq6-cargo-package-pretty-0.12.5.drv'
deleting '/nix/store/c4krjkcd3l0d7c50n1mc7gzijpk74fpk-cargo-package-pretty-0.12.5'
deleting '/nix/store/rqnc4jz5z8gwbz322nancn0y2zq607vq-cargo-package-hashbrown-0.17.0.drv'
deleting '/nix/store/y4g6fnn1jf4jvx745lxbrvk4qvbczmlx-cargo-src-hashbrown-0.17.0.drv'
deleting '/nix/store/lyzmjzl4hgm1chxcs61r27jfdq4q08hq-cargo-package-sharded-slab-0.1.7'
deleting '/nix/store/jbx8w69jqinxbnvg1fvxmndwbwbpb4dl-cargo-package-sharded-slab-0.1.7.drv'
deleting '/nix/store/b8vnd9hxd60lv4bhpcwf6v0mj7zl32j3-OneTuple-0.4.2-r1.cabal.drv'
deleting '/nix/store/57kj257h1rvvgf35pgv6bma4a46nafmb-cargo-src-gix-hashtable-0.13.0.drv'
deleting '/nix/store/c4ymw711a6r51sgvazgk9kvy1r6cxqhy-source'
deleting '/nix/store/svv31qpx8z14ijfhqzxgxlas88d7x8z7-cargo-src-bstr-1.12.1.drv'
deleting '/nix/store/zgyqqm6db94jxplnxy5bps6fjpgdv0w9-cargo-package-tokio-retry-0.3.0'
deleting '/nix/store/vd1b9ki78bcib244qxsw0h7g8cf2fidh-cargo-package-tokio-retry-0.3.0.drv'
deleting '/nix/store/ziqvmbjrbvbv57ywpnklwfvv6x12cccp-cargo-package-bigtable_rs-0.2.21.drv'
deleting '/nix/store/1cvm8k3iifksq6gfyx7q6xbl9vxfjqbm-cargo-package-bigtable_rs-0.2.21'
deleting '/nix/store/674xla0zv03qlp6sqydbjw05c34vj7bn-cargo-package-prost-derive-0.13.5.drv'
deleting '/nix/store/39r0krxxa5vh52jq5mfxl7p5pkhcnd0q-cargo-src-prost-derive-0.13.5.drv'
deleting '/nix/store/06970xcd9rdzhbqvx7k7vw6258yykdzb-cargo-package-prost-derive-0.13.5'
deleting '/nix/store/2ndsgybwfahkiy45pm5p8pb7a1154di7-cargo-package-tar-0.4.46'
deleting '/nix/store/0k1kg8gd64snv92lhg6xrz6xgm1q71lx-cargo-package-tar-0.4.46.drv'
deleting '/nix/store/fysfqymdhgwrmgrsqkp5np64g3js0pw2-cargo-src-tar-0.4.46.drv'
deleting '/nix/store/alma1fhjrmvd4bmv28vdcffimbd2p345-cargo-src-schannel-0.1.29.drv'
deleting '/nix/store/2949jm1kgafabkmf9vxjl64shn4i0nzz-Cargo.toml.drv'
deleting '/nix/store/wmknncrif06fqxa16hpdldhixk95nds0-strip.sh'
deleting '/nix/store/w68458gw6w7wycnggzxwafr9hq2r0jwx-unliftio-core-0.2.1.0.tar.gz.drv'
deleting '/nix/store/4gs8nhxggfdhhma4si4vmlx1d5n1anbh-semigroupoids-6.0.1-r2.cabal.drv'
deleting '/nix/store/lzmcfv2m4ripknpvbsv8wcg1ik1kif4h-use-etc-ssl-certs.patch'
deleting '/nix/store/ykghhk1r0lcqvggfy1250cws0yf09iis-megaparsec-9.7.0-r1.cabal.drv'
deleting '/nix/store/8vmrks5iiw3f1hv7dgr9v28ycf40c0ds-nix-nar-0.3.0.drv'
deleting '/nix/store/bpsjaf7qaka256n648fjh0r6wwjz7x9a-tokei-14.0.0-vendor-staging.drv'
deleting '/nix/store/wnpqnn0ppqrh6zivq1g6qwnvqd16ipqg-cargo-package-icu_normalizer_data-2.2.0'
deleting '/nix/store/5k22kwz5kw205m47y06c2qk5k1ic8imw-cargo-package-icu_normalizer_data-2.2.0.drv'
deleting '/nix/store/cwj3rr12pzng453j29y0pmbvfnlc9ni8-cargo-src-icu_normalizer_data-2.2.0.drv'
deleting '/nix/store/q984n96hjcqbr3ynpx6f9fi996pmi7ar-cargo-package-wasm-encoder-0.244.0.drv'
deleting '/nix/store/lsg1jkldhvhn3x9gimlw3gjn98sagk9x-cargo-package-wasm-encoder-0.244.0'
deleting '/nix/store/812n6xspip03g9cccbwqwkl0lcdyzdw2-cleaned-mkDummySrc'
deleting '/nix/store/q8dimdk3p3iz71ibz48m9bpsr39cgaw2-cargo-src-bitflags-1.3.2.drv'
deleting '/nix/store/2s1bdhgh80m97h5awjyg4mjd0fmgqbnq-cargo-package-icu_normalizer-2.1.1'
deleting '/nix/store/1bi56q1vcmi0rby59qxch40yflpjfljg-cargo-package-icu_normalizer-2.1.1.drv'
deleting '/nix/store/qp4rqbzlrcavgikm7528knrcs3y22jw4-portable-atomic-1.11.1.drv'
deleting '/nix/store/vahkwhv9xsrk87y2a5a9fsv7vzlmkznf-cargo-package-cfg_aliases-0.2.1'
deleting '/nix/store/fyy32xjh8ap80rq4a4gxf0hxjxnrvhdj-cargo-package-cfg_aliases-0.2.1.drv'
deleting '/nix/store/kwv493qnr4jab1rgj7262cn7dcimpad5-cargo-package-windows_x86_64_gnullvm-0.48.5'
deleting '/nix/store/7mka3ksl3105ihjahq9gjncjhwfjxwbr-cargo-package-windows_x86_64_gnullvm-0.48.5.drv'
deleting '/nix/store/gbx7br4qpbx3k5m2ll3c6bfvmspvm4ib-cargo-package-prost-wkt-types-0.7.1.drv'
deleting '/nix/store/j36l1w8mdjyxk9j9f7rjxivmx02p2k13-cargo-src-prost-wkt-types-0.7.1.drv'
deleting '/nix/store/16sk77qs4fdhdijxjarzhza0skqpdqmv-cargo-package-prost-wkt-types-0.7.1'
deleting '/nix/store/xw6vv4v9bgiy6l2qjygjd4m9bgcnvyic-th-abstraction-0.7.1.0.drv'
deleting '/nix/store/0hbcrn1h40hydp31hacx2fk2c3k1fssd-th-abstraction-0.7.1.0.tar.gz.drv'
deleting '/nix/store/hfd9svfcg1wcj2iz8ky0j8w08r0jm9r4-source.drv'
deleting '/nix/store/sfdkzxbj25y7q8g3rwl3qh22nypqygcv-cargo-package-getrandom-0.3.4.drv'
deleting '/nix/store/2rirh2mxpz2l6ijmpa9da4pisd1h3i6a-cargo-package-getrandom-0.3.4'
deleting '/nix/store/qpzdiag8jv68p46wvck0z16bgkza962y-cargo-package-versionize-0.1.10.drv'
deleting '/nix/store/yvjsj7h735px7hbb8iyf0dv1bf3xvxhf-cargo-src-versionize-0.1.10.drv'
deleting '/nix/store/h3kvbghkgacl3lj59mrgqaf09av3xx0i-cargo-package-versionize-0.1.10'
deleting '/nix/store/xsy5z086c1706sg9c1gb55ddsh21424r-vim-gen-doc-hook.drv'
deleting '/nix/store/ia4q639ypp1qzvzc6n18q257806jh53d-vim-9.2.0389.drv'
deleting '/nix/store/3gz5awaiyy2hkfcr4b4xhqlyqy040v9f-source.drv'
deleting '/nix/store/2ayv7b1gq2lrnh70a0anxpqna5lyq4n2-windows-sys-0.60.2.drv'
deleting '/nix/store/py10i8clkl2yxgpas50yxwnx7gwmjaik-cargo-package-httparse-1.10.1'
deleting '/nix/store/4y8wjglbka895dvfkpxf9nh2dhbv1gz8-cargo-package-httparse-1.10.1.drv'
deleting '/nix/store/379jrivfkwdhj722gg1j08gw01ksfl9j-cargo-src-httparse-1.10.1.drv'
deleting '/nix/store/q7cbawpyakbk2671xlp60wlil3j4vc3y-muse-pi-turn-self-test'
deleting '/nix/store/4mn6ciyrl7n8q9603mnz26k1j47sg0d9-muse-pi-turn-self-test.drv'
deleting '/nix/store/zmppzn98pnqmqdmjxb8b4q0s283b6303-Cargo.toml.drv'
deleting '/nix/store/j1hsp6adg6yh2mn2kbpa0sig9hzxarfx-crate-writeable-0.6.2.tar.gz.drv'
deleting '/nix/store/x2pc2xm31s6v1f6avdl7ja066yd5nrm7-cargo-package-rustix-1.1.4.drv'
deleting '/nix/store/4z969g89hf5zyq4h3sh545ndr3lc2f71-cargo-package-rustix-1.1.4'
deleting '/nix/store/yyv1iq4gvw3gx8nl7n0xalshwf6gavfy-cargo-src-once_cell-1.21.3.drv'
deleting '/nix/store/y22prwkjjh2hicc5056c27cindr25l8x-cargo-package-zstd-sys-2.0.16+zstd.1.5.7.drv'
deleting '/nix/store/55ryfkqaifdlsdccmdj96aijlgwmihsk-cargo-package-zstd-sys-2.0.16+zstd.1.5.7'
deleting '/nix/store/1hd7wyi4xgf844spssbm63m6962m1myl-libcbor-0.14.0.drv'
deleting '/nix/store/81jgfbp1p43a371hbv15qpdw5nisz3nl-source.drv'
deleting '/nix/store/14ml5297zr1k1wjcbjagk5n52339fgbk-source.drv'
deleting '/nix/store/v08zs1mgwif1dc04027k81kf0gi8dd5x-cargo-package-clru-0.6.3'
deleting '/nix/store/l8zcil89jq64lpcvsqi5c8iig55bxp3h-cargo-package-clru-0.6.3.drv'
deleting '/nix/store/a3jw70bff4am4dn43dlp2kfndvq4cg0j-cargo-src-clru-0.6.3.drv'
deleting '/nix/store/vnym005awqspxj9230h998p6jm79bgxk-cargo-package-fragile-2.1.0.drv'
deleting '/nix/store/kkqvmgl5zi4cka0k40rg31yci2qvmifj-cargo-package-fragile-2.1.0'
deleting '/nix/store/7sgcqqkf0z0zbvras46j7jzc9lmq8bv3-Cargo.toml.drv'
deleting '/nix/store/j4lbfrgdd599y5kzj29vyfbvlpc7v233-rustfmt-1.96.1.drv'
deleting '/nix/store/153dix264d7rc2abmlfvqhr5n3ddgwmk-rustfmt-1.96.1'
deleting '/nix/store/p5vbhk3hkx06ajk0ahnx0abcjk475g2b-cargo-package-fs_extra-1.3.0'
deleting '/nix/store/ia7653zhq3nfbv81r4dxp9472y9sphpb-cargo-package-fs_extra-1.3.0.drv'
deleting '/nix/store/cj3l7x6wskinpvnw5f81psci3xh7rccm-once_cell-1.21.3.drv'
deleting '/nix/store/r76j97apjvvhhid6c84nbhaaa4bfi8b5-crate-once_cell-1.21.3.tar.gz.drv'
deleting '/nix/store/6f52jsmydjqlkp2mmsm6p8rxpfsn087n-libzip-1.11.4.tar.gz.drv'
deleting '/nix/store/xxi3zkbar4gkr3fy1v0fnk7y1bcmzrbg-cargo-package-syn-3.0.3.drv'
deleting '/nix/store/jpkirwsx01v627hlfmi92x322y7a257x-cargo-package-syn-3.0.3'
deleting '/nix/store/kxmhpw38bk8d6123a97kiwziswdq589f-cargo-src-security-framework-3.7.0.drv'
deleting '/nix/store/ra8idr331mp8jdg4h3zsrhyhfsbkf591-cargo-package-schemars-1.2.1.drv'
deleting '/nix/store/hyjafv0f4ifbxxj997n5xmz9i6rka1ii-cargo-package-schemars-1.2.1'
deleting '/nix/store/z470xj354j9hg5qld3lwx7g3aawr3fa6-env_filter-0.1.4.drv'
deleting '/nix/store/mphddzrln38qyq4mbw2irk4nk9imbxgv-cargo-src-jni-sys-macros-0.4.1.drv'
deleting '/nix/store/sgfyvjqwklsghsv7zxf3qyqlq1l8x4fn-cargo-package-darling-0.21.3'
deleting '/nix/store/3bmlar6gcsk8sykkm1j1j2n9k9cv9ccl-cargo-package-darling-0.21.3.drv'
deleting '/nix/store/jr8gq9sh8jnz5d6d2k4ihxzvdjx4njpb-cargo-src-darling-0.21.3.drv'
deleting '/nix/store/p3wilygxapahsxnr00iv6vdzv18q33in-cargo-src-io-extras-0.19.0.drv'
deleting '/nix/store/idvn4c2pfj1w7a5iv6yh5nnv975bqmcc-cargo-package-cranelift-codegen-meta-0.116.1'
deleting '/nix/store/dnmivxsz4dhrv04zbbfqwcanif3hj26s-cargo-package-cranelift-codegen-meta-0.116.1.drv'
deleting '/nix/store/kq5092jk8s262z2ka65i4bq113qi9jrb-Cargo.toml.drv'
deleting '/nix/store/s4z6h0impggxz7fhiaklwq5hs155d93n-cargo-package-pin-project-internal-1.1.11.drv'
deleting '/nix/store/2gycq3j9vcw7anm7ahk1mcbgk51q9p5a-cargo-package-pin-project-internal-1.1.11'
deleting '/nix/store/0plr95klq81yfr1w6i9w9p4xc8d1rg4b-npm-build-hook.drv'
deleting '/nix/store/rqjwpgvyizliq2xy3v0z5fkv0lc73ahy-dylint.toml'
deleting '/nix/store/kr3gkcgrz04mx3w2xx25rcgaxp6ajjc1-witherable-0.5-r2.cabal.drv'
deleting '/nix/store/ycww7q3f78kvbmc2sh75rm0j21i009hi-cargo-package-anyhow-1.0.101'
deleting '/nix/store/y1lm9dq9wbnc41rjcxpkiljgbq9xcadi-cargo-package-anyhow-1.0.101.drv'
deleting '/nix/store/x9xv0gqcsirj7f5k9zz10qcn3rbhpylk-cargo-package-constant_time_eq-0.3.1.drv'
deleting '/nix/store/2h8g9gqmbc6mbajgvljxh85v7576bm04-cargo-package-constant_time_eq-0.3.1'
deleting '/nix/store/71ln6w7w0hcbxk4yrc7b31xwykzawby4-cargo-package-lazy_static-1.5.0'
deleting '/nix/store/19k070c70fi244ncxj5k4kisawqm2787-cargo-package-lazy_static-1.5.0.drv'
deleting '/nix/store/anyqkgrqrlb36zpizl25wk2p1kdqk0iv-cargo-package-libm-0.2.16.drv'
deleting '/nix/store/1bap41wa20qzm6jmy1n6aqr3ahl4imb0-cargo-package-libm-0.2.16'
deleting '/nix/store/yh64l30nz903mbhh03k817ya6rbyq666-cargo-package-linkme-0.3.37.drv'
deleting '/nix/store/ar6xi23q7gikmjpfi0xkb8609cfzpara-cargo-package-linkme-0.3.37'
deleting '/nix/store/2qsjjxf9aqky6k4hyig1qgxy2x5icp9x-qwen36-service-source'
deleting '/nix/store/rg13iyi7c4a0889bcbf9b23dpdbfw45n-crate-windows_x86_64_gnu-0.52.6.tar.gz.drv'
deleting '/nix/store/zf3h4lhji5ikx6wqsidx68c1n3ydqiml-diffutils-3.10.tar.xz.drv'
deleting '/nix/store/vkqw371dwxbf997bn47z1q3wc80ls392-cargo-package-syn-2.0.119.lock'
deleting '/nix/store/9nl33kh04q6967iqsli8grpx0vvw24hx-cargo-src-gix-prompt-0.14.1.drv'
deleting '/nix/store/siayq49pwwa2ayjfyldh1mkfhmk77xfw-cargo-package-proc-macro2-1.0.107.lock'
deleting '/nix/store/sxvf49a2rcxmhchy65gs0rs469892hvh-cargo-package-clap_derive-4.6.0.drv'
deleting '/nix/store/5v3m4kdq2f8390cdwz3iz2rp8sxbi987-cargo-package-clap_derive-4.6.0'
deleting '/nix/store/2jr0rnb5jgl2s4kqjcrk338byq2s52n2-chaoscontrol-vm-cohort-adoption-contract.lock'
deleting '/nix/store/dvzrfrpz9rmfxinyyf8bmrvm2qm75j20-ghc-paths-0.1.0.12-r8.cabal.drv'
deleting '/nix/store/kaqfrqs9w4zw80prdgzj4xck9y6nl9nb-cargo-package-schannel-0.1.28'
deleting '/nix/store/3axvi9lnq69m8allnndkarmv2ry30dv7-cargo-package-schannel-0.1.28.drv'
deleting '/nix/store/vp6lvi296nhv9hhbr4j36v2v0c038dcq-cargo-package-gimli-0.32.3'
deleting '/nix/store/bxn9qv5mlp8md9k8vsvlcidf2jwrjgg3-cargo-package-gimli-0.32.3.drv'
deleting '/nix/store/79mmdpj12gi85h68gn0qsgqd7rinqq9l-cargo-package-valuable-0.1.1.drv'
deleting '/nix/store/3dy440f2rzkdlya1ysnilp1h7zmq1pjj-cargo-package-valuable-0.1.1'
deleting '/nix/store/z2vl6d51y2g5vbqb0m2wibrkzwx866mk-cargo-package-linkme-impl-0.3.37'
deleting '/nix/store/gpnp5g02lv0mf5ar5jcavxj435b6a70c-cargo-package-linkme-impl-0.3.37.drv'
deleting '/nix/store/zk7a5k616r7i4kffw0lklmnmhzp9i6dv-cargo-package-wasm-bindgen-futures-0.4.67'
deleting '/nix/store/2cn9cxg4da2ii2spmwifmsbyjpbgmdh3-cargo-package-wasm-bindgen-futures-0.4.67.drv'
deleting '/nix/store/xwgji1f4180ra8nrwnh0pk1wlqi0vngy-cargo-package-core-foundation-0.10.1.drv'
deleting '/nix/store/cq8vyjv00b9db2bhgs0kwzxhwsg5ik45-cargo-src-core-foundation-0.10.1.drv'
deleting '/nix/store/bkvgrhajbw75h88hdbxk38fh0dwpaykm-cargo-package-core-foundation-0.10.1'
deleting '/nix/store/vd2c8j6jxy9gmmw7c67yf3miqif3vmr7-cargo-src-cmake-0.1.58.drv'
deleting '/nix/store/av4ij77yn1ri0qbxxa2a3xqixaxdrigk-cargo-package-system-configuration-sys-0.6.0'
deleting '/nix/store/1cr57jb1mgm4f1l85a0xbbi090aj6kz8-cargo-package-system-configuration-sys-0.6.0.drv'
deleting '/nix/store/zi0f9rwq63dhssbf3bdrkhcbmjhiz8j3-cargo-src-system-configuration-sys-0.6.0.drv'
deleting '/nix/store/lj4kn8r25zlibjqk80653l3xd3fn645i-cargo-package-foldhash-0.1.5'
deleting '/nix/store/1pj6zhc94spidwv1d8wkfrn8ifvsk8m9-cargo-package-foldhash-0.1.5.drv'
deleting '/nix/store/y0g82br1iq9wnw1x93cbsfbvyzy19wb2-crate-once_cell_polyfill-1.70.2.tar.gz.drv'
deleting '/nix/store/vb7ydcmzkykm8kgkprdys4h5syhlc148-cargo-package-rustc-demangle-0.1.28.drv'
deleting '/nix/store/8gkmfphkzzc1kq4z1hj1vk53vh0hvmid-cargo-package-rustc-demangle-0.1.28'
deleting '/nix/store/zv7xhc1p06yfyrc2rl29c2x1vdpyz3hr-cargo-src-wasm-bindgen-futures-0.4.67.drv'
deleting '/nix/store/xcpmg3dq4kxck7zr04s5wfpywqzp01x4-wasip2-1.0.1+wasi-0.2.4.drv'
deleting '/nix/store/fa3lwxc9mw5423sn05ffric7rz6bryd9-crate-wasip2-1.0.1+wasi-0.2.4.tar.gz.drv'
deleting '/nix/store/zvb4axxw6ncznx5509ik9m070kz3i69m-source'
deleting '/nix/store/2x40gmkv255vq15y8kc2n19diyd1v3qh-libc-0.2.178.drv'
deleting '/nix/store/8zxw0f6cfzhiccvm9y2s9fgammhxzzx3-regex-syntax-0.8.8.drv'
deleting '/nix/store/hhv2paw8in0yj72h45gv45lyrf74d41i-cargo-package-owo-colors-4.3.0'
deleting '/nix/store/grm8w761fhndmlhj22871ajydcyf8mf9-cargo-package-owo-colors-4.3.0.drv'
deleting '/nix/store/6b64dihsmkr3fncvq560ih24w6d493ma-source.drv'
deleting '/nix/store/jkfg3j5mq1jf97swza7zdnkpzwf0haj2-cargo-src-windows_i686_gnu-0.48.5.drv'
deleting '/nix/store/i2rlyh0n695k8l5mi4vz1yf6nljmdbmq-cargo-package-fnv-1.0.7'
deleting '/nix/store/hk132q2xk5arv2cfvixif0114fym9yx1-cargo-package-fnv-1.0.7.drv'
deleting '/nix/store/7dfp1qq1x7dawyqvkz6gdpicbc0ykijk-pyo3-ffi-0.26.0.drv'
deleting '/nix/store/27ldrpsa9bjr0v4y6say0j4ssr7hws49-pyo3-ffi-0.26.0'
deleting '/nix/store/asicxablns8q8hwp4k1yx77y38ml77x8-cargo-package-winapi-0.3.9'
deleting '/nix/store/4wa4kmjq00g8aqgrpyym5lyqx95dwjl8-cargo-package-winapi-0.3.9.drv'
deleting '/nix/store/cfmn1nz66mrzmcymh9ih5g81brzf58py-cargo-src-icu_normalizer-2.2.0.drv'
deleting '/nix/store/w4ih3ri9zlf163919p26yi0c5hfid43q-cargo-src-constant_time_eq-0.3.1.drv'
deleting '/nix/store/w1dsi1rxdbyw7zw2x6azanr7kgjb24v3-windows-targets-0.53.5.drv'
deleting '/nix/store/ia49vhs6vl297dv1rxjgm700y3cn7lir-inspect-3.1.3-0.rockspec.drv'
deleting '/nix/store/ik24m36h4q4pky1gwzwhma9pkpg65v2p-cargo-src-mio-0.8.11.drv'
deleting '/nix/store/bx7n0d6814skqcd41z41k3xv3ycdkand-cargo-src-dashmap-6.1.0.drv'
deleting '/nix/store/5qi30i2j3qzzk6sqiprda7477qcfiw7c-cargo-src-vsprintf-2.0.0.drv'
deleting '/nix/store/gid4k47paqzy0d9h0bp6k4dirjxwiphg-cargo-src-windows-sys-0.48.0.drv'
deleting '/nix/store/xr0wz4lfk9v4c6r0r4ysly9ad4j2nr0b-3x4k6kvs487cdfnvnqfbgjndzhv5c92y-source'
deleting '/nix/store/yb68gjrns71hxgk051iq0kx1rgas44kd-cargo-package-uluru-3.1.0'
deleting '/nix/store/wq7j0kl23q24qfhx0m99j8vp9g5ahpsm-cargo-package-uluru-3.1.0.drv'
deleting '/nix/store/rlg45g001sp4h0m6aabzrqhbbikdlj3f-cargo-package-zerovec-derive-0.11.3'
deleting '/nix/store/adckl74f5ib5hin00cpynj5hzwcq9y8q-cargo-package-zerovec-derive-0.11.3.drv'
deleting '/nix/store/pnhrqxyiwjni3w30mvmmb84bnbmfv3px-patchelf-0.19.1.tar.gz.drv'
deleting '/nix/store/h7jqlmns3qz7jbx55fhqwzfcr8hnbxwg-cargo-src-serde_spanned-0.6.9.drv'
deleting '/nix/store/36bsrrhh615qgnrpjkbhzz5xym65y7nd-CVE-2023-1972.patch'
deleting '/nix/store/n4hiz1sv94nizy7f1lkvxz9cnm6rydx7-cargo-package-tower-http-0.6.8.drv'
deleting '/nix/store/7dlavb8sq6drnc2awg3v29m01z6hld7l-cargo-package-tower-http-0.6.8'
deleting '/nix/store/n4ql6hr8djhxcxabwk98fcwcns67ynll-cargo-package-env_logger-0.11.11.drv'
deleting '/nix/store/k3s8h83zi684d51v4kf8aazyr3za6rc9-cargo-src-env_logger-0.11.11.drv'
deleting '/nix/store/rv61k0qplcql31xm1qr8nm3198fbsbhl-cargo-package-wasm-bindgen-shared-0.2.117.drv'
deleting '/nix/store/bpg38n6y6q557nnkwzy50yfidda4zsfc-cargo-package-wasm-bindgen-shared-0.2.117'
deleting '/nix/store/jxhwnvkpxrbl5rrf01zf3cf2p7v215pb-findutils-4.9.0.tar.xz.drv'
deleting '/nix/store/lrmdw3v189zq1q4j1y50yjm5fp0j4yaw-cargo-package-sharded-slab-0.1.7'
deleting '/nix/store/8q3hfps87vzsn7i5jf0qkb3xmnvqyzi4-cargo-package-sharded-slab-0.1.7.drv'
deleting '/nix/store/4vx4mybclbi1c3nw2h975anj75byfszi-cargo-src-sharded-slab-0.1.7.drv'
deleting '/nix/store/qrdspgc29m93cqd2cz4xjg5xr625nmn5-Cargo.toml.drv'
deleting '/nix/store/q5ckdndj6zj5rjvm2pbil094b1ikb7ql-cargo-package-vhost-user-backend-0.8.0.drv'
deleting '/nix/store/mvyhy2if0b0wsw7lhznymx9w3zf57bfw-cargo-src-vhost-user-backend-0.8.0.drv'
deleting '/nix/store/fyzcpn06g4fy51g8d154z4bpc5mf9glr-cargo-package-vhost-user-backend-0.8.0'
deleting '/nix/store/ymqwv4hn50rhb633mhilfv9x76vfs45y-cargo-package-crc32fast-1.5.0'
deleting '/nix/store/hnn48xm5nqhc68fdb423g9l7d7kyksn1-cargo-package-crc32fast-1.5.0.drv'
deleting '/nix/store/8nyngkzlqv50hf11wqpyna49xhgl76b2-cargo-package-signal-hook-registry-1.4.8'
deleting '/nix/store/4fpggyhs94p1y0pg7vq2r842cgx3wijh-cargo-package-signal-hook-registry-1.4.8.drv'
deleting '/nix/store/q55ggr7q34v4iy2930ba38lwmjpslzy5-cargo-package-portable-atomic-1.13.1.drv'
deleting '/nix/store/p7mz5d5sfsgr05lca5nps4hd2a6qgxxb-cargo-package-portable-atomic-1.13.1'
deleting '/nix/store/vjhqmzdqw9yk8va8xdh5iv9kcq8inwkd-icu_collections-2.1.1.drv'
deleting '/nix/store/6paf2d83krir5asvxjpz6q914sjhi0jc-crate-icu_collections-2.1.1.tar.gz.drv'
deleting '/nix/store/zaar797p9kqv7jg1bh1nb4sr7zfhcyx0-cargo-package-windows_x86_64_msvc-0.52.6'
deleting '/nix/store/d5fn2bx7x5r5ja68lysqnfhylpp7yq2l-cargo-package-windows_x86_64_msvc-0.52.6.drv'
deleting '/nix/store/sbavijssj14gan14b6sxg9baxzij7zwi-cargo-package-typed-builder-macro-0.22.0'
deleting '/nix/store/ic89jlwhwjsvj9xy48cxrk00d6f9d827-cargo-package-typed-builder-macro-0.22.0.drv'
deleting '/nix/store/3piv0w40ijk6phcvn6sz6l3cj97bhgsh-cargo-src-malachite-base-0.9.2.drv'
deleting '/nix/store/8qqnxsikizx61ygqgdr0y0lpmh9dyjjw-cargo-git-https-seed.radicle.garden-zqhtZvsteJhxCJE96dMAZSZ9y1PX.git-b0fd0103bc9eed2c1b6d852045959462d105d8f1.drv'
deleting '/nix/store/095907pfy059cp39p3fyl4hgydak3jxv-cargo-git-https-seed.radicle.garden-zqhtZvsteJhxCJE96dMAZSZ9y1PX.git-b0fd0103bc9eed2c1b6d852045959462d105d8f1'
deleting '/nix/store/pnqn0j77x45hbz5sjfpvdyzf0iy95w9f-cargo-src-windows-interface-0.59.3.drv'
deleting '/nix/store/6b3pmcym5rjhz1gm4pnsmfrcypk0f3k2-crate-target-lexicon-0.13.3.tar.gz.drv'
deleting '/nix/store/wypf98cwy0jp94bh328i6r3cy2hc72lm-public-agent-boundary-check.lock'
deleting '/nix/store/1slqdj9lnkwxz5cdsiz67nkz0px22qvs-cargo-src-tracing-tracy-0.11.4.drv'
deleting '/nix/store/p8ccjwvifxgr11kzwh5pj1plwbbm5dv2-cargo-package-tracing-subscriber-0.3.23.drv'
deleting '/nix/store/4jl9ac509smdzjr1lqyn2r0r9s0n7gwj-cargo-package-tracing-subscriber-0.3.23'
deleting '/nix/store/k8axxfl5fbgcmgpg1hf9mxk96pvsv5w5-OneTuple-0.4.2.tar.gz.drv'
deleting '/nix/store/virh87fdlk63w7jvng2846ny7s3xq9yc-cargo-src-lru-0.16.4.drv'
deleting '/nix/store/rdnqhj0f5rrzs03hxl8c0wiwkhmi8fy3-cargo-package-logos-codegen-0.16.1.drv'
deleting '/nix/store/39pwp4di903r1cl0y4dw7kxka414la0w-cargo-package-logos-codegen-0.16.1'
deleting '/nix/store/6pkznl7hblqq96g828j12ld0cv1ycnsf-crate-windows-sys-0.60.2.tar.gz.drv'
deleting '/nix/store/ms20d0r456rfkw2bl9yxqwqznn8d8yca-zerocopy-0.8.31.drv'
deleting '/nix/store/258shqphpg3ngxgdcrb6abd1c14gwzaz-cleaned-mkDummySrc'
deleting '/nix/store/ykxxhkqwpwsdzngnbk4h7321vzrsqq8m-cargo-package-regalloc2-0.11.2.drv'
deleting '/nix/store/g7lp5fg585qyyccpjirc3c8i3nba3m15-cargo-package-regalloc2-0.11.2'
deleting '/nix/store/vmxjdyqphp245l12r4jjx6cbmh08lgyy-cargo-package-signal-hook-0.3.18.drv'
deleting '/nix/store/bsz536s8vhp92lzijm7m37md1fgw3cf9-cargo-package-signal-hook-0.3.18'
deleting '/nix/store/7pyzqf02q6vfggc30p6fjzjas23h934f-fla-rwkv7-17dd5662554d46b6bcb1d1ff728cebb461c9aef9.py.drv'
deleting '/nix/store/43sisa31yx6qjcx3fi9bx46p98pyi0q0-fla-rwkv7-17dd5662554d46b6bcb1d1ff728cebb461c9aef9.py'
deleting '/nix/store/n7c8zhvhkhrm4yzvz170bh5qp5y8qvj2-cargo-src-cobs-0.3.0.drv'
deleting '/nix/store/k79i7m8cpb04pppv5v5h2wblpjhkphmw-cargo-package-serde_path_to_error-0.1.20.drv'
deleting '/nix/store/i537yrh3zqzz3zm8y4cnnh80mq82pdnb-cargo-src-serde_path_to_error-0.1.20.drv'
deleting '/nix/store/9dpss9f2f7k31wnydz65lw0rm6l5cfa5-cargo-package-serde_path_to_error-0.1.20'
deleting '/nix/store/9kmwsjsgcrmh2w253s2p7n742nd9lygm-qwen36_service'
deleting '/nix/store/z8j3r2nc3r2m2wixmk54x09z4in590yp-cargo-package-vm-superio-0.8.1.drv'
deleting '/nix/store/kn42aynqlx3hil6hp5iqb49vndigxx3s-cargo-src-vm-superio-0.8.1.drv'
deleting '/nix/store/0vb9p8j4kncmg27byn72a8q904q6b96h-cargo-package-vm-superio-0.8.1'
deleting '/nix/store/7sz3n7b3j1cqpn76fl3bl5n3g9npvz35-cargo-package-heapless-0.8.0.drv'
deleting '/nix/store/61h1wcyfsv32pcxmhi5cpd6vq07p7ss2-cargo-src-heapless-0.8.0.drv'
deleting '/nix/store/3jw1pw0fl00q6vp0gdmj7bkaqkcj3nvi-cargo-package-heapless-0.8.0'
deleting '/nix/store/35vcglz9a0h1khsgmw0vnnxqygh2gkvl-cargo-package-defmt-macros-1.1.1.lock'
deleting '/nix/store/s3cyqjswagpvx1fm1f8h6bp7w55z3jig-crate-anstream-0.6.21.tar.gz.drv'
deleting '/nix/store/24ql2kzlnbh0dlaglsmyqkwar3i8fa1b-cargo-src-rand-0.8.8.lock'
deleting '/nix/store/l990hb2vkyligf0hrgx66bzczcc90z4p-libassuan-3.0.2.drv'
deleting '/nix/store/jrca3py2k0fg36w9bjwrz6drng9zm2nf-pnpm-11.9.0.drv'
deleting '/nix/store/gfrj5gwr59daw5qi72phra770mi0xvh1-pnpm-11.9.0'
deleting '/nix/store/58yc8yc4x1gj59zfmy1vydnl34lm6sra-pnpm-11.9.0.tgz.drv'
deleting '/nix/store/zgyyk49s0gxpjba2mzffkwcxj81vffxs-cargo-src-arbitrary-1.4.2.drv'
deleting '/nix/store/h9c04yw9zjldhnrgwy1c9fzdsdkmc9zf-cargo-package-hashbrown-0.12.3.drv'
deleting '/nix/store/9pys91srcbqs3qc92ycaf7bpjaihklvh-cargo-package-hashbrown-0.12.3'
deleting '/nix/store/wr7cyv42nhx013ii6mpk4p0hmk6iggl1-luafilesystem-1.9.0-1.rockspec.drv'
deleting '/nix/store/a1xhi2pzp7gc8plsckpv5b4i7463q1wq-Cargo.lock'
deleting '/nix/store/qiqasdnsjq1jpn045xc1sqz8zv5bcrix-cargo-package-nickel-lang-vector-0.2.0.drv'
deleting '/nix/store/jrn2byz847c2kk6pxgzr2dsm446s7qqb-cargo-package-nickel-lang-vector-0.2.0'
deleting '/nix/store/f7qmdb188lb2yq76g1m9q1p6rrvg2r1d-cargo-package-regex-automata-0.4.18.lock'
deleting '/nix/store/1y9q2xmsmrvd8j8y8xjh8qz3bbp6ml60-cargo-package-precomputed-hash-0.1.1.drv'
deleting '/nix/store/1xr0l1q78v3xq5738q71phca1i0ygqg7-cargo-package-precomputed-hash-0.1.1'
deleting '/nix/store/xvykk2z54x0n7cf8p04jn2gd5y5dcnxy-cargo-package-signal-hook-mio-0.2.5.drv'
deleting '/nix/store/rab1xcwak2k1zc66bsv54p4nz4zmh9d4-cargo-package-signal-hook-mio-0.2.5'
deleting '/nix/store/drb3l4gaw20nbgx60iq8m57xbrv6d9ry-cargo-package-winapi-x86_64-pc-windows-gnu-0.4.0'
deleting '/nix/store/8m2n3hghx55c4lkpnfvcrizik8vajw9f-cargo-package-winapi-x86_64-pc-windows-gnu-0.4.0.drv'
deleting '/nix/store/606dg1s0z909wn14kv92s551z1jiklm3-source.drv'
deleting '/nix/store/40izhaw25cq3fajgf3i4y277gs6aw3ki-cargo-src-crc-3.4.0.drv'
deleting '/nix/store/rsqc9bhxws36lr1hrwav7q5mrw4j9608-wasmtime-41.0.3-vendor.drv'
deleting '/nix/store/clgsvgwa9bg5pz3dp0wryidns7ynvxc5-cargo-package-prost-0.13.5'
deleting '/nix/store/01ffdr6y14va7rgs9m06yjpkbxap3qjv-cargo-package-prost-0.13.5.drv'
deleting '/nix/store/vkdsl90zfdxxx57ypa6cd0xgv47sdgkp-cargo-src-prost-0.13.5.drv'
deleting '/nix/store/nhh1l67lahvwlca4y9a7cd3hpazg3c8w-cargo-package-http-body-util-0.1.3'
deleting '/nix/store/jbf2kdda5x77wainnyyckj7pfdi6in25-cargo-package-http-body-util-0.1.3.drv'
deleting '/nix/store/2dc6jnvw8nw5462qkfjijyz0wk71bris-cargo-src-http-body-util-0.1.3.drv'
deleting '/nix/store/9w1v1ja60yf1ayp11pgq7r5qfwr65s7b-crate-regex-automata-0.4.13.tar.gz.drv'
deleting '/nix/store/57kclla9vza2n87xgwg1ap54d20cz6lb-fix-finding-headers-when-cross-compiling.patch'
deleting '/nix/store/1p5vm11rzjvs8s3lqnhdrq9vf4kzk47z-potential_utf-0.1.4.drv'
deleting '/nix/store/wp087q9n54sx1s8mh973w64kidk4sg78-cargo-package-indexmap-1.9.3'
deleting '/nix/store/k5rbsdkxzvzclaxlxwxxa61cykh6w4i4-cargo-package-indexmap-1.9.3.drv'
deleting '/nix/store/blicnyq5rws9cx7myq2y9zdy9h70q1iy-wl-pprint-annotated-0.1.0.1.drv'
deleting '/nix/store/2js5wydf10d9l95yq9ffbivcgcjvfdmw-clippy-nightly-x86_64-unknown-linux-gnu.tar.xz.drv'
deleting '/nix/store/5y1mfc6qfd31nax9bgyp00ap0dlcgmn9-crate-windows-targets-0.53.5.tar.gz.drv'
deleting '/nix/store/90dwz24mw5532a1aj44d8x7biyixz8zc-cargo-src-anyhow-1.0.101.drv'
deleting '/nix/store/xvxw61s3pmzcqgg85pjn4zqyb9qxfwk7-cargo-package-rayon-core-1.13.0'
deleting '/nix/store/d105jbp4kdlh4q7p4bnpc5gsb22i33ch-cargo-package-rayon-core-1.13.0.drv'
deleting '/nix/store/jq42hglh8fqkaa58lp1nkzs0q3j8db1z-file-embed-0.0.16.0.drv'
deleting '/nix/store/fl2cda97xvp2i2wcjsan0z9yj73nab5y-file-embed-0.0.16.0.tar.gz.drv'
deleting '/nix/store/dby6j91plnzgiflc4iiszv0wizgycyc8-cargo-src-serde_spanned-1.1.1.drv'
deleting '/nix/store/v8csjmmnh2vhibirz19jw81hia77bpqc-Cargo.toml.drv'
deleting '/nix/store/yv26afp3k7v7n4ardhgbnzbadvwrzmw4-cargo-src-enumset_derive-0.14.0.drv'
deleting '/nix/store/ffx0nvpjb2fjhplla3g86yr1r9x1yz5j-jiff-0.2.28.drv'
deleting '/nix/store/4ib335nmhg7plg92bbgkzkqvaqvxhpsi-crate-windows-sys-0.48.0.tar.gz.drv'
deleting '/nix/store/slkbnwp0q8prslwz18w1byc0g4625cl5-coxpcall-1.17.0-1.rockspec.drv'
deleting '/nix/store/wzlxknfklk8akhh4zs4z57c6sdgmk7cj-cargo-src-windows_aarch64_gnullvm-0.42.2.drv'
deleting '/nix/store/rj5z7nhcxj152k388fdfk5mzdmds96k8-these-1.2.1-r2.cabal.drv'
deleting '/nix/store/bf1jy9czpfhd4gwy8x06a0npp25ys4cy-cargo-src-relative-path-1.9.3.drv'
deleting '/nix/store/ajf21xlwzjwsmxcacgy27j5w41lflg0p-safe-exceptions-0.1.7.4.tar.gz.drv'
deleting '/nix/store/hnbyki2wmg2qrdmy381crm7r1a5gy0gc-cargo-src-arc-swap-1.9.1.drv'
deleting '/nix/store/rppcgrkg89pxwbxzmrywwn3g069iw5lg-cargo-src-icu_properties-2.2.0.drv'
deleting '/nix/store/zaw3qc1bjy920qxj6zhhxrsz2icxyk6k-cargo-package-yoke-0.8.1.drv'
deleting '/nix/store/k92ymlrg29la2chqwbqddmz7rlxcwr1g-cargo-package-yoke-0.8.1'
deleting '/nix/store/l4jind38zaih0djf7ldvszv2cc8kjsnk-autoconf-2.69.tar.xz.drv'
deleting '/nix/store/m8qkir4808s7rn2f1sp6m4mk8hclr5jp-chaoscontrol-protocol-observation-deps-0.1.0.lock'
deleting '/nix/store/jh9srmnrnakcrrw9j6xp25rb2q71ril6-character-ps-0.1.tar.gz.drv'
deleting '/nix/store/9lincvcq4lii1n49yc5qi45zp0zzhd00-file-embed-0.0.16.0.drv'
deleting '/nix/store/jiyhf0gp0rkixyvdn0xf08yl62mz4si6-file-embed-0.0.16.0.tar.gz.drv'
deleting '/nix/store/13ah1rqlhk5iy53x5y273cxnbx9ffagc-cargo-vendor-dir.drv'
deleting '/nix/store/ii9wpq23gj8zr6658j9h4didf9n7ba5i-Cargo.lock'
deleting '/nix/store/52jbdxldidwwx2qv61kg79yhghh6l2bw-cargo-src-gix-transport-0.55.1.drv'
deleting '/nix/store/x407d5mra7lpn8lhvxdk4fjivrdq8jb6-cargo-package-gix-merge-0.14.0'
deleting '/nix/store/5hgnjsl9l1fx3x2s7k72hnzxsghhqms7-cargo-package-gix-merge-0.14.0.drv'
deleting '/nix/store/zn4sjsq33fn8bjz81683dyx4ba488188-cargo-src-gix-merge-0.14.0.drv'
deleting '/nix/store/vbqw6nq5zph5aj82nfll9kqx5hnz77r4-cargo-package-libc-0.2.186'
deleting '/nix/store/ayqk2x0ks72yxcczpds0sg6vgdvxy946-cargo-package-libc-0.2.186.drv'
deleting '/nix/store/w380ckiw9j5b55xf7742msx133ml8irq-cargo-src-libc-0.2.186.drv'
deleting '/nix/store/6jr3ra4m59j0xss2rhjbp16vhdq66i9v-cargo-package-fixedbitset-0.5.7.drv'
deleting '/nix/store/3ff4g2k0dv69ldf31zp1jdb0sw8gw8qj-cargo-package-fixedbitset-0.5.7'
deleting '/nix/store/8a4zjqb3v3gmqzmccd8a0yz6666dpaax-cargo-src-core-foundation-0.9.4.drv'
deleting '/nix/store/krapjcs9rn3cdmgzlf9f518i9v9m07j5-cargo-package-icu_provider-2.1.1'
deleting '/nix/store/gsypdf1jl3vri5b4s47bhqdf4w886kyg-cargo-package-icu_provider-2.1.1.drv'
deleting '/nix/store/wfxxgh98dlnaands7wv8l02r5qpcbh98-cargo-src-num_enum-0.7.6.drv'
deleting '/nix/store/na1m09lzb853ik1klp9119vw0jr3nwz7-cargo-package-gix-traverse-0.55.0'
deleting '/nix/store/k7rqdj00ja3as4s613ddzzp02bzpffsi-cargo-package-gix-traverse-0.55.0.drv'
deleting '/nix/store/vpay5s2lh238xabak7kkpxmnff3xbfcc-crate-sluice-0.5.5.tar.gz.drv'
deleting '/nix/store/n7llvnpr5vfhx5ip7y190k79qczapghk-crate-serde_json-1.0.145.tar.gz.drv'
deleting '/nix/store/f63nfx5y8mh1rz5mbz4fsshd6jpinswj-linux-headers-6.18.7.drv'
deleting '/nix/store/6wyifl152bvm910i7v5pkycfdbng2cav-linux-headers-6.18.7'
deleting '/nix/store/yy5qx44lsc56yc97kzn4fzl72jnqx13l-chaoscontrol-test-0.1.0.drv'
deleting '/nix/store/sjwm6dmzi317d0j2yzlzc4zqbfll6x7d-chaoscontrol-0.1.0.drv'
deleting '/nix/store/2x2div0py6zv5mfcfa9pk5irk8pgcrgh-chaoscontrol-doc-0.1.0.drv'
deleting '/nix/store/25vlsq3sc1k7112igy7ichmjcj7dwgb1-chaoscontrol-deps-0.1.0.drv'
deleting '/nix/store/p6cwbv7d736khamm2n52prmacybk5g0l-crate-windows_i686_gnu-0.48.5.tar.gz.drv'
deleting '/nix/store/bw78ab8k584fr6hakvigc9rw0yckjxhi-cargo-src-assert_cmd-2.2.0.drv'
deleting '/nix/store/j867m5lpdipr858ya8i6kjxpnndf2bpm-lifted-async-0.10.2.7.tar.gz.drv'
deleting '/nix/store/4x5404x5akpagl450vqi8laxyxfhiljf-cargo-package-cc-1.4.4.drv'
deleting '/nix/store/pk6m1vs0gmfngf35s8i0dl7dvbr2bpwb-cargo-package-redb-3.1.1'
deleting '/nix/store/gs4x2jgrxrfjvxrp5zrfz91dc647fkgr-cargo-package-redb-3.1.1.drv'
deleting '/nix/store/gf6yqmgcll71yzp92xr82h8hszs7f0wa-cargo-package-predicates-3.1.4'
deleting '/nix/store/0sxy7f7qg08ls2qzky6xj4m9c6ngd41k-cargo-package-predicates-3.1.4.drv'
deleting '/nix/store/pqasi75lzj36g8vc3jvgfnmdq831bg1w-cargo-src-predicates-3.1.4.drv'
deleting '/nix/store/mh6l7yw94qlfszc3bi6dg0ikranqa7mz-schannel-0.1.28.drv'
deleting '/nix/store/z5ns6rsm8wpdph10gqr0ij2braw04a6f-crate-schannel-0.1.28.tar.gz.drv'
deleting '/nix/store/sh9msvg9v86g6yj3rb2gc07pwqyyagqa-Cargo.toml.drv'
deleting '/nix/store/shxk1w9n1s531wjjsnjyikg5vnd07sy9-cargo-package-dbs-snapshot-1.5.2.drv'
deleting '/nix/store/3ylfsxbbk3kj0yrnhwbyxpk4cg4n5a14-cargo-package-dbs-snapshot-1.5.2'
deleting '/nix/store/sazj4ayrbci8kq46kgi77d78snpfz5bk-cargo-package-unicode-bom-2.0.3'
deleting '/nix/store/bgvgw76bzs6axl7f1x5iw5n09h9l38z2-cargo-package-unicode-bom-2.0.3.drv'
deleting '/nix/store/1l9j6yyvlgba22dhmv06hb6ngc3k49n8-dkjson-2.8.tar.gz.drv'
deleting '/nix/store/nyr82m3s5kyan3an47ypslyg4z1r8mwx-proc-macro2-1.0.101'
deleting '/nix/store/w2rv6ak1qi6ad6zr4v8j4jg96q97aqbp-cargo-src-gix-odb-0.78.0.drv'
deleting '/nix/store/732502pk8z18j39mxcmp8r71rkraj2wa-cargo-src-pin-utils-0.1.0.drv'
deleting '/nix/store/gmqfifd4dd5rwsg5803l9b0njqdl7amm-config.guess-d4e37b5.drv'
deleting '/nix/store/gkjqyl7wrizr3n35g45z1gxcyab8dwkw-crate-zerocopy-0.8.31.tar.gz.drv'
deleting '/nix/store/q8d44mb413f546gdpfcv8wwsf0glvnfc-cargo-src-tokio-1.52.0.drv'
deleting '/nix/store/7npj9fh1mvgs3ymzhj1qz8svvr9b3c5b-form_urlencoded-1.2.2.drv'
deleting '/nix/store/yms25dr4lv93vq5201ki4ahp3cgi7kaf-crate-form_urlencoded-1.2.2.tar.gz.drv'
deleting '/nix/store/kw4ij8izlp26dxyvcsyvnpvlfnpjy6hz-crate-libc-0.2.178.tar.gz.drv'
deleting '/nix/store/wbc1h3k1s9l1292srgl903inin9f5n75-cargo-src-zstd-sys-2.0.16+zstd.1.5.7.drv'
deleting '/nix/store/g38rcyhrl67c6ss9jx97dwqvqjp5snb1-training-platform-check.lock'
deleting '/nix/store/r74lq13bzpyyxrd713ngifn5hr1y169q-regex-1.12.4.drv'
deleting '/nix/store/g7sl9z2vnpyrd3y0za63b9v3zgjiw63d-cargo-package-crossbeam-utils-0.8.21'
deleting '/nix/store/dk0d50v4g4fbdcnbpj1qbiv321yv4px7-cargo-package-crossbeam-utils-0.8.21.drv'
deleting '/nix/store/lbga8qz8326s2fvaqw9lwbfysvyfm5f9-cargo-package-linkme-0.3.35'
deleting '/nix/store/fhjw2cxcd8lgqwyvhrpjcpcmyyfrhl2m-cargo-package-linkme-0.3.35.drv'
deleting '/nix/store/z5m93iwvx3g3g3sfvxkxazkb3xxy0qq7-cargo-package-polling-3.11.0.drv'
deleting '/nix/store/rb1vj9v01zl9i4b1lpsdqb9dpqdkb657-cargo-package-polling-3.11.0'
deleting '/nix/store/91fvvzxrmv0qf20ydqq6if1bcqwv2i58-jailbreak-cabal-1.4.1.drv'
deleting '/nix/store/dsbymphf1w31r0b3rnfgm9py65n46qj0-cargo-src-futures-lite-2.6.1.drv'
deleting '/nix/store/65hb9lxxwarqjyzng6karvzg6cpxbiyn-Cargo.toml.drv'
deleting '/nix/store/431crcjyjs4w8p1ifvqnpp9sqsv62wrd-CVE-2026-15534-2.patch'
deleting '/nix/store/iw3hvg7yyiqig6fd503515fq8172hg2y-gawk-5.2.2.tar.xz.drv'
deleting '/nix/store/ws277wlw0a9iryxiw4wyczphin0f64mz-nothunks-0.3.1.tar.gz.drv'
deleting '/nix/store/qi31y6k4jrdnq3azrl15lv7iiymwgf36-cargo-src-cap-std-4.0.2.drv'
deleting '/nix/store/6pw24bsaimwas27i98hwzqwsw2krw9k5-make-wrapper.sh'
deleting '/nix/store/7b4hhis3f5728mv7jhp3hv6x6k0dz8f0-cargo-package-kstring-2.0.2'
deleting '/nix/store/2rgarxygalfid8fis9pwqazfv3fgr7mi-cargo-package-kstring-2.0.2.drv'
deleting '/nix/store/cif2w611p51519f1ln1i0ki7vdjkvgv1-cargo-src-kstring-2.0.2.drv'
deleting '/nix/store/dc4ddibzs7jcp9ciwpbcvqnvaznvh861-mmorph-1.2.1-r1.cabal.drv'
deleting '/nix/store/4j57jqajscyrcy2asq7imzw40yrapmaz-rust-std-nightly-x86_64-apple-darwin.tar.xz.drv'
deleting '/nix/store/dk3ly72kiv27srcj1mjr5n4112vx2hfk-setup-hook.sh'
deleting '/nix/store/53ny1difc4glymhwz3sl1f8lms8lf25f-crate-backoff-0.4.0.tar.gz.drv'
deleting '/nix/store/8d5rn8q00nc4nbcg75kird48jkfzlv1p-cargo-src-jni-sys-0.3.1.drv'
deleting '/nix/store/y92bk4v8y6087d8yymxbql72n76w24b0-source.drv'
deleting '/nix/store/j7615a1v4m92vc8fr7d5gdjrr26pdh55-cargo-package-async-compression-0.4.19.drv'
deleting '/nix/store/kv1sj9qkk6gk09gd7q960r37nhjhkbid-cargo-src-async-compression-0.4.19.drv'
deleting '/nix/store/immhn7vk382dwa29mkqk1b2l45jdk5ar-cargo-package-async-compression-0.4.19'
deleting '/nix/store/q225wxvqcxx8r66kpazcdvv3q6hdxc33-tree-sitter-0.26.8'
deleting '/nix/store/pm62qllmwfkn9ybc03x9ap7n8bbid60h-cargo-package-rustls-webpki-0.103.13.drv'
deleting '/nix/store/dm2ck3bsr8qds4y4cv43gpmdd2qc5iwc-cargo-package-rustls-webpki-0.103.13'
deleting '/nix/store/wzh6z0lzgg26l44r5xy2cg121p104f1h-cargo-src-rand-0.10.1.drv'
deleting '/nix/store/va4jidvf7kbkb7lacngwhfh1fn7hd80r-windows_aarch64_gnullvm-0.52.6.drv'
deleting '/nix/store/161jc59jmgn41qf963n07y9aib8s6c6i-unicode-ident-1.0.22.drv'
deleting '/nix/store/hlb7ba8aln08hg4s6p4kbarmy3xd1p50-cargo-package-cargo_metadata-0.19.2.drv'
deleting '/nix/store/1w6kklcdhrr693dlbgcmw28h6nig9zkb-cargo-package-cargo_metadata-0.19.2'
deleting '/nix/store/fy3a747gm8ffyzyskfqy83812jgcwiyg-cargo-package-async-stream-impl-0.3.6'
deleting '/nix/store/6bfkd8py0pilyydlba9bj4c70n9vmbld-cargo-package-async-stream-impl-0.3.6.drv'
deleting '/nix/store/mli2yn10iif7qh676v7j0ljiz0gnn7iz-chaoscontrol-protocol-observation-deps-0.1.0.drv'
deleting '/nix/store/189r3g0gm0jaqgdmvh0fg5sbidzj8zph-libmpack-lua-1.0.13.tar.gz.drv'
deleting '/nix/store/kksyibw2q75aspww7gis6mk8s13zyfb2-rustup'
deleting '/nix/store/5369spi78ikxv4bnf6pg0y4gzz8sjc7n-rustup.drv'
deleting '/nix/store/rkg49v8mh0xj7zhpyzbl1df64pdkaf4s-cargo-package-windows_aarch64_msvc-0.48.5.drv'
deleting '/nix/store/l33vdb4akhajk8c8557bg0jhqqkjw9dd-cargo-package-windows_aarch64_msvc-0.48.5'
deleting '/nix/store/srv6z9af55g918957agn2pcj5csmrdf6-tree-sitter-markdown-neovim-0.12.3.drv'
deleting '/nix/store/bb5617iryql11iz50z01rhyyja9l94mq-tree-sitter-markdown_inline-neovim-0.12.3.drv'
deleting '/nix/store/di5p762d2ys0sa1m9mhia4fj7z1j1iqi-v0.5.3.tar.gz.drv'
deleting '/nix/store/qhrfcm159p4gmnszfwwrsbcl7lqjz5v2-safe-exceptions-0.1.7.4-r1.cabal.drv'
deleting '/nix/store/pfxx1jkhdslafv65x0z8inxr38qg5j8r-cargo-package-url-2.5.8'
deleting '/nix/store/g9afbb16sqvf5wqx0y53x6sg0c0c49xf-cargo-package-url-2.5.8.drv'
deleting '/nix/store/vnmzhvbxsl7kp1c4sm1296542na8dljn-rust-std-1.96.0-nightly-2026-04-08-aarch64-apple-darwin.drv'
deleting '/nix/store/83av41qa0d9dmvvmww70n9swfhzkzd3j-rust-std-1.96.0-nightly-2026-04-08-aarch64-apple-darwin'
deleting '/nix/store/j116q8kj6dmfsks3p2665zbawbqpyy1n-cargo-package-lalrpop-util-0.22.2.drv'
deleting '/nix/store/90rhji0ip8w1d59k77w85dnyfnfy9m0w-cargo-package-lalrpop-util-0.22.2'
deleting '/nix/store/ybdlsp4sms675l32dpjqh1v05v31n95i-crate-wasm-encoder-0.220.1.tar.gz.lock'
deleting '/nix/store/6hgmfjf36l0cm91fgdkysxrdkf02wf90-crate-windows_aarch64_gnullvm-0.48.5.tar.gz.drv'
deleting '/nix/store/lnn214yvrrmgngvamvrd5zwxfzg3sjjd-cargo-package-fiat-crypto-0.2.9.drv'
deleting '/nix/store/7zw2jgs1kqsddra3v47vpdhh6za9b2rw-cargo-package-fiat-crypto-0.2.9'
deleting '/nix/store/505av586c47w27jcz1dbdgpfisfpxmpq-cargo-package-windows_i686_gnu-0.52.6'
deleting '/nix/store/503lk0nvmd8wmz2lfipyhisgibkg5cq7-cargo-package-windows_i686_gnu-0.52.6.drv'
deleting '/nix/store/ixq8xwwm3inr115rqn56g3jc3z4hw0xx-cargo-package-is-terminal-0.4.17.drv'
deleting '/nix/store/dq0vvrnyrg69csy59g8af4g5mv2kix1k-cargo-package-is-terminal-0.4.17'
deleting '/nix/store/7414j64ki8xdyrkb306qph1wm6pqcadi-cargo-src-is-terminal-0.4.17.drv'
deleting '/nix/store/qnrlh2q47fxgi81lcnkllbag267v70n5-cargo-package-tonic-0.13.1.drv'
deleting '/nix/store/n6k9l25w25pkkc6wn5rm5r16dy4zw7q3-cargo-package-tonic-0.13.1'
deleting '/nix/store/adfqhdh6z5p02mr7j48dkqdh609wnhj3-cargo-src-tonic-0.13.1.drv'
deleting '/nix/store/ry7h6qly5nvd6balqh5903gc2g4rg06d-rust-analyzer-1.96.1-x86_64-unknown-linux-gnu.tar.gz.drv'
deleting '/nix/store/7qz0b654zdfw3svk6c82izhdzdc6q0bh-rust-analyzer-1.96.1-x86_64-unknown-linux-gnu.tar.gz'
deleting '/nix/store/9gfaqkrqjibv6gmbi8dys1ys3dks356a-jailbreak-cabal-1.4.1.tar.gz.drv'
deleting '/nix/store/8qxdlzzzla341lbg8qdr4pl24hh6pb6q-spacewasm-reference'
deleting '/nix/store/22wnbacaff018hdd0dni5dnbw7gwl7ci-cargo-src-zerocopy-0.7.35.drv'
deleting '/nix/store/vlccn7yy94z6r1243m4rh58d4yljz2hy-openssh-10.3p1.tar.gz.drv'
deleting '/nix/store/g0rnidylia62h037vdgd88pfl3c1q7w9-chaoscontrol-oci-intake-0.1.0.drv'
deleting '/nix/store/apk53m5s4c50fpccx1izl4l3xrqq6gav-source'
deleting '/nix/store/7nv02hxf9crl65h9ba747yaxxa2a1hhj-chaoscontrol-guest-determinism-gate-0.1.0.drv'
deleting '/nix/store/mmjqhi3qsl9k0d5aff5ydb41bi7xym6n-chaoscontrol-guest-determinism-gate-deps-deps-0.1.0.drv'
deleting '/nix/store/2grm4p33vj188vgywkd8rvyranmjbcip-chaoscontrol-oci-intake-deps-deps-0.1.0.drv'
deleting '/nix/store/kmhya8pkah8cd732bnf9c58brvn5a45a-source.drv'
deleting '/nix/store/0pnq9izkvwj9zyvrvv03w5bkfhyf5a2d-stylua-2.5.2-vendor.drv'
deleting '/nix/store/qvaak3gjg6gif9aai79j07qghbpfig5b-cargo-package-unicode-segmentation-1.13.2.drv'
deleting '/nix/store/dkxqs4c2a8rylggcyklz82j5hxfb8y7i-cargo-package-unicode-segmentation-1.13.2'
deleting '/nix/store/cmfdjq4xrg8dghwr0h62x0gnb48hai3b-cargo-package-gix-date-0.15.1'
deleting '/nix/store/7dalkqkbd6sm0h5iqg9rim0km15ajjia-cargo-package-gix-date-0.15.1.drv'
deleting '/nix/store/mzm5dxpxzcmy1hxg5zrm0p89gcs8pdxx-cargo-package-opentelemetry-http-0.30.0'
deleting '/nix/store/fwb2y9n5vcxiwjv5hack8rw9l1bzckzk-cargo-package-opentelemetry-http-0.30.0.drv'
deleting '/nix/store/h0d4z0g1p73c38ad73mjpl9kjyvrsib0-cargo-src-opentelemetry-http-0.30.0.drv'
deleting '/nix/store/82q473p52qbc2frl3d665d8zx2mdwxw7-cargo-src-socket2-0.4.10.drv'
deleting '/nix/store/6p5iw54hriy0gg45pd1478wiv28nhp09-cargo-git-https-seed.radicle.garden-z2pbwQ4Zd52M4oC1W9bLT3nQem9ay.git-cad5a7cb6c6502b0ec5dc76c51e03352260d8efd.lock'
deleting '/nix/store/d2fc1r77ylg1bv5d5xbkk7xfddpy9g8w-cargo-src-vte-0.15.0.drv'
deleting '/nix/store/1byyzgb81frksw4zvzpsyp0w45vyrw8k-cargo-src-tempfile-3.25.0.drv'
deleting '/nix/store/x026yqw2ch0lhcyd548qra2i6gxi2whp-libunistring-1.1.tar.gz.drv'
deleting '/nix/store/zlv68pvs26v9z9633a404wvr9i6pm2bd-cargo-package-itoa-1.0.17'
deleting '/nix/store/svxkzs1b5kya1hz5hz5g3pzfs9sdhn98-cargo-package-itoa-1.0.17.drv'
deleting '/nix/store/6d0wq7i7v5cqv409nv5j0kkig5jdjilx-ldns-1.9.2.tar.gz.drv'
deleting '/nix/store/pa63a137ay45dx6qpmclp43h6zpiq9jg-lpeg-1.1.0-2.rockspec.drv'
deleting '/nix/store/sl1cskcbgznwsjfxfjhcr3b768hxwdv8-crate-polling-2.8.0.tar.gz.drv'
deleting '/nix/store/2bawbxgz4745lhi39y4rifyq6jv9cv2w-cargo-src-zstd-0.13.3.drv'
deleting '/nix/store/5vlcdj2hz6dia65f6l3vsa4pik3v9nmq-crate-pyo3-macros-0.26.0.tar.gz.drv'
deleting '/nix/store/q8zz566j7lnwalr192c0cnrbagg87h95-cargo-src-num_enum_derive-0.7.6.drv'
deleting '/nix/store/csd292n5zklr5vxkhw0c4v86mmh9w3sg-cargo-audit-0.22.0-vendor-staging.drv'
deleting '/nix/store/i34bibsfy6qnvp9dnrdq76a0dkw3w871-windows_aarch64_gnullvm-0.53.1.drv'
deleting '/nix/store/p94cwbbm7wpb9s1mawigrxlhnf371v4i-crate-windows_aarch64_gnullvm-0.53.1.tar.gz.drv'
deleting '/nix/store/zzhzwjg56s2k6kjckpjj3q8bi05k4cvn-rust-src-1.96.1.tar.gz.drv'
deleting '/nix/store/bgzgmjf0m3d29vrxvxy39shhia2yfd9x-cargo-src-jiff-0.2.20.drv'
deleting '/nix/store/hkgam9mkpasa6avp27wdi5gnf5vzjjkk-cargo-package-wasmparser-0.244.0'
deleting '/nix/store/f5yy438z2f16qkd41aa52hipxf8ijv1q-cargo-package-wasmparser-0.244.0.drv'
deleting '/nix/store/5mssh38v3a54nbf0z2w1v30yb2alqql9-rand_chacha-0.3.1.drv'
deleting '/nix/store/jbznsqw9q71skfvghmf63k77i759y4rv-memchr-2.7.6.drv'
deleting '/nix/store/csx8xv67kqcf3m3m0swk6dli4baaq57q-crate-memchr-2.7.6.tar.gz.drv'
deleting '/nix/store/rq6nidvxa24yhg2a7h271m540djy8a3v-bc-1.08.2.tar.lz.drv'
deleting '/nix/store/6p6gk14y6b5mjpjz6al6ysyg6q9av59h-zlib-1.3.tar.gz.drv'
deleting '/nix/store/vr8m384cwcd8g6f01ln1xs3497f4ig61-cargo-package-aho-corasick-1.1.5'
deleting '/nix/store/f39khaiqig9jxdhmby3zb2r2aijwmcyd-cargo-package-aho-corasick-1.1.5.drv'
deleting '/nix/store/8q3cjnd171r0l6yjpwl26d0axwpfa5p1-portable-atomic-1.11.1'
deleting '/nix/store/bxwj9v7mjlbmrlr0v5cmbps7akjm30wn-cargo-src-aws-lc-sys-0.39.1.drv'
deleting '/nix/store/ykpcm32vy9y6x4bzpkv8n4kchl4zqd60-cargo-package-rand_chacha-0.9.0'
deleting '/nix/store/glp34kk5nq0d2xhhmv7v9c19zczj6kmk-cargo-package-rand_chacha-0.9.0.drv'
deleting '/nix/store/b78ymcip87ylgivff28580cklkh8rkbr-erf-2.0.0.0.drv'
deleting '/nix/store/di45zw483a6c2ydghij294b76xjjqnid-erf-2.0.0.0.tar.gz.drv'
deleting '/nix/store/dbi20swj5gl3avaqqxrhkcddi3iv6syc-crate-env_logger-0.11.10.tar.gz.drv'
deleting '/nix/store/j94l009ja05wid5ylr5d5wsmb0n2dqvi-cargo-src-gix-refspec-0.39.0.drv'
deleting '/nix/store/dvrbsg59nwm792r75k28y3wn9aivly7i-cmdargs-0.10.22.tar.gz.drv'
deleting '/nix/store/ywd8cr9zkcnwycalc8rpqr0qnrab4wic-crate-windows_x86_64_msvc-0.53.1.tar.gz.drv'
deleting '/nix/store/i5wsla1hsj43qk499npn3kp5kb1bflm3-cargo-package-gix-glob-0.24.0.drv'
deleting '/nix/store/cm0kgqvfklqqhvqsrp7xlnpd1j53lhxp-cargo-package-gix-glob-0.24.0'
deleting '/nix/store/8lj1vj0kfr4ayr9mcvp035yxh98c8ms9-cargo-src-gix-glob-0.24.0.drv'
deleting '/nix/store/d84g0gxaqlpgbzbqr095ylp0q9gs96s0-crate-unicode-ident-1.0.22.tar.gz.drv'
deleting '/nix/store/qk295qk6whk6y42d1cys63syqb7d3vd1-cargo-src-httpdate-1.0.3.drv'
deleting '/nix/store/zng4pg8s27abbbyc7957y08q6a6vnknv-cargo-package-tokio-stream-0.1.18'
deleting '/nix/store/5vlfb2a923dz7qym14j76y74rgk85qxi-cargo-package-tokio-stream-0.1.18.drv'
deleting '/nix/store/6xpys2w3xhn1jm1mpsgmvpnzyad6blzw-cargo-src-openssl-probe-0.1.6.drv'
deleting '/nix/store/dmqbskd12c1p82y2c7h5rcnvb4jmspb5-cargo-package-bitmaps-3.2.1'
deleting '/nix/store/3gy34rlqkskhi65y55j3a9igaxhyh5b8-cargo-package-bitmaps-3.2.1.drv'
deleting '/nix/store/z95zk2k6fd21v8b2qwh01q1i1fcrpx08-cargo-package-curl-sys-0.4.85+curl-8.18.0.drv'
deleting '/nix/store/9gdhyv3px9g0ccdl22zw0jv6wribvn5z-cargo-package-curl-sys-0.4.85+curl-8.18.0'
deleting '/nix/store/21xd2nc05x1zyb6q071q0iddsi8075m9-libidn2-2.3.4.tar.gz.drv'
deleting '/nix/store/yx0v11kcqh3r2mz5rc7yw962699krby1-cargo-package-serde_tagged-0.3.0.drv'
deleting '/nix/store/3hpsj69pp504i7qdhabm2kvw4aibw8ff-cargo-package-serde_tagged-0.3.0'
deleting '/nix/store/4z4bi82a482rlwb2qm0idiyxd85q1942-cargo-package-toml_datetime-1.1.1+spec-1.1.0.drv'
deleting '/nix/store/2lghy1iby2mp7hhqixjp8k7mhi85pww4-cargo-package-toml_datetime-1.1.1+spec-1.1.0'
deleting '/nix/store/n5y74c63bvd0zq8i7z55341i35r16xqg-crate-zerocopy-derive-0.8.31.tar.gz.drv'
deleting '/nix/store/fs89iyz7r74x0823a7j14dm9916lgkc6-cargo-package-hashlink-0.10.0.drv'
deleting '/nix/store/12ymslir8wv9a4pi63gzcwypqbl1w1l4-cargo-package-hashlink-0.10.0'
deleting '/nix/store/galfy28r99bhvjm7f0g8yd8dn6071dfr-leb128-0.2.7.lock'
deleting '/nix/store/gl97mvi17g1g34vblvimyyp1az2qpxnn-thiserror-impl-1.0.69.drv'
deleting '/nix/store/f1wcpfaa265fk334d09wh9wxms5yzmdw-crate-thiserror-impl-1.0.69.tar.gz.drv'
deleting '/nix/store/syfv9smi06i7hw4hxmdd5j4mfzk6x58v-cargo-src-windows_x86_64_gnu-0.48.5.drv'
deleting '/nix/store/larm6g3md2vb9c14x4m1m6c9x4r58qyr-cargo-package-bytemuck-1.25.0'
deleting '/nix/store/avza2l20w485vanwz6c86q5m7filmn7m-cargo-package-bytemuck-1.25.0.drv'
deleting '/nix/store/dx1s8b9cr40lrrkk4669iqhs4g9c3i6z-perl-5.38.0.tar.gz.drv'
deleting '/nix/store/7iwf0xzn1kiljy0fpl9vmk9nm8ms97p8-Cargo.toml.drv'
deleting '/nix/store/nm4r4i2c03mxj17bqxaag7f8ri4mj6qf-cargo-package-codespan-0.13.1.drv'
deleting '/nix/store/6wi3c7vda8yvi3xj7ssqij41g0ayjdrx-cargo-package-codespan-0.13.1'
deleting '/nix/store/93lfpijq2pw6dq2m9l315712xdgfgm8z-terminal-size-0.3.4.tar.gz.drv'
deleting '/nix/store/mz58166f0jvw6j0ip00krcmxxsv5i41l-cargo-package-vm-memory-0.10.0.drv'
deleting '/nix/store/pkbla3gx1i2aza69g48pqaz61v7f06wd-cargo-src-vm-memory-0.10.0.drv'
deleting '/nix/store/dc5zpf6ayk6f4rw4k1asbbah0pprl91q-cargo-package-vm-memory-0.10.0'
deleting '/nix/store/vzriphrc5c0dv5rsg49ari34z7c88124-rustc-1.88.0-x86_64-unknown-linux-gnu.drv'
deleting '/nix/store/klabgdjdav7c9z1fnl5a1r4bgz9g0lpr-rustc-1.88.0-x86_64-unknown-linux-gnu'
deleting '/nix/store/7cz9v8wd0s2cj70m9gqqg5y720vv9a21-rustc-1.88.0-x86_64-unknown-linux-gnu.tar.xz.drv'
deleting '/nix/store/v8xf4jvidwnfkf1fpqpd0spncyvxm3n2-source.drv'
deleting '/nix/store/bmhihd06l4vklnbrdhdml6rm0fiay0l9-nodejs-24.16.0-source.drv'
deleting '/nix/store/s67knmwx9hfcanxdq1fxwcp1177w0116-cargo-src-gix-validate-0.11.0.drv'
deleting '/nix/store/nv10qc3xsa664b5vbk7rv58y4ipgkvwm-cargo-package-redox_syscall-0.5.18.drv'
deleting '/nix/store/gcgfhqsfd4xqvpiwh8kvpdfb09isqssl-cargo-package-redox_syscall-0.5.18'
deleting '/nix/store/rm8d2404a970ij80w0pc63jps13n52zk-cairn-0.1.0'
deleting '/nix/store/aklabqczj79vn8xyb8nc0d9vdzr526qq-cairn-0.1.0.drv'
deleting '/nix/store/4yj78h13bxv0nhh2kzmkzxdr4pdhc6dw-jailbreak-cabal-1.4.1.tar.gz.drv'
deleting '/nix/store/fvw9iicpdqvr8jzhbm8nqi0y7w6zb04x-Glob-0.10.2-r3.cabal.drv'
deleting '/nix/store/9m6msdbgmklpka8xz66gb4p9lsfa194w-cargo-package-heapless-0.8.0.drv'
deleting '/nix/store/q9j1zypk3yj2y2wp3lcgn5vm3w9gfrpp-cargo-src-heapless-0.8.0.drv'
deleting '/nix/store/5k3pwbjx0y3y3i3jmdydnxh01mxj5xa5-cargo-package-heapless-0.8.0'
deleting '/nix/store/ls3ihk846a8z4r93zs7yircb9jzkhpa5-parser-combinators-1.3.1.drv'
deleting '/nix/store/11inzjsaxvwhzww5hk5kn6jk383fw0ah-cargo-src-windows_aarch64_gnullvm-0.48.5.drv'
deleting '/nix/store/1kralcbyik583cymmyjfbljvbfbyi6aq-code-page-0.2.1.drv'
deleting '/nix/store/g8nrbqkgc43vx62njpybszs0c1b50hkb-futures-lite-1.13.0.drv'
deleting '/nix/store/fys2837ww2gnlfvfikp086xaw00pbpp7-crate-futures-lite-1.13.0.tar.gz.drv'
deleting '/nix/store/xzw84wi7ldqi3w4liv9b58sdj5974bp3-cargo-src-cargo_metadata-0.19.2.drv'
deleting '/nix/store/p0yc9xjrmp4xyhlghyc1y6w02wy7jlx0-perl-5.42.3.tar.gz.drv'
deleting '/nix/store/vfvs8dav90czm1v9r5kfhgnvl10cnb7j-cargo-src-spin-0.9.9.drv'
deleting '/nix/store/bcx7sdr4d8n4rhc7mlapn0b0lbicxkbi-cargo-src-windows_x86_64_gnu-0.53.1.drv'
deleting '/nix/store/03k74s470ipixkdbpqw36m2k4rdccysl-cargo-src-toml_parser-1.0.9+spec-1.1.0.drv'
deleting '/nix/store/70wvl7hgxqds1gbxz5vma4nd0vzdcahj-libmnl-1.0.5.tar.bz2.drv'
deleting '/nix/store/1dji3q6vagcyxsylv3mmn05j5mvv0x68-tempfile-3.23.0.drv'
deleting '/nix/store/vcg73qc6dfj2j6c0rn6kwk88n40w3prj-crate-tempfile-3.23.0.tar.gz.drv'
deleting '/nix/store/qyr1xw4ik52mz8a648rxbn8y09g1xj7h-cargo-src-inventory-0.3.24.drv'
deleting '/nix/store/wzcaxypd6fj1i6f62xi7z3ljvs828crs-cargo-src-windows_aarch64_msvc-0.48.5.drv'
deleting '/nix/store/780x1la6yndnzvvbgj1n1xnhazkz2zlf-source.drv'
deleting '/nix/store/cgg5i3dz1laxxcgsvn9772166kld3p9n-rust-std-1.91.1-x86_64-unknown-linux-gnu.drv'
deleting '/nix/store/8k4hcd1880a9yq6c56c00slwnabz3q0s-rust-std-1.91.1-x86_64-unknown-linux-gnu.tar.xz.drv'
deleting '/nix/store/5yz8zc0v13kxb0glpclayyd2dmq7zn9z-rust-std-1.91.1-x86_64-unknown-linux-gnu'
deleting '/nix/store/732f5bz1plrwxnirmfspf8hcdarli1qm-source.drv'
deleting '/nix/store/8vsfy1bbgrdfql9fz5fhxacx2paxihxa-cargo-src-opentelemetry_sdk-0.30.0.drv'
deleting '/nix/store/7w2hkvy9imv6azx1yjdczy4h30km35ny-cargo-src-ruzstd-0.8.2.drv'
deleting '/nix/store/ws4xf3r7gbvbbprbs2cg6pg4i8dbz9p1-cargo-package-futures-sink-0.3.32'
deleting '/nix/store/1qazx80hg3asfz63xd5ddqxdwvp3h8v1-cargo-package-futures-sink-0.3.32.drv'
deleting '/nix/store/cinh2la9vng7gg43f3j1prq5qbczgcm4-cargo-package-tracing-indicatif-0.3.14.drv'
deleting '/nix/store/42va1av517jk93fcbkj52sy7r1p10pnr-cargo-package-tracing-indicatif-0.3.14'
deleting '/nix/store/nk4g6c326m4sjcpd5ca6kk64cdic22wy-cargo-src-serde_tagged-0.3.0.drv'
deleting '/nix/store/bzn0h4vcyk273yqk4ch7nsny2c3qs98g-cargo-package-gix-lock-21.0.2.drv'
deleting '/nix/store/2awhmfnn1fmncp81hklj9rcwzp00xghw-cargo-package-gix-lock-21.0.2'
deleting '/nix/store/ps0kmkgkrdawwjjqqf8a7vk2aqxpzl77-crate-nix-nar-0.3.0.tar.gz.drv'
deleting '/nix/store/ygsndzwhm43ira7vm1sdv8glz1266y6a-Python-3.11.5.tar.xz.drv'
deleting '/nix/store/rkp7nh6svcr0n86i77aybmxpir5aaxkw-fgl-5.8.3.0.tar.gz.drv'
deleting '/nix/store/y7pv092r0zl22852aq294ss9rxmpf24z-npth-1.8.drv'
deleting '/nix/store/47xb4dan26wcyyrpv4zy349n1hzmjh4g-assoc-1.1.1.tar.gz.drv'
deleting '/nix/store/w5gr7cwcfszsyyigp6jm5y4yh6fdh27z-cargo-package-windows_x86_64_gnullvm-0.52.6'
deleting '/nix/store/9vkb9k8c16gf76mhhz8yxn19khn9y33g-cargo-package-windows_x86_64_gnullvm-0.52.6.drv'
deleting '/nix/store/5y19jblyxsj2ygsxbiwzxvgd1s55z3zm-cargo-src-memmap2-0.9.11.lock'
deleting '/nix/store/gry7m64w389mxn7wgmnjia276mhqga1d-cargo-package-secretspec-0.17.0'
deleting '/nix/store/cp5l30rkkm02921rncjwq699lvjg434z-cargo-package-secretspec-0.17.0.drv'
deleting '/nix/store/99vz2h7jn34vajb9wv4fhpyc9ix9fc80-cargo-src-toml_datetime-0.6.11.drv'
deleting '/nix/store/fafnljsz5sckb1vzpns5dc2l6z4xkakm-source'
deleting '/nix/store/bpkjwackbzbvxpv99dsaz0grwhwgq2ap-cargo-package-rand_chacha-0.3.1'
deleting '/nix/store/0ig8jh2khcn25cpmy12nmdwbdhklgaig-cargo-package-rand_chacha-0.3.1.drv'
deleting '/nix/store/xvdv7bkfv1x3v66gdwss9m4j9vlcmc63-cargo-src-toml-1.0.6+spec-1.1.0.drv'
deleting '/nix/store/4bpk5ganhkvhnciwx0vj8299952kii2h-cyrus-sasl-2.1.28.tar.gz.drv'
deleting '/nix/store/4dsrs3s3qndjm5w5dzyym9i1rz32ck2n-cargo-src-clap_lex-1.0.0.drv'
deleting '/nix/store/ssqz6ylqscvs21wy2jimmy75xsgbq69z-cargo-src-cranelift-codegen-shared-0.116.1.drv'
deleting '/nix/store/55lbvcqz3z97jcqf2zxqwav58wq52z8l-no-sys-dirs-5.38.0.patch'
deleting '/nix/store/sbpxi1fw05jr9d8z17ckafjsg9whwzd5-cargo-src-quote-1.0.47.drv'
deleting '/nix/store/6ja88ngg69h1lh8grj7qjrvfrgqn4k03-libassuan-3.0.2.tar.bz2.drv'
deleting '/nix/store/wkn1ghkcp3rrdzig91p1jzhqikmy67y1-cargo-src-semver-1.0.28.drv'
deleting '/nix/store/9pqvy9a4l7a7g1mxiajbb0p7xh8z031j-cargo-src-ryu-1.0.23.drv'
deleting '/nix/store/fncr1ksqprvi1cpqllinz027h4lbwpai-cargo-package-tonic-build-0.14.5.drv'
deleting '/nix/store/0g61xyf3xkw3ikxa8jiv7q9jnxqc0ah8-cargo-package-tonic-build-0.14.5'
deleting '/nix/store/wzdsbnv2ba3nj91aql8jjdddfmkkdh7h-patch-shebangs.sh'
deleting '/nix/store/gzla5mgmaxpr2z964nwawg4ikicljrn6-fastrand-1.9.0.drv'
deleting '/nix/store/j30cmiigxs9f8sp7rmyifrbs6gvgrkxh-cargo-package-phf_shared-0.11.3'
deleting '/nix/store/d139zbmzl9v8cnncbrgb5lkv9ds5wic9-cargo-package-phf_shared-0.11.3.drv'
deleting '/nix/store/1fgwimn3c7xl402sdds6jfg5jlgd2wap-cargo-src-tonic-prost-0.14.5.drv'
deleting '/nix/store/1kvr4k6xs8v1h2x6vclfwkjg64zrlfxn-bzip2-1.0.6.2-autoconfiscated.patch.drv'
deleting '/nix/store/4sy82c4jjmy00s6h19f29yclz3136is2-cargo-src-normalize-line-endings-0.3.0.drv'
deleting '/nix/store/vll5my63il3wh9cjss8sqv5wscy9ia3z-6b61483ec7fd0d5d5d56ccb967860d42740781e8.patch.drv'
deleting '/nix/store/7nd48gdsrxakjnm87wd4jj2yrj0pxp24-cargo-src-windows_aarch64_msvc-0.42.2.drv'
deleting '/nix/store/sa78yv31dknimbwcxi8s4nznmq6p0n5p-test-framework-quickcheck2-0.3.0.6-r1.cabal.drv'
deleting '/nix/store/0mlyvcacn5mdbgxgc3qi9hgnabpymkjb-cargo-src-send_wrapper-0.6.0.drv'
deleting '/nix/store/ky4l8g3d81jmld91xm8g8zhnr4pzm22y-clippy-preview-1.96.0-nightly-2026-03-21-x86_64-unknown-linux-gnu.drv'
deleting '/nix/store/5qpzjxzzqzv7wxkrsaqziz4q0b3rsmlh-clippy-preview-1.96.0-nightly-2026-03-21-x86_64-unknown-linux-gnu'
deleting '/nix/store/d7z46zszcmk5ldaa46wh4y2cdc1kvvds-cargo-package-darling_macro-0.21.3.drv'
deleting '/nix/store/2r3jk1s86qs34d40jnxy5d7l7gx5wv0z-cargo-package-darling_macro-0.21.3'
deleting '/nix/store/g7byn7sr4hlfcjmzhhr3h24m0nypfnma-cargo-package-tokio-rustls-0.26.4'
deleting '/nix/store/c8kwwisd3c1h27f7ink5cby9vhzhyz0q-cargo-package-tokio-rustls-0.26.4.drv'
deleting '/nix/store/kcyh8mjc0psah5kbxg9b7d4qnajjmmjk-cargo-src-async-process-2.5.0.drv'
deleting '/nix/store/5c929ppw231pjpn87mnbfxwwyr9jq17q-source'
deleting '/nix/store/1zmsw6qmxw4xg20my7h10y6gf2khzxyq-wasmprinter-0.220.1.drv'
deleting '/nix/store/p7a0jjrmj4kaq7v69bicr1hbmg5r802k-crate-wasmprinter-0.220.1.tar.gz.drv'
deleting '/nix/store/kihbcclp358a968aycshpzkk2xhza2bi-cargo-package-leb128fmt-0.1.0'
deleting '/nix/store/1swjis0amd2fy2qp1dkc96hq4aph6mks-cargo-package-leb128fmt-0.1.0.drv'
deleting '/nix/store/iyglzmg7gssrwli78b9gcp5v3flw7klh-cargo-src-aws-lc-rs-1.16.2.drv'
deleting '/nix/store/ywfk4ys1qz742rfvm4ch5z4dchrfdny0-cargo-src-gix-utils-0.3.1.drv'
deleting '/nix/store/928ac284d2zwx93jwbaww2fa9644svvd-cargo-package-tinystr-0.8.2.drv'
deleting '/nix/store/2l61hir7klwdbpgj4djyp0qcshbjh288-cargo-package-tinystr-0.8.2'
deleting '/nix/store/aaalw1n2826sk7nnr9wgyy4bhck5yd14-cargo-src-typeid-1.0.3.drv'
deleting '/nix/store/z655lkcs6gzz6k5fbj0ridl6nw1vqr8s-void-0.7.4.drv'
deleting '/nix/store/v7syfhmbm8zcrq1q43lzln0z0ck3ianh-cargo-package-gix-filter-0.28.0.drv'
deleting '/nix/store/7f448vbrx834434kj7ca2f0hwry7r526-cargo-src-gix-filter-0.28.0.drv'
deleting '/nix/store/4j6qz5myx126hba9jclapaxgsj7xfqv4-cargo-package-gix-filter-0.28.0'
deleting '/nix/store/q52sb95pp164bnl3qgg2kq545lvpv3gf-accepted-dogfood-expectations.json'
deleting '/nix/store/in97qaqyj8sw58cyvjmmvxppk351imdc-Cargo.toml.drv'
deleting '/nix/store/jmmspsnl1b2040bfz76ha68hdnvb4nfs-glibc-2.38.tar.xz.drv'
deleting '/nix/store/hw15hxbsrfaida6rr8zfz0xj1pz83nlp-crate-env_filter-0.1.4.tar.gz.drv'
deleting '/nix/store/s2mw9x8xh21kxnlhhhmvimbh0v64ig1j-cargo-package-clap_lex-1.1.0.drv'
deleting '/nix/store/hdpmln5x1czhr45zbmwjkz8517qwr4lm-cargo-package-clap_lex-1.1.0'
deleting '/nix/store/pfln80mn1fh2accgs8hgdpj9jdzknl5b-cargo-package-cranelift-native-0.116.1'
deleting '/nix/store/l0k2lkc1y54hmq93c4q75l00121xrm8z-cargo-package-cranelift-native-0.116.1.drv'
deleting '/nix/store/mdk6l9mhk54d0wq6835v0l8jrng1rkl1-cargo-src-cranelift-native-0.116.1.drv'
deleting '/nix/store/53358pjppzn4hz5w8r1li1pw5d2a927s-cargo-package-proc-macro2-diagnostics-0.10.1.drv'
deleting '/nix/store/4zxb38hvsx9nqsnn8570gs85c8m9c1vb-cargo-package-proc-macro2-diagnostics-0.10.1'
deleting '/nix/store/j4pyxlhwcnl50sl2yb00wy2cyfxwash5-Cargo.toml.drv'
deleting '/nix/store/48xvrr3lqabcibig6xx7fbw1ih84dyy0-quickcheck-instances-0.3.33.tar.gz.drv'
deleting '/nix/store/q90bia9r8qkrwwa8dyh13mzwkijq2247-cargo-package-cfg-if-1.0.4.drv'
deleting '/nix/store/8x2mznhaa4a4ri28xnmwr7vxsmzqzp7f-cargo-package-cfg-if-1.0.4'
deleting '/nix/store/4pwlx3frm9gyd3aizmn6drd7s6w4jgnw-cargo-src-irpc-derive-0.10.0.drv'
deleting '/nix/store/0ng9w48p750s4c9a1dwzpmmf96d7cnia-source'
deleting '/nix/store/xi3df0gszk8hh6s6a3dwwwsbh74m7f18-IO-Tty-1.20.tar.gz.drv'
deleting '/nix/store/88c9463f8472hff8nqjz9n8wjdhz5yhj-cargo-src-toml_datetime-1.0.0+spec-1.1.0.drv'
deleting '/nix/store/xim8rd176v64qzjy2mamkbswb7x2pz32-cargo-package-document-features-0.2.12'
deleting '/nix/store/hy4jwpr78cnv2xm0yq7bv47fivwkvq84-cargo-package-document-features-0.2.12.drv'
deleting '/nix/store/60nrzmhh9k72s8vmmk6vdvl37x71b8fz-comonad-5.0.9-r1.cabal.drv'
deleting '/nix/store/k3nc293gyci49vs07gccyzjw8kxr1gcr-cargo-package-iana-time-zone-haiku-0.1.2.drv'
deleting '/nix/store/cwgpdr326ipfdmf40sy3hsfpahy47hwv-cargo-package-iana-time-zone-haiku-0.1.2'
deleting '/nix/store/kq0cxfcpilq8hdq0jkcky7f5zk0rp7dk-old-time-1.1.0.4.drv'
deleting '/nix/store/c06mmqki5zplmd2b0bl8fm804a3nr74c-cargo-package-imbl-sized-chunks-0.1.3.drv'
deleting '/nix/store/13lsml68hkxp4kch995m030gcqmnwnvb-cargo-package-imbl-sized-chunks-0.1.3'
deleting '/nix/store/7m80dgxjmypkgi5q32lcmgcnksi7ncpf-cargo-package-libc-0.2.189.lock'
deleting '/nix/store/zsk7z21krcr8bfb9w3bhd59m3g7py2yf-zerovec-0.11.5.drv'
deleting '/nix/store/vm5bsj96vbaxwvazzgy23jkdk4dhsbn8-cargo-package-mockall_derive-0.13.1.drv'
deleting '/nix/store/9z1l8bib3afq3l6w4sdgfsgspscqfj02-cargo-src-mockall_derive-0.13.1.drv'
deleting '/nix/store/05y4bcw46l2a97xz1kalw6cl915iazfv-cargo-package-mockall_derive-0.13.1'
deleting '/nix/store/jy6rm9g8jgipvbjaphn0cxzjr8zw4jj1-Cargo.toml.drv'
deleting '/nix/store/ippjwvy643qssqzbmk0qmrjwqqf07v2r-cargo-src-defmt-1.0.1.drv'
deleting '/nix/store/4z6l5z20gj0yww3ska6zd0ahzi9cbwzx-cargo-src-tonic-build-0.14.5.drv'
deleting '/nix/store/nw3d9zrj0rxsb59qivz6r68w6zxm2kjy-unibilium-2.1.2.drv'
deleting '/nix/store/f8cw01jy5jffzndcsyjm4l3fbi0vsf6b-th-abstraction-0.7.1.0-r1.cabal.drv'
deleting '/nix/store/hh7niixisjx7fm0f8cb6sdvzpjhhzw9s-source'
deleting '/nix/store/pawrllxjp3hfwmw0hhk08mkl2pwzyacr-cargo-package-futures-task-0.3.32'
deleting '/nix/store/9fcm7y2dj1hcdjis2p0z0i78h31s3pxw-cargo-package-futures-task-0.3.32.drv'
deleting '/nix/store/2k5z90q79bm3a6b9fa8hgcifffm8lpx7-cargo-src-spin-0.10.0.drv'
deleting '/nix/store/6rify1816pv96g4iz41iq6wl92cnmckv-0.08.tar.gz.drv'
deleting '/nix/store/wnlgixpasmfr6kv7q1792jy8cmc3cxzr-cargo-package-memchr-2.7.6.drv'
deleting '/nix/store/sdiyh36inckrh30gwf1gn0j3rxsgg1zw-cargo-package-memchr-2.7.6'
deleting '/nix/store/dg2y43d240d3m1ni2ybxklcc7h7zslrk-cargo-package-ureq-3.3.0'
deleting '/nix/store/29n12pl11v2hnrpn4ahv38qapl9iwpdw-cargo-package-ureq-3.3.0.drv'
deleting '/nix/store/hgx2vpsf2pbigxmyh7fa4zwg7mmxnmw3-cargo-src-ureq-3.3.0.drv'
deleting '/nix/store/rs0drin24139pcvzzsm60fcxn8rxkfyp-cargo-src-cap-primitives-4.0.2.drv'
deleting '/nix/store/3ksvhmiynp306lqayz7y5bsai3vqydwf-llvm-tools-nightly-x86_64-unknown-linux-gnu.tar.xz.drv'
deleting '/nix/store/94hnm768gxrq6bazraq7z5b4jli9pqjf-cargo-src-downcast-0.11.0.drv'
deleting '/nix/store/6rpg8crrn6h856miyfgbdmlan3ambn5s-cargo-src-gix-lock-21.0.2.drv'
deleting '/nix/store/15b8n1l5qqbnspg0lq2hggk0kvk1swxi-utf8proc-2.11.3.drv'
deleting '/nix/store/d764sfp1ipwi5bzznb5rrdn30m1c512n-source.drv'
deleting '/nix/store/ng6klmdvvk3w6hm9zya3mk4g803glmv1-cargo-package-zerotrie-0.2.3'
deleting '/nix/store/3p48n5f9ciz4psb9m6ddvb6s665pj6yc-cargo-package-zerotrie-0.2.3.drv'
deleting '/nix/store/gzj7bpdvckqakihrw3g0xz322xphj71p-cargo-vendor-dir.drv'
deleting '/nix/store/92z3y3p4cnmf49z9djcsii0aifhs4mla-cargo-vendor-dir'
deleting '/nix/store/mf5nqa6vyvyqz7i5fjhm734wxwzw3chw-cargo-package-string_cache-0.8.9.drv'
deleting '/nix/store/kj5f6kzy90ih6zx6xj8vk3yym62wdnfg-cargo-package-string_cache-0.8.9'
deleting '/nix/store/20d5pi1a5i9jj041i0gvr9zcs7bjbw46-binutils-2.40.tar.bz2.drv'
deleting '/nix/store/zs85kkyszwb8xdy7ij4ri5i12qqwzh3c-rustc-1.96.0-nightly-2026-03-21-x86_64-unknown-linux-gnu.drv'
deleting '/nix/store/vbrwvkkbks2l797lhvdw7ika6xck02iv-rustc-1.96.0-nightly-2026-03-21-x86_64-unknown-linux-gnu'
deleting '/nix/store/cxg4w5yq5nqh4nxnfp6sl26y1ax1pafa-rustc-nightly-x86_64-unknown-linux-gnu.tar.xz.drv'
deleting '/nix/store/78qva1rml5giyzm9ldrfc8y4alba6mgg-cargo-src-sha1-0.10.6.drv'
deleting '/nix/store/xg0xcag0bcpaipqiy9ywglq7lkmqqqsy-cargo-package-portable-atomic-1.15.0.drv'
deleting '/nix/store/r32341is4iiiyp8rdna5jqx66nli5nxy-cargo-package-portable-atomic-1.15.0'
deleting '/nix/store/nfb2jvqrar4kcia1mm49v8f52qp1kjsl-wasm-smith-0.220.1.drv'
deleting '/nix/store/vlyis2iwzph8hrnisccivqprvz98k8rx-crate-wasm-smith-0.220.1.tar.gz.drv'
deleting '/nix/store/78sz31jll4vbgjdj05jcs16wn9ksd60a-jiff-static-0.2.16.drv'
deleting '/nix/store/qq6lc21gs9fjgd7mnnkvdjf1bc2i4miv-crate-jiff-static-0.2.16.tar.gz.drv'
deleting '/nix/store/2wnffyf19yvlxavp2lkmy196wfnpk0iz-semigroupoids-6.0.1.tar.gz.drv'
deleting '/nix/store/sjnyynqvbrywhpq95rds5qkzmbdglf3v-cargo-package-zerocopy-0.8.56.drv'
deleting '/nix/store/m4i68xfvymc8bmb4sdnm7z5lg1fvq2v3-cargo-package-zerocopy-0.8.56'
deleting '/nix/store/f2nf1r0rpjphbjdp6amcnr4idhpns84s-rust-bindgen-unwrapped-0.72.1-vendor-staging.drv'
deleting '/nix/store/c8bxi9jqbdmp691am43fflmm7n0fgwlp-bindgen-cli-0.72.1.tar.gz.drv'
deleting '/nix/store/xyssqag2n8g817nbfp8qyawc3j5f36xp-patchelf-0.15.2.tar.bz2.drv'
deleting '/nix/store/pl54yh61kgcrksr77brl0qm9zhs5laib-cargo-src-zlib-rs-0.6.3.drv'
deleting '/nix/store/rjgrmlmclh3nb0sbj5wg97868rawkaby-cargo-package-cordyceps-0.3.4.drv'
deleting '/nix/store/24xri8qa2l2slivyhq252r8xrb9pcbnl-cargo-package-cordyceps-0.3.4'
deleting '/nix/store/p9zc2xpxxd8bish7nyw583jhzyc7nskk-cargo-src-env_logger-0.11.11.drv'
deleting '/nix/store/ggmdgplpqn15f8p8q9cyzd7maqav2wxw-cargo-package-regex-syntax-0.8.8'
deleting '/nix/store/54mj6x60av7j1gnw1yly64rircyfaybl-cargo-package-regex-syntax-0.8.8.drv'
deleting '/nix/store/pp1rk1xw31pq77szjgfxiia2bccajzmq-cargo-package-toml_edit-0.24.1+spec-1.1.0.drv'
deleting '/nix/store/0mgwfxlnlh74y4zxxvihpi8n8xbkzfff-cargo-package-toml_edit-0.24.1+spec-1.1.0'
deleting '/nix/store/lcccr0y16p1vnikvj0ajyglxwsx25q7y-cargo-package-imara-diff-0.2.0.drv'
deleting '/nix/store/ark4nyccdc0qrbwxw5zhhswy70rbgy09-cargo-src-imara-diff-0.2.0.drv'
deleting '/nix/store/7gr5812bclwwlvz9n8brj74vjz6agxqi-cargo-package-imara-diff-0.2.0'
deleting '/nix/store/ki1pz0zfrb3sfmb8lif3z6m8vajb17jy-cargo-src-wasm-bindgen-macro-0.2.108.drv'
deleting '/nix/store/nhhvcpy8rjb4ig4v6hn0r181xn6hb4f5-source'
deleting '/nix/store/jalakj78c2q51avcngn8zk5rdjfh8c7z-npth-1.8.tar.bz2.drv'
deleting '/nix/store/vnxjwa46ql8ksxkvd7fdaybcz38mkhjh-cargo-src-tracing-futures-0.2.5.drv'
deleting '/nix/store/dc8aq9qrv6ayjw351icsg1bnqymx8cj5-windows-targets-0.52.6.drv'
deleting '/nix/store/kfzabi2jzcw7xajn51v42wkn5giwnscx-cargo-src-indexmap-2.13.1.drv'
deleting '/nix/store/kvzypsz5whg9v6jbinal7hfyrqddqr32-cargo-src-schemars-0.9.0.drv'
deleting '/nix/store/qqlmhm364hl0k83z6bcbdam3l5is84rc-cargo-src-portable-atomic-1.15.0.drv'
deleting '/nix/store/nszskjfcfpfjjpr4fw0ll858fixv3xxy-crate-async-channel-1.9.0.tar.gz.drv'
deleting '/nix/store/v04wa0fjycxgfjh7db9j9421pkcc0fg2-cargo-src-chrono-0.4.43.drv'
deleting '/nix/store/d3fl0rjs4393s524ai90dldiqybzw347-cargo-src-windows_aarch64_gnullvm-0.53.1.drv'
deleting '/nix/store/25wjkxzwyvb2sinnxvraafm6ismnlc1k-cargo-src-gix-traverse-0.55.0.drv'
deleting '/nix/store/4cxs12vld9h9f2bvnyvjl19bhycvdlim-cargo-src-yoke-derive-0.8.2.drv'
deleting '/nix/store/mx1cyq7868j8hyy4qqq2birfpch085pn-cargo-src-portable-atomic-1.13.1.drv'
deleting '/nix/store/1yld1xya88kp87hirqgslc9v7kh6925h-libfido2-1.17.0.tar.gz.drv'
deleting '/nix/store/cw4x79dnmf1i1wc9hhn5lj1w8cidj1n0-cargo-src-jiff-static-0.2.20.drv'
deleting '/nix/store/ngg1cv31c8c7bcm2n8ww4g06nq7s4zhm-set-source-date-epoch-to-latest.sh'
deleting '/nix/store/gvscqkfvcvhxg83d7bsb1pqq03gv974h-cargo-package-atomic-waker-1.1.2'
deleting '/nix/store/239h864zlwmggr058vjvlbnzrz0dxsyi-cargo-package-atomic-waker-1.1.2.drv'
deleting '/nix/store/06rbyfvvnxmlmakdr6vf0phpy4nb5dac-2d9b00c4e42677cd0a9b67344f4d873ddc409a21.patch?full_index=1.drv'
deleting '/nix/store/dpl1ja4gy6micfw53dndk34ybg8pf29m-cargo-src-cranelift-module-0.116.1.drv'
deleting '/nix/store/cx68fbcvhgyj4mckz72xdb1hlpi76ad0-libpcap-1.10.6.tar.gz.drv'
deleting '/nix/store/c22nnapvnnshp37xmkwzajn6gqy5pkfn-cargo-package-futures-macro-0.3.32.drv'
deleting '/nix/store/0yc36rsgybrzfajrqlcbzbrmcyrk8asx-cargo-package-futures-macro-0.3.32'
deleting '/nix/store/jm4j840rzzlamdqsb28nh350wsrdp2bj-bifunctors-5.6.2-r2.cabal.drv'
deleting '/nix/store/x9zbq7vm66rzyfjkn1yn2z18939m4xzl-source'
deleting '/nix/store/67griwbj0vgg81y3kz68zs5zk73jjm69-cargo-package-miniz_oxide-0.8.9'
deleting '/nix/store/1qr2grjs4vq4fkmqzc97gdpj459g34cq-cargo-package-miniz_oxide-0.8.9.drv'
deleting '/nix/store/kbc6yylk1739rhhxa15m94ffyr5w6cp4-crate-typenum-1.19.0.tar.gz.drv'
deleting '/nix/store/48ylflhw3amzqv018bxif45sjlx68d3d-chaoscontrol-vm-cohort-adapter-octet-workspace.lock'
deleting '/nix/store/ss90rdl4nsdybl2dvv9vpk36h6v0k1r6-cargo-src-unicode-bom-2.0.3.drv'
deleting '/nix/store/6l50sv8d9flxsxqc5s3nsavfnn3hpa6k-pretty-simple-4.1.4.0.drv'
deleting '/nix/store/jlb59akx0l2kf0bhmwcj97if7bg9p1zg-spacewasm-e24cf09355a90497148eb5029fdb8e3400bd63e3-generated-fixtures.lock'
deleting '/nix/store/qz8qr0hcxvynpf7f4kv6pkkskg0syl9l-cargo-src-fragile-2.1.0.drv'
deleting '/nix/store/yxj5wz169d6h0ahkf1qllq02pwd4q8ng-cargo-package-regex-automata-0.4.14.drv'
deleting '/nix/store/sik4ijq58kqxijfi0h22gwl8cq6911zr-cargo-package-regex-automata-0.4.14'
deleting '/nix/store/kjif50ll8w3k4whfm8lsml1qybf6q7cb-cargo-package-keccak-0.1.6.drv'
deleting '/nix/store/czkjnlk8qqnbnb4jchlq5ky771cp4bqn-cargo-package-keccak-0.1.6'
deleting '/nix/store/b7irlwi2wjlx5aj1dghx4c8k3ax6m56q-busybox.drv'
deleting '/nix/store/z3f0xqqwrxxz44ags19d9fbhr2s3yrrw-transformers-base-0.4.6.tar.gz.drv'
deleting '/nix/store/n163kfqm3w4fzaf7iab32x8llqzn9jz3-jiff-static-0.2.28.lock'
deleting '/nix/store/5bc3rydn6gg3mbyi7c2qz7gqlj40p2bf-is_terminal_polyfill-1.70.2.drv'
deleting '/nix/store/znyif9yl1hh2pfkh4zih9s7gd8d3ybsg-cargo-src-zerocopy-0.8.56.drv'
deleting '/nix/store/kk6v9xn8xzlxlcrmmqv17jyljlmrah63-source.drv'
deleting '/nix/store/zka58fsgrgv3bf64pwn59rplkh7jlwnm-cargo-src-md-5-0.11.0.drv'
deleting '/nix/store/vrayvdjk5w8jkyy5gwvnyvj7jhkb8lnc-crate-windows_x86_64_gnu-0.48.5.tar.gz.drv'
deleting '/nix/store/nsqb9gnhccbwrdw6a1n1m3fxg41mw71v-Cargo.toml.drv'
deleting '/nix/store/iddivamhvc4659h7k6jl2g44y2iwl43d-cargo-audit-0.22.0.tar.gz.drv'
deleting '/nix/store/ird0x6q2ja403smfyd4cax6pljsy36ni-crate-rayon-1.11.0.tar.gz.drv'
deleting '/nix/store/hcrp1v3m55a73xvxg9lgj7c62w88zjx6-autoconf-2.69.tar.xz.drv'
deleting '/nix/store/hxvkj74f627jz1hcraamv9sz9z8qys68-muse-pi-turn-1.0.drv'
deleting '/nix/store/cj0day2h1nds30r787cbc2nr18bcgzsl-muse-campaign'
deleting '/nix/store/6ghvkrcyf19izrpy7z6s9k3dhyfyiz9g-muse-pi-turn-1.0'
deleting '/nix/store/ij6fdpx6gihq4ig46dnc6rzkmjmn1b87-cargo-src-rustls-0.23.37.drv'
deleting '/nix/store/097dgpv9n4kp6lp2mk6gpwgxfvhqxanf-dummy.rs.drv'
deleting '/nix/store/2avxcss0w1799bjxjndfa7h8ba8zpimn-cargo-src-combine-4.6.7.drv'
deleting '/nix/store/4ahyw3i9sb6j919avfy2ci0sgr4r2qcf-Cargo.lock'
deleting '/nix/store/k57yxkjpfgjfmjbpnwznc1s57qkb96gr-cargo-package-portable-atomic-util-0.2.7'
deleting '/nix/store/rn2hagmmq1qxgi9qs2iysrpyswxk0nwa-libnl-3.12.0.drv'
deleting '/nix/store/2ibayd2gdjrsacs607f2kdammpky8fqz-cargo-src-env_filter-1.0.0.drv'
deleting '/nix/store/a5f98qm4a5ppi9aga14i62i9w07nk889-cargo-src-tower-http-0.6.8.drv'
deleting '/nix/store/1656gvxwsx4wl7r14zhj66sdx5xcjbrz-chaoscontrol-deps-0.1.0.lock'
deleting '/nix/store/vy531grs0hmfls246rf8cyjz02zgafrm-dylint-driver-src.drv'
deleting '/nix/store/4ihilwsvbp7fn14gcv5ac34n4hn27sw3-crate-potential_utf-0.1.4.tar.gz.drv'
deleting '/nix/store/2szxdd0wbggryhkm4pbp3qabgxvg0kkd-aeson-2.2.3.0.tar.gz.drv'
deleting '/nix/store/s7ay48jh2rnwgs3wzr7k0lkf6imnn371-ShellCheck-0.11.0'
deleting '/nix/store/4sy4nm6z49rw3nrcq0vfq4a8pgl9ayyb-cargo-src-predicates-tree-1.0.13.drv'
deleting '/nix/store/y5y4k85n3s76za04hrzr2ql5nc8rnwlw-cargo-package-zerotrie-0.2.4'
deleting '/nix/store/n9shh89f9k17h7h67bvn9crfb3217xjm-cargo-package-zerotrie-0.2.4.drv'
deleting '/nix/store/bb8l6xnlmzl2za6bl814krgc73v8is0z-Cargo.lock'
deleting '/nix/store/xhrs5acy7avp2j8gwlmkvz41jwyirba2-installkernel.drv'
deleting '/nix/store/zb6aci33z5fwqcg3nfqi6fjpg8fx897w-cargo-src-unit-prefix-0.5.2.drv'
deleting '/nix/store/l6ykfw549jfysp0kms41niplj2haaxfk-cargo-package-predicates-core-1.0.10.drv'
deleting '/nix/store/6va02kj7ca41dqjk4v2vbzr63h64aq6q-cargo-package-predicates-core-1.0.10'
deleting '/nix/store/fcn4w7arfbx85ya6cz83lsdpgqvhcqv2-cargo-src-js-sys-0.3.85.drv'
deleting '/nix/store/z95k1f8baml4p78kfsbhsl110l652zcn-cargo-package-serde_urlencoded-0.7.1'
deleting '/nix/store/5p3xg2468jclbav6mrfgbh8j75g4j54d-cargo-package-serde_urlencoded-0.7.1.drv'
deleting '/nix/store/izkm0wi7v4ic8zfrnbml51ipxjvlgrvd-cargo-package-find-msvc-tools-0.1.9.drv'
deleting '/nix/store/5h68vx3rhh99b01wmriinw6amcix3j0x-cargo-package-find-msvc-tools-0.1.9'
deleting '/nix/store/jpbapf5vc3ywnrd9q4sjfzgnidg6wbwl-cargo-src-rustc-demangle-0.1.28.drv'
deleting '/nix/store/3j2p4cdraqbfmkbfhsa412m1kc2699qh-crate-windows_aarch64_gnullvm-0.52.6.tar.gz.drv'
deleting '/nix/store/8lr75xdjfqyygm90d3ll7i2wjybhbc8x-crate-find-msvc-tools-0.1.5.tar.gz.drv'
deleting '/nix/store/spzh26hq0ci6492s31ncflbi2rlahc98-setup-hook.sh'
deleting '/nix/store/6qgid39iq1wyjjhphzi2gky2189hci3v-text-short-0.1.6.drv'
deleting '/nix/store/93f7nxich9kfz8q9b19a6hjfg3xdl77x-text-short-0.1.6-r3.cabal.drv'
deleting '/nix/store/q61iqm1nhsfdh6aafs8ccv8cp76p5f32-cargo-package-gix-pack-0.68.0.drv'
deleting '/nix/store/l2k3ip7xl9z67m73y3q1bjn4chlcsdly-cargo-package-gix-pack-0.68.0'
deleting '/nix/store/033q20k1w1h3xqf4rfj8kgxrq5b2mnwa-cargo-src-gix-pack-0.68.0.drv'
deleting '/nix/store/vwi8zwycji369rmvkw3ixq3krln707yp-Cargo.toml.drv'
deleting '/nix/store/mdlvzxvxbjfvwzn1xv21ym8vl5838qq6-cargo-src-mimalloc-0.1.48.drv'
deleting '/nix/store/gmz0qqkfzvhbar5rg8hi2k21p95kzlqm-cargo-package-same-file-1.0.6'
deleting '/nix/store/ggva2bb72pfkzmawsbk9qml0fszbipf8-cargo-package-same-file-1.0.6.drv'
deleting '/nix/store/29qdywdafkic3pwqv1iwzvidwpkxnwaw-cargo-src-prodash-31.0.0.drv'
deleting '/nix/store/91bnvks1cq793ka08hk5xxwyxq6sndw4-anstyle-query-1.1.5.drv'
deleting '/nix/store/ibsnjmxnicys8yvzazrxdrw4yzsja8ga-parser-combinators-1.3.1.drv'
deleting '/nix/store/a9yzapvf2f7c0zi6w6ha2fmbi9nb4izh-cargo-package-litrs-1.0.0'
deleting '/nix/store/1cxnxz7g4vqm29kcss1nxbsqil0i6v4w-cargo-package-litrs-1.0.0.drv'
deleting '/nix/store/b2imx70027l85q3l2fl7vh5y3y8aszl1-cargo-src-windows_x86_64_gnullvm-0.53.1.drv'
deleting '/nix/store/ri2ca4xgz6rdh12ynpmaangwshwrcxyz-socat-1.8.1.3.drv'
deleting '/nix/store/dl68apx6p614rvsd7fq0rwbcma5g09cs-crate-jiff-static-0.2.28.tar.gz'
deleting '/nix/store/xp25w2vwngcw344jabkhg6gjwck4apcp-cargo-src-bigtable_rs-0.2.21.drv'
deleting '/nix/store/ccl4xjl85ah16nj4aiqfc3q0wpa4mdw2-iproute2-7.1.0.tar.xz.drv'
deleting '/nix/store/h3kjjdd89jw80drqww56r7i3wizcnnvw-source.drv'
deleting '/nix/store/ch9wwz41j5bv4x5blnmh2ixi1labzcwd-cargo-src-target-lexicon-0.13.5.drv'
deleting '/nix/store/lw5ixvwqpyjbaciz7yydznkh8d3a6ymd-url-2.5.7.drv'
deleting '/nix/store/92ddcjhdbv3vp74aqnc6v6m5wkpvly8i-rustfmt-nightly-x86_64-unknown-linux-gnu.tar.xz.drv'
deleting '/nix/store/chf6wi02w5qvzqaw61smhi241wslvx1s-Cargo.toml'
deleting '/nix/store/2rmblsa3hp7xggjb0kin2l7si35z4ngz-cargo-src-nickel-lang-2.2.0.drv'
deleting '/nix/store/rjl8src556hg13z4z69kwjdpzmfanzyi-crate-sha1-0.10.6.tar.gz.drv'
deleting '/nix/store/rmvsgnz3amhzjif30cxb2wdda6ddz2c0-cargo-package-windows-sys-0.52.0.drv'
deleting '/nix/store/rkarsq3gdm26160p09p0jph3q8ajg96g-cargo-package-windows-sys-0.52.0'
deleting '/nix/store/47xk2m8jwmmqz00sz9mjlc6x15m41542-source'
deleting '/nix/store/558rhwsf31p6g6yw8vj7qha1i314nc22-network-uri-2.6.4.2.tar.gz.drv'
deleting '/nix/store/2vfv2sba2xkn9j16bpjjrnddd1s0fxgi-Cargo.toml.drv'
deleting '/nix/store/3p15r62r5vlxjw5cgpip32f5i025yafr-cargo-package-getrandom-0.2.17'
deleting '/nix/store/1004i8ccbrc8zz0gcp6h6c4agw1djqmp-cargo-package-getrandom-0.2.17.drv'
deleting '/nix/store/26jabsw9n4wv7wr6ma26fhbwzz3nmb48-utils.sh.drv'
deleting '/nix/store/wk6nhsixgvavw5wxyc3hjrsawzqysa93-source.drv'
deleting '/nix/store/46jv0pdh0fpyh2x9p1fn6n3smfnik76n-cargo-src-regex-1.13.1.drv'
deleting '/nix/store/jfh2ksbimj8y8fvdp71gamz1jfkckznq-luassert-1.9.0-1.rockspec.drv'
deleting '/nix/store/v3vqffmbgiwjcgndi0dvycaiy7fp0fjg-source'
deleting '/nix/store/rix9m6ks5h0yg5ccwvx8ll9gx1m4l9jx-fuse-3.18.2.drv'
deleting '/nix/store/jjn12m0q5q5adwb6njvxyp5wlhn3lhwp-source.drv'
deleting '/nix/store/p7hb9km1dbqw7zdsd5kpg82r4g2lm64y-Cargo.toml.drv'
deleting '/nix/store/bdl2d927973q357hr72sx3r6ivayx89q-cargo-src-libc-0.2.189.drv'
deleting '/nix/store/yplyx1a6sck9sda1s89hbs1s26b2jcpx-Cargo.toml.drv'
deleting '/nix/store/ggidnlrnm5zizfwnah5raz95wj0nmarg-megaparsec-9.7.0.tar.gz.drv'
deleting '/nix/store/qxlwvqhx3fdj5kia79fi4d0db34k8drj-source.drv'
deleting '/nix/store/sbn1qgpknsnl5irrymacnymx9gn25bsf-cargo-src-defmt-0.3.100.drv'
deleting '/nix/store/sgc8k9jcpra0pvpigabsrn1jsldfbca8-wherefrom-compat-0.1.1.1.tar.gz.drv'
deleting '/nix/store/q2fqcbq5a2ya5g1v6jjpqnrrwgyaaz0n-cargo-package-serde_json-1.0.149'
deleting '/nix/store/hw0qnrch3gyy07pi09v2s1l47ypc5zzr-cargo-package-serde_json-1.0.149.drv'
deleting '/nix/store/aj9gg09d1m5s6b1ikyjwd01xn5rkvphs-cargo-src-tokio-1.51.0.drv'
deleting '/nix/store/faq92k3ny35djrwh48v0hb61gzm61q4i-cargo-package-syn-2.0.119.drv'
deleting '/nix/store/vk26gwjx1anb0laqyn1w6mrwjl6k2i1x-cargo-src-syn-2.0.119.drv'
deleting '/nix/store/ksdanm855gz7jcmm0pm12da0h1qmadl3-crate-fastrand-1.9.0.tar.gz.drv'
deleting '/nix/store/vnp5cj5absbayxqkm98frf83r38h6ylp-pcre2-10.42.tar.bz2.drv'
deleting '/nix/store/4s8wv4lzfyi1jgp01xfn7gi8x32lkl1m-tree-sitter-vim-neovim-0.12.3.drv'
deleting '/nix/store/rl4xqxr9z5vk5wf55s3x31yadqx3sr4w-cargo-src-hyper-timeout-0.5.2.drv'
deleting '/nix/store/agl2pra9scn4g34hbgz7j07qnl8jk10i-source.drv'
deleting '/nix/store/87cbhivds2j6i20qlxgargqyxpjw6g88-cargo-src-lzma-rs-0.3.0.drv'
deleting '/nix/store/r7siyyjk5n8bp6xn0l9dsd9xapbfiymy-cargo-package-nix-0.31.1'
deleting '/nix/store/87p2rl3vcfl8sr2b0bnfqrx9k16h1yb1-cargo-package-nix-0.31.1.drv'
deleting '/nix/store/cw1akjxdyr5sd8plilkfzbpg7by4038f-cargo-src-nix-0.31.1.drv'
deleting '/nix/store/wrifxg39kvlnrvkbdfqj6wbyxq8m3mlz-cargo-package-glob-0.3.3'
deleting '/nix/store/4g0q43s4i64icgsgv4czf426r294jmci-cargo-package-glob-0.3.3.drv'
deleting '/nix/store/hr36sr1gq7jmbmqx6w053jxzbx49dx7q-cargo-src-darling_macro-0.21.3.drv'
deleting '/nix/store/yrd6lcr5r7qrnrrgln5n594q6bpycj6m-Cargo.toml.drv'
deleting '/nix/store/p2ynpdqzm8lfdq6xywa8igkjp56b8q65-ld-wrapper.sh'
deleting '/nix/store/wdswk87gss82vgl3n60jcpqy2gvxx4cq-spacewasm-e24cf09355a90497148eb5029fdb8e3400bd63e3.tar.gz.drv'
deleting '/nix/store/2pbgy5agk2kxn0blsznz7gpc1il7cirh-spacewasm-e24cf09355a90497148eb5029fdb8e3400bd63e3.tar.gz'
deleting '/nix/store/nr5mqnkpqzdj14z6gb5q31578hnl7pfk-cargo-package-ed25519-2.2.3'
deleting '/nix/store/c6rcv278lbm8dik5zgkvihm4cw23as0r-cargo-package-ed25519-2.2.3.drv'
deleting '/nix/store/qrhws2fpsfqyfhh7na5kpj0k11szxcm6-windows_i686_msvc-0.48.5.drv'
deleting '/nix/store/iii2lp1qzvif9cnig9pwnva95mzdwcwf-percent-encoding-2.3.2.drv'
deleting '/nix/store/mc3x7gqp0pwd59459d8z4q25wc8gyxg1-cargo-src-syn-3.0.4'
deleting '/nix/store/2bvcbbbdmhd33l8n9jgngpqz5iisjczn-distributive-0.6.2.1-r1.cabal.drv'
deleting '/nix/store/ppla0v9k12sshi2157ydbxp4g51na7n2-Cargo.toml.drv'
deleting '/nix/store/lq5r9kla5wx0b07zh4a07z4srrwyh74j-isahc-1.7.2.drv'
deleting '/nix/store/xkaqid2qcdmzh9bckymc88cnqd20zs21-crate-isahc-1.7.2.tar.gz.drv'
deleting '/nix/store/r0k8malhgqp96wx7l85ckmppgg2wagrh-cargo-package-fixedbitset-0.4.2'
deleting '/nix/store/m1pvjm4n48xra72vjyjay6gvz26wi4s1-cargo-package-fixedbitset-0.4.2.drv'
deleting '/nix/store/s724jv156ncixgkda2xc05azi9kvl0x1-cargo-src-io-lifetimes-3.0.1.drv'
deleting '/nix/store/m7qyaqf3is3pkyjjk57w9fsjbmcbw3sq-cargo-src-potential_utf-0.1.5.drv'
deleting '/nix/store/6liv9xdwi9gyfjhir4fq480dizgv2xh0-cargo-package-potential_utf-0.1.4'
deleting '/nix/store/2x5jh4v21n301rq9ivnxxm317a8d09n6-cargo-package-potential_utf-0.1.4.drv'
deleting '/nix/store/r4j1950vz6d28fnbblgh7fvd0f5193qn-find-msvc-tools-0.1.4'
deleting '/nix/store/cqa9kjmy1ajv9yja9kycysdm7mr9131k-cargo-src-gix-credentials-0.37.1.drv'
deleting '/nix/store/kayd1693h92l8i0lwbdk7hij7bjlhjzk-happy-lib-2.1.7.drv'
deleting '/nix/store/vrclyhcrdz4syscfqryq26impc88c48f-gzip-1.13.tar.xz.drv'
deleting '/nix/store/qm84r175f14vq6yf4l22aaq3n3gd5x4d-cargo-src-pin-project-1.1.11.drv'
deleting '/nix/store/n9qcg3pmmiddg0x9wgwj4yk0435xari8-cargo-src-tower-http-0.6.8.drv'
deleting '/nix/store/3m75qmby0bvv6i4mbnxlwpnx79xpxh1w-cargo-src-tracing-chrome-0.7.2.drv'
deleting '/nix/store/lh8bi5jg7ck3ka4f6pgcw5i4kyzy4wgd-cargo-package-zmij-1.0.21'
deleting '/nix/store/7fk4zw9rc0m96rnn9gclapyrfqhl6adh-cargo-package-zmij-1.0.21.drv'
deleting '/nix/store/wzw1wfgg93jga4h1w568n0ii0fh54v7w-source.drv'
deleting '/nix/store/i317qqw8mf1zkh7jkd7whxr16c9482kj-cargo-src-itertools-0.10.5.drv'
deleting '/nix/store/aiwrg0vkkzky1ibx736d8lfag6d2zz44-cargo-package-unicode-linebreak-0.1.5'
deleting '/nix/store/9wf7l4ngiq5dswch5gzdh7qskzqbbx8q-cargo-package-unicode-linebreak-0.1.5.drv'
deleting '/nix/store/jivxp510zxakaaic7qkrb7v1dd2rdbw9-multiple-outputs.sh'
deleting '/nix/store/kclpvvqaw7km4p971bnlzgx330aws2pv-ripgrep-15.1.0.drv'
deleting '/nix/store/l5qzl98z628g4cxbljyy9azyl4vwaxf0-ripgrep-15.1.0-vendor.drv'
deleting '/nix/store/0nfv4kk5cra32bg475v1ra42r9vyncfx-ripgrep-15.1.0-vendor-staging.drv'
deleting '/nix/store/kb0pww5qa7d1nlpwz6lh6zay7jv6cl2i-Cargo.toml.drv'
deleting '/nix/store/6r6q06i08p51x0s5q5djyn5jrh0wyy31-cargo-package-bit-vec-0.8.0.drv'
deleting '/nix/store/3342dkpy1fai9i4d1vnk55gg8yg0n6y7-cargo-package-bit-vec-0.8.0'
deleting '/nix/store/r44xy6iq15nd7hjkbpfhj6cwag9pi9ix-cargo-src-gix-status-0.28.0.drv'
deleting '/nix/store/cpzf3vig06k6kaa56iqqh1km2zlcbmpj-crate-anstyle-query-1.1.5.tar.gz.drv'
deleting '/nix/store/xlkmhnygxwn784sfj96nz3jmrvarj5kg-cargo-package-anyhow-1.0.102'
deleting '/nix/store/1sgg6l3wjv63yfpqq8bqwbh5agfhdx15-cargo-package-anyhow-1.0.102.drv'
deleting '/nix/store/xk2mcg3j735x5bk3l6vwnllvzc7ysg14-cargo-package-unicode-normalization-0.1.25.drv'
deleting '/nix/store/hfirc4zhg37g456r21jczvbwrp50143x-cargo-package-unicode-normalization-0.1.25'
deleting '/nix/store/z8ahqn4vr4f9dlk3bmr7cdp6gglfc6ma-crate-url-2.5.7.tar.gz.drv'
deleting '/nix/store/rhmrb2x9y9q162gzmcha709wy1ay2lb4-cargo-src-libbpf-sys-1.6.3+v1.6.3.drv'
deleting '/nix/store/fl02yv3ax1qf1xkq64ik8qz5bjxyyd71-cargo-deny-0.19.0'
deleting '/nix/store/b2ih9g6ncna4f1nyjp91ziv4ifrakyqd-v0.8.1.tar.gz.drv'
deleting '/nix/store/bw92xr5sjk5ivxd5yd45algrdsapxdpw-cargo-src-windows_i686_msvc-0.48.5.drv'
deleting '/nix/store/65rg8n09da61xngnn50y921zg09wdi5m-crate-windows-targets-0.52.6.tar.gz.drv'
deleting '/nix/store/pa6kinv8cb1f9vx4pag0id3farx7pjad-source.drv'
deleting '/nix/store/ddqq6ri1v6gj4j6ky42zp7fscan2n7nd-cargo-src-schemars-1.2.1.drv'
deleting '/nix/store/pilrgmgq2rp9znigf08lyhjkfkkj3q3f-cargo-package-clap_builder-4.5.59'
deleting '/nix/store/9fy1f7w12cn5900nvmipbqbj9gxws0mw-cargo-package-clap_builder-4.5.59.drv'
deleting '/nix/store/fvd48x965x8avg59p39s4305120wn5a2-crate-icu_normalizer-2.1.1.tar.gz.drv'
deleting '/nix/store/fmnn7dnm3gh1c3kw900rsrwr2wafjfvy-cargo-src-windows_x86_64_gnullvm-0.48.5.drv'
deleting '/nix/store/16fq5b4g19fxgqdhwszxv3shiy8sbqpr-Cargo.toml.drv'
deleting '/nix/store/zpfqigj9nqbjydlc19pb49j7qb30symb-crate-jiff-0.2.16.tar.gz.drv'
deleting '/nix/store/86aryb7s0s2rzqi6iaw98c8l0cqn0km4-cargo-package-rand-0.9.5'
deleting '/nix/store/2kjgf1d9w4hzvxg9c5hnpdj79cs62ggs-cargo-package-rand-0.9.5.drv'
deleting '/nix/store/fpa6j8x6593avls2s10gxwrfsy3awhcx-cargo-package-rustix-linux-procfs-0.1.1'
deleting '/nix/store/49gr4lxfdvr5raar4rsdirsp2y47sbay-cargo-package-rustix-linux-procfs-0.1.1.drv'
deleting '/nix/store/9iijvmg7bzvyp9188yinigbbrna4vd9k-Cargo.toml.drv'
deleting '/nix/store/9nxi6689g6la84yc2m788xp7id4nrhq9-libredirect-0.drv'
deleting '/nix/store/qmnicaz0axsclv7mhg18dh30scnspwqr-cargo-package-threadpool-1.8.1.drv'
deleting '/nix/store/c3g6cap93v95k77363g8l1i9p794q2xp-cargo-package-threadpool-1.8.1'
deleting '/nix/store/20f1h8q9hfazvwgrf5fasnbkp0xz4fa8-cargo-src-threadpool-1.8.1.drv'
deleting '/nix/store/khmchk8i5bkzlfghl98g3f0g240cslj9-loongarch-support.patch'
deleting '/nix/store/yxi6b1i1kkshhw0bkq8zyzr1lk2l1vss-cargo-src-gix-date-0.15.1.drv'
deleting '/nix/store/i8k5f5xs46qh6ik57c47vimav6mf3izw-cargo-src-crypto-common-0.2.2.drv'
deleting '/nix/store/995magm7gz6x6pnc2qlg5m78c3vaiz96-curl-0.4.49.drv'
deleting '/nix/store/cl4h83cjg1fq47jkqhsxcw1qw9grbn0a-crate-curl-0.4.49.tar.gz.drv'
deleting '/nix/store/kj3ii37l1lbp8yspqm0awpkp2yn1hf70-cargo-package-toml_edit-0.22.27'
deleting '/nix/store/bxkvrbnf3mikghvsdq1jz2pjxrf49nhn-cargo-package-toml_edit-0.22.27.drv'
deleting '/nix/store/4wrfncdiv3ydz40qrkkdrgahkhfh723b-cargo-src-toml_edit-0.22.27.drv'
deleting '/nix/store/38ym8rqhx25ljr39dn2c6nhqk4asdpqc-tasty-inspection-testing-0.2.1-r3.cabal.drv'
deleting '/nix/store/sbn12d53p7wraffxv9alsgrzvfplj11m-cargo-package-unsafe-libyaml-0.2.11'
deleting '/nix/store/haq8xl9pbzg66gd9fk9jnm0yfibrff57-cargo-package-unsafe-libyaml-0.2.11.drv'
deleting '/nix/store/07h79p69q2bhv79sz1rfazbmlbdmphr9-cargo-src-nix-derivation-0.1.0.drv'
deleting '/nix/store/lbjxkdb566acz2yigsk2zjhgipyinf6m-cargo-src-hash32-0.3.1.drv'
deleting '/nix/store/5ym8cgpmrflfhjzn6667gjxy3qqlpxlz-cargo-package-serde-1.0.229.drv'
deleting '/nix/store/jgz65nn03qhprpjliznjmb33i8c2swg0-cargo-src-serde-1.0.229.drv'
deleting '/nix/store/jld34fj7s3hd4kgfs3csjv383ganf43d-container-full-model.sh'
deleting '/nix/store/cgsvl1frbc8y90czilzg52h3x39bijbj-cargo-package-syn-1.0.109'
deleting '/nix/store/1ngxj64g7xahvvz04a0vzq4dlkr1glsv-cargo-package-syn-1.0.109.drv'
deleting '/nix/store/nkfrgzdlmwgih2dfvp2sbk985kc80bx4-just-1.55.1-vendor-staging.drv'
deleting '/nix/store/bmv0w54xbljyl2w057a1jfp16ngjdrj7-source.drv'
deleting '/nix/store/gh1ipg6ili24fac3ij8s7rypc9w2mpsh-rust-std-1.88.0-x86_64-unknown-linux-gnu.tar.xz.drv'
deleting '/nix/store/37r6lx417la62ac0b5y1jk4k3kzpaiq4-adns-1.6.1.tar.gz.drv'
deleting '/nix/store/arzl0n6ny4zbrnmk6cp1ihbssry2vdpz-e2fsprogs-1.47.3.tar.xz.drv'
deleting '/nix/store/gb9x278m21yhjq8kf5qgk0j2jc58l4m4-cargo-src-windows-registry-0.6.1.drv'
deleting '/nix/store/dam27iccv7ac6n6jrq577qkigi80gdmc-cargo-package-synstructure-0.13.2'
deleting '/nix/store/d88646dxpl0dnqxjk40cg3p4lqgf0gfv-cargo-package-synstructure-0.13.2.drv'
deleting '/nix/store/fm0yjb0lcdvzbd972iimv8rc4vbknfyx-cargo-src-pin-project-internal-1.1.11.drv'
deleting '/nix/store/wwrm07bsifrq1ydq750bizigsrgzdjjh-crate-windows_i686_msvc-0.48.5.tar.gz.drv'
deleting '/nix/store/yqzn7v54d0d1k82cplgvcb8hkax1zfbx-rust-src-1.96.1.tar.gz.drv'
deleting '/nix/store/0zpydfkqdyd0jja0vdmi54gx4jfd10ih-rust-src-1.96.1.tar.gz'
deleting '/nix/store/ln65ylx7vqyil08kl0x6v4s1r3rlz7ck-cargo-package-rusty-fork-0.3.1'
deleting '/nix/store/4xf6zl1q35191hkzp851bp5rr1wbnf0y-cargo-package-rusty-fork-0.3.1.drv'
deleting '/nix/store/4qzbibrm7dkc2qq77khx0mswb6nbii66-cargo-src-count-write-0.1.0.drv'
deleting '/nix/store/a2z3424kwnasl5zr777b1byf97cjsrb4-cargo-src-hyper-1.8.1.drv'
deleting '/nix/store/lgxg23clr7xaxk4lqmz5zhv60mwakr8n-db-5.3.28.drv'
deleting '/nix/store/mdq83fxfns3307wf3l6wyqx4mmfbida5-db-5.3.28.tar.gz.drv'
deleting '/nix/store/w46h6cwwhdl79lnk43808sqf35psbg83-clippy-nightly-x86_64-unknown-linux-gnu.tar.xz.drv'
deleting '/nix/store/cs73mvbdza95l95kr37csa4pcnzz2kpb-cargo-src-wasm-bindgen-shared-0.2.117.drv'
deleting '/nix/store/q9d8blqs0vdp9rp0qdz6g4rwvwldj6w5-cargo-package-slab-0.4.12.drv'
deleting '/nix/store/g0y2004zxpw6a95jrmhdy1kgzw70qak2-cargo-package-slab-0.4.12'
deleting '/nix/store/4z96qzk14rnlwfn884g0jyh6qa9vabgb-cargo-src-slab-0.4.12.drv'
deleting '/nix/store/cwsr8awfjgzm35cbxpvmsi7hwflf5jmw-parser-combinators-1.3.1.tar.gz.drv'
deleting '/nix/store/ddjsw9gryi9sb8p983g62mhx698vfysh-crate-wasmparser-0.220.1.tar.gz.drv'
deleting '/nix/store/h86m9w45zm5g0diq2qgd2c94wf8irvm7-cargo-src-async-stream-0.3.6.drv'
deleting '/nix/store/hv4l7cpwznffinp3vmkji1knmq7pmsdn-cargo-src-web-sys-0.3.94.drv'
deleting '/nix/store/3hlzdyxc5p1f3kbg7h7ngxa6giil5j0b-cargo-src-rand-0.9.5.drv'
deleting '/nix/store/d61ly4aw0fj8hkvqzg9xrn1crpwynrzs-cargo-src-zerofrom-derive-0.1.7.drv'
deleting '/nix/store/jlrh915dsljznlb8kzmmh6z9z8qffyvf-cargo-src-iana-time-zone-0.1.65.drv'
deleting '/nix/store/pb8bzzs832b74dnys5hqpj5vwmla3irq-crate-castaway-0.1.2.tar.gz.drv'
deleting '/nix/store/n86lz6sz7awdx5c03wfpa9ashz2bak32-void-0.7.4.tar.gz.drv'
deleting '/nix/store/fs81m4fdw0hhyizw39pwxsi3ib1ihpwf-cargo-src-aho-corasick-1.1.5.drv'
deleting '/nix/store/phl92n8dfj28jlyg35yqa2qi2cxykvq1-crate-portable-atomic-1.11.1.tar.gz.drv'
deleting '/nix/store/jxgmsrgkbikgha1mp70f6mwk33lgjby8-cargo-src-humantime-2.3.0.drv'
deleting '/nix/store/h97xxk4dw7gxmfqnqlv4si6dwrvlw26p-text-iso8601-0.1.1-r2.cabal.drv'
deleting '/nix/store/ml0s7wxphp5pa6jv0wqnzs92ganjz0lf-crate-is_terminal_polyfill-1.70.2.tar.gz.drv'
deleting '/nix/store/wvsrlb1q4yd0rbwfcyyldc7ryghyb90i-cargo-src-toml-0.8.23.drv'
deleting '/nix/store/nc136bjrk62zjz7bw6146qjbm7j5chdg-cargo-package-anstyle-1.0.14.drv'
deleting '/nix/store/13lvcxcw6w7ahqwz81cv0r6m4q5v82bv-cargo-package-anstyle-1.0.14'
deleting '/nix/store/p1pc87chksnbacyg0qnzckysafabdz3z-crate-rayon-core-1.13.0.tar.gz.drv'
deleting '/nix/store/cdl61wy3nq8p6mj5pr9i2g4mkxa59xfn-Cargo.toml.drv'
deleting '/nix/store/mljcvyfl6fg3v5cclif777s9ydh21bbq-cargo-package-jiff-0.2.35.lock'
deleting '/nix/store/zknl891ipra4fmfsdrx2im1mk6nk05wd-crate-socket2-0.6.1.tar.gz.drv'
deleting '/nix/store/6dfs054704pzs5ywcy8s5gywfjwbp92r-ChasingBottoms-1.3.1.17.drv'
deleting '/nix/store/7wlpvhanwb836cqf00kn228x22xaczwy-syb-0.7.2.4.drv'
deleting '/nix/store/sxb4kv23c2ap3prs6bmgan1yv1shib3k-snapshot-replay-smoke.sh'
deleting '/nix/store/z2mlz13g367jn04g3bv8qabag734a3iz-cargo-src-erased-serde-0.4.10.drv'
deleting '/nix/store/gl23227xr9szayr6bgm9msjazi5lqxb3-uthash-2.4.0.drv'
deleting '/nix/store/3chfkp0kq4bw0r0gdj05mzw1cx4gixbi-prune-libtool-files.drv'
deleting '/nix/store/hxfh827jhqnrzxk79nm5nsxdj80m8wgg-Cargo.toml.drv'
deleting '/nix/store/f3806j96x3gzp8612imkpasxq9knyxq9-cargo-src-linkme-0.3.35.drv'
deleting '/nix/store/6fgahrkn07wcjx21xjp24xsni9qv1dq4-Cargo.lock'
deleting '/nix/store/xa5spsd4sj3akkskq7f8lq4l66ygsasw-cargo-src-vm-memory-0.17.1.drv'
deleting '/nix/store/31g68cdff0v9j73ikaffwxjdkklbk6ga-source.drv'
deleting '/nix/store/hpaaspz1cx0lbbid8yk422vggs53lvd2-crate-regex-syntax-0.8.8.tar.gz.drv'
deleting '/nix/store/vpkjimy1vjp0gvpp51y5y5cxgqqi0jwg-cargo-src-safe_arch-1.2.0.drv'
deleting '/nix/store/5h4bm6x86s5qpl6yzwi70g3dbysri4cy-cargo-src-gix-blame-0.11.0.drv'
deleting '/nix/store/axrxzr6hql8van02insbgz05g07jhlar-cargo-package-petgraph-0.8.3'
deleting '/nix/store/4aw98lcjkgvfbxgz3z4fwkd12s9hyfsd-cargo-package-petgraph-0.8.3.drv'
deleting '/nix/store/bpyakviw5aqzxsrlfxv53r71bqb7wdh7-cargo-src-async-stream-impl-0.3.6.drv'
deleting '/nix/store/ba1bwqqpmk8bjf444p344p44qhl9q4cp-cargo-src-wasm-bindgen-macro-support-0.2.117.drv'
deleting '/nix/store/jv70hvxczgzn36162vw3z29f085mbgyz-source.drv'
deleting '/nix/store/mhi45zliliv6qhvhb8g5sycy3jpv47rf-nixfmt-1.3.1'
deleting '/nix/store/ya4pizig7vm9z8yb1xvpbxakms0q6avk-cargo-src-dbs-snapshot-1.5.2.drv'
deleting '/nix/store/wjq7hqjzpb2zlqaax96ql3xb5mr20847-crate-windows_x86_64_gnu-0.53.1.tar.gz.drv'
deleting '/nix/store/xs7b2ciyc96fz1wlyd4s52lc4khxlcrd-cargo-package-bytesize-2.3.1.drv'
deleting '/nix/store/pfrbdxyk3d5brch22l1g71a2w5glhh2x-cargo-package-bytesize-2.3.1'
deleting '/nix/store/gf2cks4bg606yh62ln111f50fiij0sjb-cargo-src-regalloc2-0.11.2.drv'
deleting '/nix/store/wxgafmr0cvr2lcygvgky827dq7068wnz-cargo-package-windows-core-0.62.2'
deleting '/nix/store/9pm924nqxzz8ji0f87blmcsxpqjfma3a-cargo-package-windows-core-0.62.2.drv'
deleting '/nix/store/5w1pwy8qdq99mhb22yrlv5sn0q0c4fwg-cargo-src-windows-core-0.62.2.drv'
deleting '/nix/store/qwhy16gx81ghn0xdb5yc32lpb1yjgzw7-dkjson-2.8-2.rockspec.drv'
deleting '/nix/store/7rll4jnv8b63a3i7jzlwr506c7z6sad3-cargo-src-redox_syscall-0.7.3.drv'
deleting '/nix/store/hbgbxlb6prdjmkl1wcr2r9367wz2cm5v-cargo-src-darling_macro-0.20.11.drv'
deleting '/nix/store/rqcdzpkjbjkck4rvvrcvf3m0ga9b2dzh-cargo-package-anstyle-wincon-3.0.11.drv'
deleting '/nix/store/pk23ilrx6kp65fpwcjgzq6zvva6hkwsl-cargo-package-anstyle-wincon-3.0.11'
deleting '/nix/store/jqsgf7d02ypk3zlc01yyqkz5dqxq51x3-cargo-package-byteorder-1.5.0'
deleting '/nix/store/76nwlv7j4rn2zhmwxs6c952vglmff5dj-cargo-package-byteorder-1.5.0.drv'
deleting '/nix/store/lya878b9b90lwqyqrk3vnjqhaha8ijlg-cargo-src-rand-0.8.8.drv'
deleting '/nix/store/lqsb7sckbc3dvwz4riicwr2bx16w889n-cargo-src-tokio-retry-0.3.0.drv'
deleting '/nix/store/ldqln4q9qz96kwzdfqr2kq4dr8lh4m1l-v0.24.1.tar.gz.drv'
deleting '/nix/store/5zshfb7c8sn892c22cdxhr6pw19h5a8l-cargo-src-gix-actor-0.40.0.drv'
deleting '/nix/store/imji4q0y6pckv4naas941svwazfza048-wl-pprint-annotated-0.1.0.1-r4.cabal.drv'
deleting '/nix/store/c5x34a9sh72xsfhrm4yanp7hbnzbkzm3-cargo-src-curl-sys-0.4.85+curl-8.18.0.drv'
deleting '/nix/store/fvmpsf0p8mpyh6nkr5vn27905dayh8sa-cargo-package-windows-interface-0.59.3.drv'
deleting '/nix/store/a4a6w5bwhvyjq5zcz080i6fjay181ywk-cargo-package-windows-interface-0.59.3'
deleting '/nix/store/hx5shjdy2wc9gh0k99ydxriwlh2x2dsn-cargo-src-derive_builder_macro-0.20.2.drv'
deleting '/nix/store/6jvn20943hcz4nphy7nvlayzjr0f8n6i-cargo-package-plotters-svg-0.3.7'
deleting '/nix/store/192hmplhw404qr9wlxjrxyvsdbad2rg9-cargo-package-plotters-svg-0.3.7.drv'
deleting '/nix/store/7xiz63faqz75hw09wv4c6p9rf16zbvxy-cargo-package-strum-0.26.3'
deleting '/nix/store/72v5l7allnbngn9cf0phydlx7sx68zy4-cargo-package-strum-0.26.3.drv'
deleting '/nix/store/18f9v3fy8vqmzivkd5xj6gxw210f7hrm-cargo-src-zerovec-derive-0.11.3.drv'
deleting '/nix/store/zkhg2n7006vka83j2mybsggq7cgy975v-cargo-src-plain-0.2.3.drv'
deleting '/nix/store/96w3r5wa6dg296nmnhs8y91z5r6vz2z2-lifted-base-0.2.3.12.tar.gz.drv'
deleting '/nix/store/qzqwn9aw1dc2b4jc8n4c2ccypdv7l303-cargo-src-nickel-lang-vector-0.2.0.drv'
deleting '/nix/store/db7q23jqn281z7ws53v63kxn7ijhkwds-cargo-package-itoa-1.0.18.drv'
deleting '/nix/store/bzx4bn0sz84sdnws9ibsx10cxkig8w68-cargo-package-itoa-1.0.18'
deleting '/nix/store/yf7kk4shfnc35wf1xalkz9lklh1xb7pg-cargo-src-bytesize-2.3.1.drv'
deleting '/nix/store/rqkxn10qy5gis2qp25j6saiprzi5x6w9-libssh2-1.11.0.tar.gz.drv'
deleting '/nix/store/5wdg6kqnbyd3dy1dfkp8qgdxnlysy4zm-crunch-spacewasm-core'
deleting '/nix/store/bsq10z95j73b9py522kazx2c9r5531s9-cargo-src-schannel-0.1.28.drv'
deleting '/nix/store/ljfsqkk8zhci9dda0ni5qkbiyj3v1q29-wasmtime-41.0.3-vendor-staging.drv'
deleting '/nix/store/v0pzm73d0c0dhg51x41wvd16pzlcmqbg-cargo-package-is_terminal_polyfill-1.70.2'
deleting '/nix/store/04pzgys9vkxhlbl84fm7mh68ii51arq6-cargo-package-is_terminal_polyfill-1.70.2.drv'
deleting '/nix/store/c99ihlhb2lh875spzsl6rnc4058grxvn-autoconf-2.71.tar.xz.drv'
deleting '/nix/store/z1337xa96x1jj80zfk5pxyiy3pxv7x90-cargo-src-gix-path-0.11.2.drv'
deleting '/nix/store/y6f9brr8hg99jw0kjh380jpb6crr6i0z-jq-path.patch.drv'
deleting '/nix/store/00qr10y7z2fcvrp9b2m46710nkjvj55z-update-autotools-gnu-config-scripts.sh'
deleting '/nix/store/ibs3agn31zzy9c54xmjllgh48cy323l5-megaparsec-9.7.0.tar.gz.drv'
deleting '/nix/store/gqih28jj05prwsrvsblx1sfwciq413pw-cargo-src-toml_write-0.1.2.drv'
deleting '/nix/store/ja32kr3lpmldpp70q0h9wc8xly6cxzpx-cargo-src-gix-worktree-state-0.28.0.drv'
deleting '/nix/store/ii57mavjw79drfn6x55vzcyfpisz3kv3-cargo-package-windows_i686_msvc-0.52.6.drv'
deleting '/nix/store/f4y40gny84mxwd6qvqhv7wn790l2jbf3-cargo-package-windows_i686_msvc-0.52.6'
deleting '/nix/store/pfrxrcrsvnjfwlwly55q9x0l7alj4nlx-cargo-src-libloading-0.9.0.drv'
deleting '/nix/store/7rrzdxm7nag0kqf58vhkk0kv0jn50z6d-source.drv'
deleting '/nix/store/cdjva2xspz1snk60hb0jh77r24m94f1i-source'
deleting '/nix/store/yh4qpzj4ydslxvxld7fsyjn6rf53wa2i-mediator_lua-1.1.2-0.rockspec.drv'
deleting '/nix/store/hbd9bkhy0x7qfnl8p85793hh45yzdzsy-attr-2.5.1.tar.gz.drv'
deleting '/nix/store/dn5b85a961wv5ywcbfmj7w82s4415kr6-clock-0.8.4.drv'
deleting '/nix/store/wyics6hqs2ddiyjs9dn0p90qdyrkyins-memchr-2.8.2.lock'
deleting '/nix/store/akjakcn3ijgxf4bvyq3a0h5kzwag9clh-crate-windows_i686_gnu-0.53.1.tar.gz.drv'
deleting '/nix/store/6jhbn2g5v2lbwilihfdsypnsk3p0nc3q-cargo-src-malachite-q-0.9.2.drv'
deleting '/nix/store/icfwnazk13zl1vq6azmi8b683azq5jp0-cargo-src-getset-0.1.6.drv'
deleting '/nix/store/zjyvriwzp0j8drvk3n2jaywwws3r57l9-cargo-src-memmap2-0.9.10.drv'
deleting '/nix/store/l0fyz7ld32r7rlgcss8cvhqzq1npqqrk-cargo-src-smoltcp-0.12.0.drv'
deleting '/nix/store/0bmmg6xn0jnicvp7jk099k6356n32m0k-lambda-ICE-PR109241.patch'
deleting '/nix/store/b49fcl867m0c2dks0d5kqgngp5h4zw87-cargo-src-clap-4.5.59.drv'
deleting '/nix/store/j4bcr8pz8khqdlnl8lfhqanphj4rmhq4-cargo-package-prettyplease-0.2.37'
deleting '/nix/store/06f7d3dm33rq4wypvfpq37zd0d1xzssp-cargo-package-prettyplease-0.2.37.drv'
deleting '/nix/store/vlrzm9aj2gqjffc7pcrblfzrlc5lr1ps-cargo-src-hybrid-array-0.4.13.drv'
deleting '/nix/store/pqlirh9hfgg7qgqz2w5zwlry18chfm51-crate-idna_adapter-1.2.1.tar.gz.drv'
deleting '/nix/store/19zm8r84jqs6c0i66xhsq5x3v5a90sza-Cargo.toml.drv'
deleting '/nix/store/51pj57xlpckd2ziqw74pnirdnh9yk3b1-cargo-src-ureq-proto-0.6.0.drv'
deleting '/nix/store/gadjkz6fbfsx4z6p8b6acj5w34r34r8w-code-page-0.2.1.tar.gz.drv'
deleting '/nix/store/r78x17gnpk8y1csx6ild909wnz3x6z69-stylua-2.5.2-vendor-staging.drv'
deleting '/nix/store/fwpsisyr31qji85r0dp6n72yvcg7nnbm-ed-1.19.tar.lz.drv'
deleting '/nix/store/1dv2fwa67ik9z90abzv66j1fqb8px82g-cargo-src-typed-builder-macro-0.22.0.drv'
deleting '/nix/store/hyaq10pknsffwy0rn33v2z1l4481qdpq-cargo-src-wasm-bindgen-shared-0.2.108.drv'
deleting '/nix/store/jkgfvdydpa484ksiq237b0kkyk9rc9yg-cargo-src-wasm-streams-0.5.0.drv'
deleting '/nix/store/lfc29q9h2hqm244vc25l39xkm9y54prm-cargo-src-strum-0.26.3.drv'
deleting '/nix/store/yx4dcbgnc239ymvvmx07aw34i3nq9697-safe-exceptions-0.1.7.4.tar.gz.drv'
deleting '/nix/store/pnav5abz9bdy89bwfxdh4faz6dhyi2xn-v4.1.0.tar.gz.drv'
deleting '/nix/store/wv926awb6p8rxsypmzgi5v3sdnv7bpr0-cc-1.2.41'
deleting '/nix/store/ckzrg0f0bdyx8rf703nc61r3hz5yys9q-builder.sh'
deleting '/nix/store/ncc0r541pihfxzf3jiyx9yzy93l65jv2-source.drv'
deleting '/nix/store/a3kg5zkb2dbm3zd15ngknmzn90zq37xa-source'
deleting '/nix/store/5ky4zz2izmb5nvjzi5nkxi0g3hf7zafv-hexdump-util-linux-minimal-2.41.3.drv'
deleting '/nix/store/5ib6lxzbfragwdb8ac6hqh0zdbmckdfz-cargo-src-cranelift-codegen-0.116.1.drv'
deleting '/nix/store/p7rppwd522s5c019gzv1faq4ns67x72x-cargo-package-sha3-0.10.8.drv'
deleting '/nix/store/ijca6151kh5rkcjz9y1s4l3m651mm7bv-cargo-package-sha3-0.10.8'
deleting '/nix/store/q4sd2i11yqlhlvnx3g19gc09wshvp2ha-cargo-src-tracy-client-sys-0.28.0.drv'
deleting '/nix/store/h304knjq6mpyxxlzk8xa50zx6137wpq5-cargo-src-crc64-1.0.0.drv'
deleting '/nix/store/zmspb8jbanmdkv34qkzzh50a2j8hpf91-cargo-src-cargo-platform-0.1.9.drv'
deleting '/nix/store/ikb6c4iaf20jzfm15224k1wnvwqsg8d2-cargo-src-chapter-tgz-0.1.0.drv'
deleting '/nix/store/k0sdz5axdrz91sq05dkryx4ksmq3jvq4-pyo3-macros-backend-0.26.0'
deleting '/nix/store/xbqjrimzhvfznwrkr0pal0awbg5ri6gm-cargo-package-radix_trie-0.2.1'
deleting '/nix/store/gpcr441f9mc48hgff4f5h0jir7l9qmjy-cargo-package-radix_trie-0.2.1.drv'
deleting '/nix/store/dz9lbhqiwxdigjjyazzg52hnsbvjah76-binding-wasm32-wasi-0.99.0.tgz.drv'
deleting '/nix/store/kzwai69ysdmpzq5bpjdnilbbfa90czsy-Cargo.toml.drv'
deleting '/nix/store/qvcjm9ahp3x06psbxgz1pvxkvvf24bya-cargo-src-fs2-0.4.3.drv'
deleting '/nix/store/hxidggx56yvwkh8d46n2wc8bcmd0ma4d-parser-combinators-1.3.1.tar.gz.drv'
deleting '/nix/store/5r7mg95bwfsgjfwvn05ybajwwl10msdq-cargo-src-serde_derive-1.0.229.drv'
deleting '/nix/store/489qqjsq58cip2yb4gjgrmwkmv5ang3y-crate-event-listener-2.5.3.tar.gz.drv'
deleting '/nix/store/frv3mfnb5gi7qjg7mi4848bmlga4pk9k-cargo-src-predicates-core-1.0.10.drv'
deleting '/nix/store/ly4bk0mxr1d956f21w30idkvhhkkxlvf-libxcrypt-4.4.36.tar.xz.drv'
deleting '/nix/store/n2xf6si0pijkkhqiar9pw69p3vjp04r3-cargo-package-zerocopy-derive-0.8.39'
deleting '/nix/store/hmd86p87scfc3q6qcld9z6bzhb4a68a6-cargo-package-zerocopy-derive-0.8.39.drv'
deleting '/nix/store/xf2m39zyczirg69qh38amgd7yw0l2x7i-cargo-package-diatomic-waker-0.2.3.drv'
deleting '/nix/store/p2vagv22j7s3wa846gyk6q5cp61nqmfz-cargo-package-diatomic-waker-0.2.3'
deleting '/nix/store/5j0c0qblhrclkzjw02ljvcy79c8qvk6v-cargo-src-diatomic-waker-0.2.3.drv'
deleting '/nix/store/ngkw82s96sb1x2knalkcf8m7a1j20ybx-cargo-src-blake3-1.8.2.drv'
deleting '/nix/store/98rcxjyqbq77c795xiy5icrdb5maqlnq-crossbeam-utils-0.8.21.drv'
deleting '/nix/store/851zn69dm5xj8g18is7zbq2x52kxslh7-cargo-src-gix-shallow-0.10.0.drv'
deleting '/nix/store/z088s9nv4b9hqd7f5ndn3ls4imxak6w6-cargo-package-parking_lot_core-0.9.12'
deleting '/nix/store/k83m78rqm70rbgkzsgky0d4if4d9bcqk-cargo-package-parking_lot_core-0.9.12.drv'
deleting '/nix/store/2ds7p5xwak9q3n1y19i8l096d93d786x-Cargo.toml.drv'
deleting '/nix/store/mpn9lgv9drrwqy543l84hlkm72krni3z-cargo-src-prost-wkt-0.7.1.drv'
deleting '/nix/store/rihzml3mk7ll36l2ll2qv0yq63gaipdv-cargo-src-virtio-bindings-0.2.6.drv'
deleting '/nix/store/nlnhvs1gqpnx47qjaf9qn0zmr7w8ggpc-setup.sh'
deleting '/nix/store/kvyraz15x89ayk72y4g9jx0dzcjmkwrx-cargo-package-pulldown-cmark-to-cmark-22.0.0.drv'
deleting '/nix/store/4n1qsnlvxpj0xr4f3samqhr0p8v9jshj-cargo-package-pulldown-cmark-to-cmark-22.0.0'
deleting '/nix/store/ngjazpnsdnfa6dcyfafjvdchadm81251-cargo-package-tracing-log-0.2.0'
deleting '/nix/store/i73xrkz3xp1ajbslxvr1y0cvlr2brwr2-cargo-package-tracing-log-0.2.0.drv'
deleting '/nix/store/cxg7c9g0w65a6m0hycbh01ncy7jda092-cargo-src-memfd-0.6.5.drv'
deleting '/nix/store/g31c99rsnc6z35alggkw0y0mhrp2fcis-source.drv'
deleting '/nix/store/4jcr78v8bmix98icpsnp4p1pb85rp5yx-cargo-src-malachite-float-0.9.2.drv'
deleting '/nix/store/yjx70x0897gmc4l5a4afg6lc70l8gh79-rust-std-nightly-aarch64-apple-darwin.tar.xz.drv'
deleting '/nix/store/7zp972khs8j6nk08aiq5q1dd8fc5p9c4-crate-rustix-1.1.2.tar.gz.drv'
deleting '/nix/store/1pd4rhyl94q1mn9mxsy4xngbxcfqwybv-cargo-src-gix-mailmap-0.32.0.drv'
deleting '/nix/store/mpsdziwifis96amqjpabw73lnq6x9yb5-cargo-package-toml_writer-1.0.6+spec-1.1.0.drv'
deleting '/nix/store/ljjb880s9jwxwvd10n896208r57iabk6-cargo-package-toml_writer-1.0.6+spec-1.1.0'
deleting '/nix/store/18lp3fi99sgnq9li267dfhcabm1xkmkd-cargo-package-regex-automata-0.4.18.drv'
deleting '/nix/store/0k9hy2921lsbfvh0m7z8fj06491nicg0-cargo-src-regex-automata-0.4.18.drv'
deleting '/nix/store/9nd3zsig3rx3fg18h9sawgqgh96jfxvs-vector-stream-0.1.0.1-r4.cabal.drv'
deleting '/nix/store/wvqkzq8kfgc80798x2db5v9vgm90ryzs-Cargo.toml.drv'
deleting '/nix/store/a1glxvsr4ab85j4fbvw9y9qijjp3s32c-crate-unicode-ident-1.0.19.tar.gz.drv'
deleting '/nix/store/8298da1p08nhxpglcqgg1w7qpi6420rs-netstat-net-tools-2.10.drv'
deleting '/nix/store/kr6il8463p1zcr5qy1kp80jsklvgjywl-cargo-src-unicase-2.9.0.drv'
deleting '/nix/store/3li16r0bi4qs2l8py208ccyd98q224s6-cargo-src-socket2-0.6.3.drv'
deleting '/nix/store/icl6qac3dd9wimcmxz7pmma8jfiikkkj-crate-camino-1.2.2.tar.gz.drv'
deleting '/nix/store/qpd16pdg3xq4swml7xfclhwa19f2zp2w-old-time-1.1.0.4.tar.gz.drv'
deleting '/nix/store/5csq0mfhjvxmf4vrrm2d4l63va5m70p1-cargo-src-clap_builder-4.5.59.drv'
deleting '/nix/store/84ya1dhahal4dqldpppzsr217xrplsrw-cargo-src-crc32fast-1.5.1.lock'
deleting '/nix/store/hhxwnfalaqwznkwnm2apgd3f471wm5ra-vim-command-check-hook.sh'
deleting '/nix/store/3b4bd42wvfvfnzrc9cqab0qfq2zmspp7-cargo-src-axum-0.8.8.drv'
deleting '/nix/store/1mp7592la2pc9asgpjpm0s8f24d6f943-cargo-src-zerocopy-derive-0.8.56.drv'
deleting '/nix/store/p9a2iwnm1vvhzgw2ldzq1vp2ngz08nws-cargo-src-zstd-sys-2.0.16+zstd.1.5.7.drv'
deleting '/nix/store/vw39ry751iahys5xxhwrvkqrb9qfi81l-time-compat-1.9.8.tar.gz.drv'
deleting '/nix/store/qmgc3q768ach39zc49xsfxzpn9m40pq0-cargo-package-constant_time_eq-0.4.2.drv'
deleting '/nix/store/pfs0yb3sl8jqs3xnqbv69z9zdjsbbdnj-muse-pi-turn-self-test.drv'
deleting '/nix/store/nv8fafc4miwvahd8b1xz4svpgyarjhk2-muse-pi-turn-self-test'
deleting '/nix/store/p5c45fxajwx9jknrig5wmzd620lj5niy-rustfmt-nightly-1.92.0.drv'
deleting '/nix/store/b39gh15y0c1gspxrjq8x4nq3xrbm3157-cargo-src-cargo_metadata-0.23.1.drv'
deleting '/nix/store/qcww6v4cvvscbzikr0ql8gs6ppn02d8i-cargo-src-gix-command-0.8.0.drv'
deleting '/nix/store/fv5bawvn22k4z6vvm40n190vwih1393s-cargo-src-zerocopy-0.8.39.drv'
deleting '/nix/store/dqmpga9wfrsnpbdkq1r3p1g6p07qydm8-source.drv'
deleting '/nix/store/4hxkjbwxijsqyvcxmwfmfyi7bxkwypjr-cargo-package-jiff-tzdb-platform-0.1.3'
deleting '/nix/store/1vy9z0190jwllj25riyy1z00khy3hqrl-cargo-package-jiff-tzdb-platform-0.1.3.drv'
deleting '/nix/store/ajzh4na3j9j503rh3b9wgdwmlk7c2isy-default-vimrc.drv'
deleting '/nix/store/bkxlrgvh0hxzz036g1bsy6w09jg9g7hz-cargo-src-crc64-2.0.0.drv'
deleting '/nix/store/xb2s2kjgl3r1gbm9bynd97lzn9xcp1c8-pretty-simple-4.1.4.0.tar.gz.drv'
deleting '/nix/store/2dqsiy4gzyghk6lclxm25pnvla2m8kr0-cargo-src-libgit2-sys-0.18.3+1.9.2.drv'
deleting '/nix/store/id3lhlrpyd6x0x4v60rd6rd4d704m5ga-cargo-package-allocator-api2-0.2.21'
deleting '/nix/store/a67jdkypgdbw1ms90ydpmpyc9f2541x2-cargo-package-allocator-api2-0.2.21.drv'
deleting '/nix/store/7v6yf6vhx12pwrrvz848wpj157a6b18v-Cargo.toml.drv'
deleting '/nix/store/7f2qp4kzxi11h1i0670pah6kak49ah68-Cargo.toml.drv'
deleting '/nix/store/r3wb4bg7rd0kfcir6kkw0qvvp2vsvdm5-cargo-src-cranelift-bitset-0.116.1.drv'
deleting '/nix/store/m38h4fh6qnvnavrh68y1cpgr8w8ixiq6-cargo-src-filetime-0.2.29.drv'
deleting '/nix/store/zw1pypi3mjpijwa13xkihjdcmcac2h9s-cargo-src-matchit-0.8.4.drv'
deleting '/nix/store/j5vc7xbfhryzbz03ch7r62fw13j3p61b-cargo-src-quinn-0.11.9.drv'
deleting '/nix/store/9azln05dlcik76ws2sr15vq7gapn332l-cargo-1.91.1-x86_64-unknown-linux-gnu.tar.xz.drv'
deleting '/nix/store/lkb1b33c8a5vyvj2ahq3mldlwdljbadc-crate-jiff-0.2.28.tar.gz.drv'
deleting '/nix/store/704fvdf1ihvikmb7jqbwkj2792m8rzh7-crate-jiff-0.2.28.tar.gz'
deleting '/nix/store/2kgl8g0vw06b3iqk0kwaa3h5m6fi5wqv-xz-5.4.4.tar.bz2.drv'
deleting '/nix/store/cr6a9czxw2dkdc5d3vxspwrwqgcfsgm0-rustfmt-1.95.0.drv'
deleting '/nix/store/1d5qahcmsdw7rhz05mi0l8sz7id7f4z5-Cargo.toml.drv'
deleting '/nix/store/6ylnc54jr0rkdh4w8p59rd80qqzmhxwd-cargo-src-rstest_macros-0.26.1.drv'
deleting '/nix/store/kw9lf9jh79ll86qpsp0y03p9mx1gvhyk-crate-zerovec-0.11.5.tar.gz.drv'
deleting '/nix/store/hg12rvpxkg8fbra8aj0zrb0yk4l3jhif-lib.rs'
deleting '/nix/store/ri5v0i6x464issrpdvmlhv4h8v2mb585-cargo-src-env_logger-0.11.11.lock'
deleting '/nix/store/fkazsqw2740m2sifj7f197k7ncfqa779-cargo-src-cranelift-codegen-meta-0.116.1.drv'
deleting '/nix/store/mz3rswa5q3y1d57x7a3mssn3b303mngm-cargo-src-clap-verbosity-flag-3.0.4.drv'
deleting '/nix/store/s3bh8a4259w7viz6na3mz9zfrnidvpwd-cargo-src-iana-time-zone-haiku-0.1.2.drv'
deleting '/nix/store/qqqdpig455wjyxjsb95zvkpc74gxgz3d-cargo-src-byteorder-1.5.0.drv'
deleting '/nix/store/h9pw6rzniyhl757g39xmxbvz1hfar273-rust-std-1.91.1-wasm32-unknown-unknown.tar.xz.drv'
deleting '/nix/store/f999lwpm4fnr40hcrwvsvjhw6fpmp423-cargo-src-hyper-util-0.1.20.drv'
deleting '/nix/store/ln8s05zk6bl21945205aql3hhkxlw8aa-source.drv'
deleting '/nix/store/rhi5rf0kqapz4pggxkznqxga04an081h-cargo-src-libssh2-sys-0.3.1.drv'
deleting '/nix/store/plp8zzynn3b4ki1c95ylikp9jxa329n6-cargo-src-ref-cast-impl-1.0.25.drv'
deleting '/nix/store/ffhma3cvdly01bk97qhapr2dv5knw2bj-cargo-src-axum-core-0.5.6.drv'
deleting '/nix/store/4jwwba2k3lskklfmpd0gr8xjrz1g7wjw-builder.sh'
deleting '/nix/store/6q2x9zbh9rsm3y0gzkcgwf2s6mnvbsl8-wl-pprint-annotated-0.1.0.1.tar.gz.drv'
deleting '/nix/store/gzm6bf4v6d825k9sc5a537s33zpgv5jk-cargo-src-utf8-zero-0.8.1.drv'
deleting '/nix/store/2c90gp52cvdprpj314d86qii9qil4fkb-gettext-0.21.1.tar.gz.drv'
deleting '/nix/store/xj8d3ghbxfm5fjlh77hwhcxivlfy62s3-crate-wasmparser-0.220.1.tar.gz.lock'
deleting '/nix/store/qwd9xbw52pan7ij89hgzbdnzqdrbhv9h-cargo-src-futures-util-0.3.32.drv'
deleting '/nix/store/8ws9y3c8f0b1wrv10szvbg7pcxvc6ydk-source'
deleting '/nix/store/0raqy6h86fxz31900g5kq8f3hbcaz1hd-smallvec-1.15.1.drv'
deleting '/nix/store/hg5jd3139n67gjqiblx29ri2ggs3f6l7-crate-smallvec-1.15.1.tar.gz.drv'
deleting '/nix/store/k1wbvwzmh3c6qa65h6dc69pjpz0n9p3z-crate-wasmprinter-0.220.1.tar.gz.drv'
deleting '/nix/store/lc8wppjxz5vq2vlljjwd5xxi06yzyf2n-rust-std-nightly-x86_64-unknown-linux-gnu.tar.xz.drv'
deleting '/nix/store/0ywib4ygzvcwl488462js89r97iah00s-expat-2.5.0.tar.xz.drv'
deleting '/nix/store/c2mjc343spmgm9zqbyw82vk3qs54ya8j-vim-gen-doc-hook.sh'
deleting '/nix/store/zrh0h4qhsq2a87zyxc211iknich8yzyy-generate.sh'
deleting '/nix/store/8kh1179pw3dl0hjz8v1d0b5jdlrscsl0-cargo-src-tokio-macros-2.6.1.drv'
deleting '/nix/store/zzn3j633yp5nk76vykgdwbdnrwvs6b5b-cargo-package-futures-io-0.3.32.drv'
deleting '/nix/store/6589gj1hijfwqzkkab64lql0z9h8kqdn-cargo-package-futures-io-0.3.32'
deleting '/nix/store/6ylqjn7vxlyhf0s5fx8yd1bz487mvnlz-cargo-src-serde_urlencoded-0.7.1.drv'
deleting '/nix/store/qb8v4z2d3k5qzg1rzx2dgs05f89dz113-cargo-src-constant_time_eq-0.3.1.drv'
deleting '/nix/store/c9fbcfip5knk4yrwdlkyzq64v37x07a9-cargo-src-pulldown-cmark-to-cmark-22.0.0.drv'
deleting '/nix/store/9vrbv4qk7w7i71gcsbgmshhh2bysifqr-cargo-package-aliasable-0.1.3.drv'
deleting '/nix/store/8rqliqbxh6lk1iv07x8qph85wnxb1hsw-cargo-package-aliasable-0.1.3'
deleting '/nix/store/cmsxn73xjk1az3mmnvwnq977cd494v43-cargo-src-auto_impl-1.3.0.drv'
deleting '/nix/store/ji2yrl1na00bwav65hh1vr0nc0s1xzvz-add-flags.sh'
deleting '/nix/store/kp3d1ciic2crw3jisqm6pszjr50ygn7l-monad-control-1.0.3.1.tar.gz.drv'
deleting '/nix/store/rzifhml537z965hy2cc6ck3nywszvdns-muse-campaign'
deleting '/nix/store/fbiprf64fc7f6bqj70pxhybxc83n8vkp-neovim-require-check-hook.sh'
deleting '/nix/store/6ag4d1b8hqg5ahsg3wxskg1s0hw4pivw-source.drv'
deleting '/nix/store/diamcx6m2qx1abcl0qbbmijjspw4vmn9-text-short-0.1.6.tar.gz.drv'
deleting '/nix/store/mnb7hqqraj25kahjyw2lxlbxlahzd510-Cargo.toml.drv'
deleting '/nix/store/mxz0fp1h518bi0v6s75kfc93zzabqjlb-cargo-src-redb-3.1.1.drv'
deleting '/nix/store/1cwqp9msvi5z8517czfl88dd42yhrdwg-separate-debug-info.sh'
deleting '/nix/store/kphv7fxhnjzcdjblhhqzrm7ai5a18d5k-cargo-src-opentelemetry-proto-0.30.0.drv'
deleting '/nix/store/f36r4lngyi92zrldyxr9nw304avdd8j7-linux-6.5.tar.xz.drv'
deleting '/nix/store/sii7y85nz59f0fvzrmjin5i6bq97lprn-cargo-src-gix-negotiate-0.29.0.drv'
deleting '/nix/store/aka2n3vz0kf096fr4xk876vlqhj7jajj-cargo-src-zstd-safe-7.2.4.drv'
deleting '/nix/store/1cpgwvr7lxnpn249pb0rg31kbl53wcjw-cargo-src-prost-types-0.14.3.drv'
deleting '/nix/store/fxvq2rfm4p8nnrzcbpcf1sz4qazwvajk-crate-log-0.4.32.tar.gz.drv'
deleting '/nix/store/dqc0qgjag843qxwv4aw40mvhqlswc5q0-crate-http-0.2.12.tar.gz.drv'
deleting '/nix/store/1cz5md2vnk8y97rfmn3a47yjkzgn5db5-cargo-src-encode_unicode-1.0.0.drv'
deleting '/nix/store/2c3rayplb7z42086kmvdfg59svryyzpj-cargo-src-uluru-3.1.0.drv'
deleting '/nix/store/xgvpn7ms0bg190vxv04llr6z9md1zmqm-x86_64-unknown-linux-musl-nolibc-gcc-15.2.0.drv'
deleting '/nix/store/pq7yn2zrqlnliabcc4nnmnryir6w5w5r-cargo-src-tracing-0.1.44.drv'
deleting '/nix/store/8jgsnrhl131vgccdv9rcb1shccfsrga7-crate-anstyle-parse-0.2.7.tar.gz.drv'
deleting '/nix/store/lskr4vyb2w9i8kb23ccyjd24nrm49jri-cargo-src-cranelift-isle-0.116.1.drv'
deleting '/nix/store/i2kzf89bc02a71m1fl6ykzdfflgwb3q8-crate-find-msvc-tools-0.1.4.tar.gz.drv'
deleting '/nix/store/3mrcvij5zwn0766d815kachayjaijq0p-cargo-src-matchit-0.8.4.drv'
deleting '/nix/store/yzj10xxnwrikimclvd7npyl43c06faj8-cargo-src-tracing-opentelemetry-0.31.0.drv'
deleting '/nix/store/2bj31y096arrywspcfzhha874y6g87l8-crate-regex-1.12.4.tar.gz.drv'
deleting '/nix/store/lhmk0nlxd7wdmf2rib8y88cy3n4zn57w-cargo-src-zerotrie-0.2.4.drv'
deleting '/nix/store/49rgjd9j4pqhxm6571qnig6b55026hpb-cargo-src-gix-url-0.35.2.drv'
deleting '/nix/store/2jy8lnx1rmivyvwnhrcf8my03m4y9f0q-pnpm-config-hook.drv'
deleting '/nix/store/sl6pnbvwhym4klw5bmnavly1r6im8h5c-strict-0.5.1.tar.gz.drv'
deleting '/nix/store/k96yycifmwazikz2057sihd67j69b7fm-crate-pyo3-build-config-0.26.0.tar.gz.drv'
deleting '/nix/store/68jckxhyhchvnh3vwf8lai82jp50mrlg-cargo-src-env_filter-2.0.0.drv'
deleting '/nix/store/0s57klvwi8l5v60gyrys1jpwff6gxaha-cargo-src-windows-result-0.4.1.drv'
deleting '/nix/store/4wipk12yhil5abnwv6wyzs370xd2w0gz-cargo-src-rand_chacha-0.3.1.drv'
deleting '/nix/store/pd7vqm9b0fsnw57ivr3rk9vmv4993pfm-crate-pyo3-ffi-0.26.0.tar.gz.drv'
deleting '/nix/store/rbpv295qvm0p9wx11iasxin8dskclabn-cargo-src-bzip2-0.5.2.drv'
deleting '/nix/store/sn6b7f57qxmpj50zxvj1avc9kkwbqpw6-source.drv'
deleting '/nix/store/ycwm35msmsdi2qgjax1slmjffsmwy8am-write-mirror-list.sh'
deleting '/nix/store/jc1zibr68jfykc8alslqpigrjxcfkbk1-cargo-package-num-bigint-dig-0.8.6.drv'
deleting '/nix/store/f07dxvmbqli9dfxnxn1nx3gvvpilypvw-cargo-package-num-bigint-dig-0.8.6'
deleting '/nix/store/11jd1hsvw8xz52vd8fsga979vjx99kgl-cargo-src-zerocopy-derive-0.8.39.drv'
deleting '/nix/store/2v6djhpz7ni6wfvby1grd5v5s2walrvg-crate-idna-1.1.0.tar.gz.drv'
deleting '/nix/store/frk6jz4xkxqirspq93ks6d56n0vs4kb3-cargo-package-jiff-static-0.2.35.lock'
deleting '/nix/store/yk7p1qgkfxq8wiv051yvy5z5axqvqr6p-uuid-types-1.0.6.tar.gz.drv'
deleting '/nix/store/6g3dqbhwi9f4hdyhfmzdkcfj6vm1z05s-Cargo.toml.drv'
deleting '/nix/store/ylx2f5b1faj4klb7bxk76h3lhxrggjaw-source.drv'
deleting '/nix/store/wjzqqypc41f4zd0gz1rsz8c2kh1ix2hi-cargo-src-crc32fast-1.5.1.drv'
deleting '/nix/store/07bajr3r7j0j5fn5f0was82kj0mjw145-cargo-src-strum_macros-0.26.4.drv'
deleting '/nix/store/pggvxllf2snmknvkbd2qv8nyglqlsnzf-cargo-src-irpc-0.13.0.drv'
deleting '/nix/store/ry2pna8cqflz6q78sjk2mr2aixixzbx0-regex-tdfa-1.3.2.5.tar.gz.drv'
deleting '/nix/store/jilhi3mwhqrk8k2a8pkbn3v4nydbjmac-cargo-src-petgraph-0.8.3.drv'
deleting '/nix/store/lbghk5vrqgm9pg9gdxifn88rq56blx63-Cargo.toml.drv'
deleting '/nix/store/ncpw2dbsbp5gbiqvk1pclff2sj40qp6b-cargo-src-memoffset-0.6.5.drv'
deleting '/nix/store/krhhlpm9c4xjhn4pw3s8rg9zjxf49ssg-cargo-src-gix-config-value-0.17.1.drv'
deleting '/nix/store/4qxs8qpq9mj3k6fx4pvsq4rxz8a8fmjh-Cargo.toml.drv'
deleting '/nix/store/x8r6sx5xp4ds9z1sr42p174pjb937a21-source'
deleting '/nix/store/qr1sz2vbp7xhhjbm9nzk0b4z67za7pnd-Cargo.toml.drv'
deleting '/nix/store/kahb1g9g8ks5czwsrwghqj3dsd6s6pqm-cargo-src-futures-task-0.3.32.drv'
deleting '/nix/store/387b2hkabh1341qkjlbqgmp0mb481ipa-cargo-src-digest-0.11.3.drv'
deleting '/nix/store/m60b4jxz608pbgn95r11c1331qs8y7dn-cargo-src-toml_parser-1.1.2+spec-1.1.0.drv'
deleting '/nix/store/y1zf4ngxnifshc85j535z2dfw733xgzg-syb-0.7.2.4.tar.gz.drv'
deleting '/nix/store/qvwq9w5ss354gjzaj1qawma2nsxjmkjs-these-1.2.1.tar.gz.drv'
deleting '/nix/store/schrwdsislqvajyf5k491bp396r1wahq-indexed-traversable-0.1.4-r1.cabal.drv'
deleting '/nix/store/fiskwphw6vhv9phhczagx4fgv7y3xg2n-cargo-package-tinyvec-1.11.0'
deleting '/nix/store/6yxcfrhzq3ihafdhj1igllmagavlzqg6-cargo-package-tinyvec-1.11.0.drv'
deleting '/nix/store/yc8cl7b8gdx0lk7n77hw21rc83clijzs-ShellCheck-0.11.0.tar.gz.drv'
deleting '/nix/store/b9kgzlwiqjkf3pj19py28bvq5m6z9c5n-crate-anstyle-wincon-3.0.11.tar.gz.drv'
deleting '/nix/store/kriibaqdji6v5jkl95vg8r75v85js577-crate-percent-encoding-2.3.2.tar.gz.drv'
deleting '/nix/store/vhga19a20kysr3mayk8s0s6nlyhni5qr-crate-futures-io-0.3.31.tar.gz.drv'
deleting '/nix/store/n5sr4h52zqk5bx93fwxmw2dpb7kgamq3-nixfmt-check.lock'
deleting '/nix/store/34js6247hsin8na4gpdl443gfrf4y5ls-base64-bytestring-1.2.1.0.tar.gz.drv'
deleting '/nix/store/x48dgdnja3z0ddvnxrb6z1riqgw5igc1-crate-crossbeam-utils-0.8.21.tar.gz.drv'
deleting '/nix/store/8ax11klg95n7ywqp93x99wq0wkcpnwcg-source.lock'
deleting '/nix/store/cwg433pyzzqxn1gi1mylkl31q3sn4953-octet-policy-registry-check.lock'
deleting '/nix/store/qnlhxhd8ac7409j0hq5aqs9qwq6yyx15-cargo-src-log-0.4.34'
deleting '/nix/store/6r0jh5pckwj3pv7cmnk1cshnmvl7i27d-cargo-package-log-0.4.34.drv'
deleting '/nix/store/f2a5n229r5iy7qnvbhk68gqambz19nk8-cargo-src-log-0.4.34.drv'
deleting '/nix/store/6aq17rdx62k21zzfnv4qxiggbvadvhy7-source.lock'
deleting '/nix/store/3ma2ygyc9khw53ypzx6lbkrcl4m3fn3k-Cargo.lock'
deleting '/nix/store/qw25d64hp8lcphaqz7ggyp43v1p1xyy3-Cargo.toml.drv'
deleting '/nix/store/7p6h74g20rzzild5c4ig9k4qv0drh5qn-crate-windows_aarch64_msvc-0.53.1.tar.gz.drv'
deleting '/nix/store/nc6pcc3pzggllf202bgqvyiw2142rp12-cargo-src-toml_edit-0.25.4+spec-1.1.0.drv'
deleting '/nix/store/f00q5kw832g6y5lsysy184nm2vkl5f6r-integer-conversion-0.1.1-r1.cabal.drv'
deleting '/nix/store/z2njfbhqmba1aiiskp02ks6n01zaqhhv-cargo-src-tracing-indicatif-0.3.14.drv'
deleting '/nix/store/bw2qdckisgnqwljgm3mwdf3x5xwcvi9s-source.drv'
deleting '/nix/store/3yg9l4wch598l51ifqggs84la51psl3f-pyo3-0.26.0'
deleting '/nix/store/i6kfi1gmhcasv7zy36lw9fa315in5j4k-cargo-src-tinystr-0.8.3.drv'
deleting '/nix/store/asfa0kv0rbb0b999qhn3yvg3019awb4x-shellcheck-0.11.0.drv'
deleting '/nix/store/rsaawipci8mjnrp235d6fxdz2plsyswr-crate-syn-2.0.111.tar.gz.drv'
deleting '/nix/store/9r74fip1ljcbh8wjd74wbda92g9nvw6h-crate-rand_chacha-0.3.1.tar.gz.drv'
deleting '/nix/store/x0ph4bbz5a9r8vrcy2mzm79qw131l4j6-container-dual-model.sh'
deleting '/nix/store/gsxjlr2mwsbcwxwfv1hds8z2q9hf7q6r-concurrent-output-1.10.21.tar.gz.drv'
deleting '/nix/store/2nf5nvwlyfpci8xrgvy6jhy7fyz36g5v-cargo-package-quote-1.0.47.lock'
deleting '/nix/store/kr23bwjln86m3f8cz7a943h3p562768x-cargo-src-fs_extra-1.3.0.drv'
deleting '/nix/store/33wwx5cxjjv507ccvs9g5vr5djv56x4r-cargo-package-serde-1.0.229.lock'
deleting '/nix/store/47l4flf2f59z8ya0r7cy168r8gghp9jh-cargo-src-wide-1.7.0.drv'
deleting '/nix/store/s1dnamf49i9mv5wc4gjrqg52zyjjshz8-socat-1.8.1.3.tar.bz2.drv'
deleting '/nix/store/p1hbk6picijkwig5gvrxh5s49kxr69ga-source.drv'
deleting '/nix/store/s42hz8sv47p2bdwa4cq6ix25m5ahy9bh-cargo-src-byteorder-1.5.0.drv'
deleting '/nix/store/njbsk0pgd6xp5a863w2qdl88kg554lx1-cargo-src-cordyceps-0.3.4.drv'
deleting '/nix/store/fglag59bq1y6x0nxk29nx3j47y0rnag1-cargo-src-gix-dir-0.23.0.drv'
deleting '/nix/store/b78f71z27xckwkd5v1p666wqq37a12dk-crate-curl-sys-0.4.84+curl-8.17.0.tar.gz.drv'
deleting '/nix/store/df69my0d0rpnyy9m6i5pls1z7marw7w0-cargo-src-cap-fs-ext-4.0.2.drv'
deleting '/nix/store/pp5igv5fwp8pg66lk1vxb8p16wk541dr-source.drv'
deleting '/nix/store/p9db1gasmb10ykc4q3qi3ybcb3x8vgdf-cargo-src-cc-1.4.4.drv'
deleting '/nix/store/8yp6v6pvbfpz28r3i8369zcix40s2b52-vector-0.13.2.0.tar.gz.drv'
deleting '/nix/store/dfiqn60j8cb3kmfbcqw7y65rca73cq32-Cargo.toml.drv'
deleting '/nix/store/926d3mvh5a3zdw047axybicig8wzhmpz-IPC-Run-20231003.0.tar.gz.drv'
deleting '/nix/store/dsnhziz062cmz861r4rl473xyfnysbx4-source.drv'
deleting '/nix/store/jfhfbr62f7igaycsb9ki02j3hlzmyqq2-ChasingBottoms-1.3.1.17.tar.gz.drv'
deleting '/nix/store/7vhdyf1jb5b1w4nyjg5n0wvvw72142pl-cargo-src-defmt-1.1.1.drv'
deleting '/nix/store/25wpk07ipfb21amrd7s56jwmvfm4b2y8-crate-tinystr-0.8.2.tar.gz.drv'
deleting '/nix/store/0ngxcrg788mk5kcshz80kvpxpsc28f66-cargo-src-jiff-static-0.2.35.drv'
deleting '/nix/store/8haph3ng4mgsqr6p4024vj8k6kg3mqc4-nix-locale-archive.patch'
deleting '/nix/store/pnwwhrc5xrzjya846d9f5pc6yinsz8b5-Cargo.toml.drv'
deleting '/nix/store/7b6sbsvcgw1p17scxrx3k21i1fnjxpw0-qgb8ngb99jsyv70irk3k4c90w131225m-source'
deleting unused links...
note: hard linking is currently saving 147.4 GiB
derivation evaluated to /nix/store/4gsjph9sg61bwm4mff8dnjgmdbni2rw6-chaoscontrol-0.1.0.drv
checking derivation packages.x86_64-linux.guest-sdk...
derivation evaluated to /nix/store/nma2ns7pggfphajrzs29l0aljlsagx71-chaoscontrol-guest-0.1.0.drv
checking derivation packages.x86_64-linux.guest-determinism-probe...
derivation evaluated to /nix/store/1gswlf2xfkhfwfl5vfppjclliiwqykg4-chaoscontrol-guest-determinism-probe-0.1.0.drv
checking derivation packages.x86_64-linux.guest-raft...
derivation evaluated to /nix/store/adqy4bg4mj0fmg4aif3mm0amx1ycphbz-chaoscontrol-raft-guest-0.1.0.drv
checking derivation packages.x86_64-linux.guest-net...
derivation evaluated to /nix/store/8374sh8ml25isyj4b8zldrbcrfs4hgm7-chaoscontrol-net-guest-0.1.0.drv
checking derivation packages.x86_64-linux.guest-redb...
derivation evaluated to /nix/store/3bannnb9rw0y3xhg8x7l3d6m3mzvnxn1-chaoscontrol-redb-guest-0.1.0.drv
checking derivation packages.x86_64-linux.guest-rust-workload...
derivation evaluated to /nix/store/xk05bddqdmh69hph12ffwqrdx7gqfrkl-chaoscontrol-rust-workload-guest-0.1.0.drv
checking derivation packages.x86_64-linux.guest-supervisor...
derivation evaluated to /nix/store/lhdi4d5rnh7fibnd3kb2r26cw6crwi2v-chaoscontrol-sdk-0.1.0.drv
checking derivation packages.x86_64-linux.initrd-sdk...
derivation evaluated to /nix/store/jmrfkrbkdlmrrk6pqvdf2f3c5pmhf6xc-chaoscontrol-initrd-sdk.drv
checking derivation packages.x86_64-linux.initrd-determinism-probe...
derivation evaluated to /nix/store/kkyf9nm2ld5cv65g9c2wzlnbs1vkwn87-chaoscontrol-initrd-determinism-probe.drv
checking derivation packages.x86_64-linux.initrd-raft...
derivation evaluated to /nix/store/bvmq14k31ms9nv7i9v08bsvlrmq8f0h7-chaoscontrol-initrd-raft.drv
checking derivation packages.x86_64-linux.initrd-net...
derivation evaluated to /nix/store/x2zpzl50ziasyzsblapcn861idh0yf1i-chaoscontrol-initrd-net.drv
checking derivation packages.x86_64-linux.initrd-redb...
derivation evaluated to /nix/store/hmw5bw17gn1hfxj3kygszw60hhiavjli-chaoscontrol-initrd-redb.drv
checking derivation packages.x86_64-linux.initrd-rust-workload...
derivation evaluated to /nix/store/vy4vrqkcspl2691m1hjxypc7wnnv9z2w-chaoscontrol-initrd-rust-workload.drv
checking derivation packages.x86_64-linux.initrd-multiprocess...
derivation evaluated to /nix/store/03h2kkd0fzl1hjylln9d7ks8gghbw1q7-chaoscontrol-initrd-multiprocess.drv
checking derivation packages.x86_64-linux.redb-disk-image...
derivation evaluated to /nix/store/smr9nf644lykjg18rjjdmwhzjc2haasb-redb-disk-image.drv
checking derivation packages.x86_64-linux.chaoscontrol-vmm...
derivation evaluated to /nix/store/4gsjph9sg61bwm4mff8dnjgmdbni2rw6-chaoscontrol-0.1.0.drv
checking derivation packages.x86_64-linux.oci-intake...
derivation evaluated to /nix/store/2ry3yd1m9ykya355s1ddjcwxlp7vp44h-chaoscontrol-oci-intake-0.1.0.drv
checking derivation packages.x86_64-linux.guest-determinism-gate...
derivation evaluated to /nix/store/jjhjd0kpqcdrrarvyzqdvij9i7a2892h-chaoscontrol-guest-determinism-gate-0.1.0.drv
checking derivation packages.x86_64-linux.raft-accepted-verdict-dogfood...
derivation evaluated to /nix/store/m0jp28hq8z3v1pr4p7njnd6sl7a4nh5k-raft-accepted-verdict-dogfood.drv
checking derivation packages.x86_64-linux.redb-accepted-verdict-dogfood...
derivation evaluated to /nix/store/5zqb4yq7gcaqj2pnb6krar8z6qk3dq9g-redb-accepted-verdict-dogfood.drv
checking derivation packages.x86_64-linux.net-accepted-verdict-dogfood...
derivation evaluated to /nix/store/05cbdxvpb2vdzilglg9qmzxq453d37y1-net-accepted-verdict-dogfood.drv
checking derivation packages.x86_64-linux.rust-workload-accepted-verdict-dogfood...
derivation evaluated to /nix/store/ggaqjj3anampdf8rlyiij3m31nbr39gh-rust-workload-accepted-verdict-dogfood.drv
checking derivation packages.x86_64-linux.accepted-verdict-dogfood-config...
derivation evaluated to /nix/store/i20nqmd2phsbh6gil75p6q42b5xy65sm-accepted-verdict-dogfood-config.json.drv
checking derivation packages.x86_64-linux.replay-readiness...
error:
       … while checking flake output 'packages'
         at /home/brittonr/git/OnixResearch/.worktrees/chaoscontrol-protocol-observation-20260904/flake.nix:2347:7:
         2346|     {
         2347|       packages = forAllSystems (system: eachSystem.${system}.packages);
             |       ^
         2348|       checks = forAllSystems (system: eachSystem.${system}.checks);

       … while checking the derivation 'packages.x86_64-linux.replay-readiness'
         at /home/brittonr/git/OnixResearch/.worktrees/chaoscontrol-protocol-observation-20260904/flake.nix:1440:13:
         1439|             accepted-verdict-dogfood-config = acceptedVerdictDogfoodConfig;
         1440|             replay-readiness = replayReadiness;
             |             ^
         1441|             scaffold-rust-workload = scaffoldRustWorkload;

       … while evaluating derivation 'replay-readiness'
         whose name attribute is located at «github:NixOS/nixpkgs/a82ccc39b39b621151d6732718e3e250109076fa?narHash=sha256-gf2AmWVTs8lEq7z/3ZAsgnZDhWIckkb%2BZnAo5RzSxJg%3D»/pkgs/stdenv/generic/make-derivation.nix:537:13

       (stack trace truncated; use '--show-trace' to show the full, detailed trace)

       error: store path ('/nix/store/haapdj23vj28l4jg39bfp5sbp665qpjf-source') was hashed to avoid a full copy at first, but upon reading it again, the contents have changed ('/nix/store/09sj710v23cv7x5pqxq58fd3w7cpd6k6-source'), so we can not proceed. Make sure files do not change during evaluation
