these 126 derivations will be built:
  /nix/store/00ha557syg7kk6nv2s8bybj0ql409d41-cargo-package-hyper-1.8.1.drv
  /nix/store/0k1kg8gd64snv92lhg6xrz6xgm1q71lx-cargo-package-tar-0.4.46.drv
  /nix/store/0y72bb11x1q3y6s5rk1pgihm5pwn6khc-cargo-package-regex-syntax-0.8.9.drv
  /nix/store/0zi5kainwxcyabcskc82b915b5hnka9z-cargo-package-http-1.4.0.drv
  /nix/store/11a2y2ax8cb991qxk4qhgbbkidlilccs-cargo-package-pin-utils-0.1.0.drv
  /nix/store/13fdn4s1v6wc88cfffcw8fxagmjlbbma-cargo-package-matchit-0.8.4.drv
  /nix/store/17rjr7r0kryrfg4r3szdfncws88xr9b0-cargo-package-cap-fs-ext-4.0.2.drv
  /nix/store/1fdpgrlsi390gcijsszhsfraqrs0hdzc-cargo-package-tower-0.5.3.drv
  /nix/store/2h2haiilijc2zmzkhiz5w2ch10qv5fyn-cargo-package-nu-ansi-term-0.50.3.drv
  /nix/store/2kjgf1d9w4hzvxg9c5hnpdj79cs62ggs-cargo-package-rand-0.9.5.drv
  /nix/store/2m99f4yp36hilayj5gi1gvq4zmgpzkzj-cargo-package-mime-0.3.17.drv
  /nix/store/2rdxbp4fl9my82svb1f02b3crw9r66yw-cargo-package-proc-macro-error2-2.0.1.drv
  /nix/store/2wm1mwxms5nzycv86wjfzn6kpa7mz1k6-cargo-package-mio-1.1.1.drv
  /nix/store/34840f0nz0bz2lva3zazkq97s1cs19cb-cargo-package-defmt-0.3.100.drv
  /nix/store/36cqkxlgq5zz2677539bvcka04zggwm6-cargo-package-futures-core-0.3.32.drv
  /nix/store/3d5gb58zb5hxd6s3s2yw0rpwq3nx22z1-cargo-package-wasm-bindgen-shared-0.2.108.drv
  /nix/store/3ki77dvvf6h9f8i95ryvcnkazmdcmjki-cargo-package-async-stream-impl-0.3.6.drv
  /nix/store/3kpg142p1d022sskivlalj59rfk4y9ig-cargo-package-wasm-bindgen-0.2.108.drv
  /nix/store/mm0laaf4n77jaj41wqfz72kbk5xx7pdh-octet-dylint-lib.drv
  /nix/store/x7cz493rx91mcf7n12bxkyl0amgw30m8-cargo-git-rad-z2QJLUqyAZnnHPiZQ1BFjLsX9ush3-ab123e3673b6dd616b3df5d044026b5e85755149.drv
  /nix/store/8g4cadsiagjpmq7ds2ginlkvgzixr50f-linkLockedDeps.drv
  /nix/store/rj0b608lf91s2jq7in1qqwhpgavircxl-cargo-git-https-seed.radicle.garden-z2pbwQ4Zd52M4oC1W9bLT3nQem9ay.git-cad5a7cb6c6502b0ec5dc76c51e03352260d8efd.drv
  /nix/store/8yi9p6qgdb2j0f51qgk8ckbk0npfq272-linkLockedDeps.drv
  /nix/store/6vv7nbl6nn0jq6qfzg930dq7mjybdsff-cargo-git-https-git.onix.computer-z2CpqLFpdP36fZXYUK5ZNWxMibpCo.git-29dac88ecded94457572db3fdfaaaab95fa91525.drv
  /nix/store/qylm941gcxb06hv6rrhz2lhlpbnvaqnb-linkLockedDeps.drv
  /nix/store/3qnq7afshiln2q5l7b1324hwmh1v7xh3-cargo-package-libbpf-rs-0.26.0.drv
  /nix/store/3zzsv9xkf3xfdz7jch3knv9dwdzwc3sg-cargo-package-xattr-1.6.1.drv
  /nix/store/4cv97244dw68b05lvddb22b3zlv1yxy9-cargo-package-serde_urlencoded-0.7.1.drv
  /nix/store/4p51hlj01z77ji8nb9saw6rvsqmc7v11-cargo-package-zstd-0.13.3.drv
  /nix/store/4pjyf1zzrqkz4jncx0kipldqg2qq5q9j-cargo-package-blake3-1.8.2.drv
  /nix/store/4y8wjglbka895dvfkpxf9nh2dhbv1gz8-cargo-package-httparse-1.10.1.drv
  /nix/store/52rx920sb3vr7mi9092mh8y0l43as6z4-cargo-package-kvm-bindings-0.10.0.drv
  /nix/store/5382sngbf2mv1f4c2y4lrrk41wr5vvcj-cargo-package-proptest-1.11.0.drv
  /nix/store/55hd5hqwpxzzfc54iy8c5yqjyjamhdz6-cargo-package-rand-0.8.6.drv
  /nix/store/59a25g0b7jcdcdkxh39rn05mf86hl4lz-cargo-package-libbpf-sys-1.6.3+v1.6.3.drv
  /nix/store/5aix78azzi77w499rjm7k21ggvdh2vrn-cargo-package-libbpf-cargo-0.26.0.drv
  /nix/store/6xzy2saj2bayfrw336dw59v4zyckbk3l-cargo-package-futures-util-0.3.32.drv
  /nix/store/6y2h1hwj588fdrgxad1q83krhg66c7hx-cargo-package-wasm-bindgen-macro-0.2.108.drv
  /nix/store/711s3ijds797pk86psm6l9idwlcl3pip-cargo-package-linux-loader-0.13.2.drv
  /nix/store/76nwlv7j4rn2zhmwxs6c952vglmff5dj-cargo-package-byteorder-1.5.0.drv
  /nix/store/7hzn2akndrrfpjrba4mrrjby79fdaili-cargo-package-vmm-sys-util-0.12.1.drv
  /nix/store/7nz3w879jfy571k8cb0s14bfj9zg9yvj-cargo-package-axum-core-0.5.6.drv
  /nix/store/7rngxziwsdfd3d9x88mfr70zfyfd94dc-cargo-package-cap-primitives-4.0.2.drv
  /nix/store/7sz3n7b3j1cqpn76fl3bl5n3g9npvz35-cargo-package-heapless-0.8.0.drv
  /nix/store/87p2rl3vcfl8sr2b0bnfqrx9k16h1yb1-cargo-package-nix-0.31.1.drv
  /nix/store/8hmcxji9a29nbapyzdil8m8hvlynhmvb-cargo-package-js-sys-0.3.85.drv
  /nix/store/8p0rwswf8z1qknjcx14w9ls47hm5225f-cargo-package-portable-atomic-1.13.1.drv
  /nix/store/8q3hfps87vzsn7i5jf0qkb3xmnvqyzi4-cargo-package-sharded-slab-0.1.7.drv
  /nix/store/95pjh36z3k4fmgvwbak4adgxpi2rk0m9-cargo-package-tracing-attributes-0.1.31.drv
  /nix/store/9fcm7y2dj1hcdjis2p0z0i78h31s3pxw-cargo-package-futures-task-0.3.32.drv
  /nix/store/9fy1f7w12cn5900nvmipbqbj9gxws0mw-cargo-package-clap_builder-4.5.59.drv
  /nix/store/9ilcggzyywpbqyfz4ygsayrsiq6wfssq-cargo-package-zerocopy-derive-0.7.35.drv
  /nix/store/9jqyy1vi8i2d606d3zvc9nzhb3lp3900-cargo-package-httpdate-1.0.3.drv
  /nix/store/9n97h547mz03ig54h9dmyhjhap8rsihl-cargo-package-zerocopy-0.7.35.drv
  /nix/store/a0pqachnm1k5v4dkpwsi6j9rmbm72581-cargo-package-defmt-macros-1.0.1.drv
  /nix/store/a2a4w2fznync5220hz9s9ma04nh01pls-cargo-package-io-lifetimes-3.0.1.drv
  /nix/store/aj1a6vh08b5y4ikjqcgyrs6az611flvn-cargo-package-winapi-x86_64-pc-windows-gnu-0.4.0.drv
  /nix/store/aq5zz1zvj11a2ckyvrriwvd8ka35s1rx-cargo-package-tracing-subscriber-0.3.22.drv
  /nix/store/aqh4n3qx6j32mkiyaa6173y1y6f4alkn-cargo-package-tracing-core-0.1.36.drv
  /nix/store/aqmy1gd1rh2f519i58y8rxjl7w59a4ng-cargo-package-winapi-0.3.9.drv
  /nix/store/arixyhf9spc5mgxaqj5igr1xa7nmsib3-cargo-package-defmt-parser-1.0.0.drv
  /nix/store/as41gsm1p4zifrcp1zmi61f43hdjwpvx-cargo-package-zstd-safe-7.2.4.drv
  /nix/store/b5imnbfr8sszigcs9fb2fvkz4z7izq32-cargo-package-http-body-1.0.1.drv
  /nix/store/b8zngxmx1nyl0g2ihzsc8vjlarm46pd2-cargo-package-managed-0.8.0.drv
  /nix/store/bbdgaxdniv5c6wjfb3jw0p9c8108fmwh-cargo-package-rand_chacha-0.3.1.drv
  /nix/store/bnrckkk1grz09721mdb60i2qf0avz4yb-cargo-package-wasm-bindgen-macro-support-0.2.108.drv
  /nix/store/ca5sv4hsj4nrzk532ywnba3vs35f49ly-cargo-package-io-extras-0.19.0.drv
  /nix/store/cnsaxszkmb3igqkxg6j8yyhql6dcpvhb-cargo-package-chrono-0.4.43.drv
  /nix/store/cy069qn83dd35k212cl96vfay9fj0lg7-cargo-package-jiff-static-0.2.20.drv
  /nix/store/czfgrz2argak9f6qg3d741ydafm5il8a-cargo-package-kvm-ioctls-0.19.1.drv
  /nix/store/d26yhmhxdfdgidkq84yvgd8gxgwgll95-cargo-package-vm-memory-0.17.1.drv
  /nix/store/d7x2hk210ba06l3h4fr942q19qbybjm6-cargo-package-proc-macro-error-attr2-2.0.0.drv
  /nix/store/dalsqfihmhmvhwfpib66s1cqipp1lf2m-cargo-package-axum-0.8.8.drv
  /nix/store/dl7wm9kxjlsrsi8apbsdli9awvwv0110-cargo-package-defmt-1.0.1.drv
  /nix/store/dmaclwhl6sknk8xl2c606yn8803xw50v-cargo-package-pin-project-lite-0.2.16.drv
  /nix/store/dvdi910qq2m73ws1m88si1lyhzpsqss5-cargo-package-tempfile-3.25.0.drv
  /nix/store/fhjw2cxcd8lgqwyvhrpjcpcmyyfrhl2m-cargo-package-linkme-0.3.35.drv
  /nix/store/g1j673bwqk6sqjparb0nmp6qzyla6fhj-cargo-package-zerocopy-0.8.39.drv
  /nix/store/g8hddmzdw9s5jpp4k3vg72zr26sgz3qn-cargo-package-tower-layer-0.3.3.drv
  /nix/store/gdyl4gjs566kn93z2p2id5vr29g4rnv9-cargo-package-tower-service-0.3.3.drv
  /nix/store/gs4x2jgrxrfjvxrp5zrfz91dc647fkgr-cargo-package-redb-3.1.1.drv
  /nix/store/gxygqrzp71zllfhhb2md42y577ibvs9h-cargo-package-linkme-impl-0.3.35.drv
  /nix/store/h3wyic4zryg1qdffj66skjmp8ipkrcpw-cargo-package-socket2-0.6.3.drv
  /nix/store/hap1l5rakfk3bvna91gb5i8bx0rb7hqi-cargo-package-clap-4.5.59.drv
  /nix/store/hlb7ba8aln08hg4s6p4kbarmy3xd1p50-cargo-package-cargo_metadata-0.19.2.drv
  /nix/store/hmd86p87scfc3q6qcld9z6bzhb4a68a6-cargo-package-zerocopy-derive-0.8.39.drv
  /nix/store/imqg7byk8ddb0ngkjzvkmq55y4cp27w7-cargo-package-memfd-0.6.5.drv
  /nix/store/j0m0fng718k462ps0fwv4b95snriv5bf-cargo-package-ryu-1.0.23.drv
  /nix/store/j2wl93mdhw70p04xypj4pfwwd704sfq8-cargo-package-hyper-util-0.1.20.drv
  /nix/store/j7dlldpmsq0ys71zmk10cwgix661lqya-cargo-package-vsprintf-2.0.0.drv
  /nix/store/jd93ij9icmi69w3bq6snfbdc7rdigbcv-cargo-package-tokio-macros-2.6.1.drv
  /nix/store/jnbdbx692hmvaaf3bkib8pf01fwjgppy-cargo-package-hash32-0.3.1.drv
  /nix/store/k79i7m8cpb04pppv5v5h2wblpjhkphmw-cargo-package-serde_path_to_error-0.1.20.drv
  /nix/store/kl9rlrzbchxn1j34xwsajha4k9n3g753-cargo-package-filetime-0.2.29.drv
  /nix/store/kmyap9z4b5f3brchkn6b66g6nymyiwjm-cargo-package-async-stream-0.3.6.drv
  /nix/store/kr6fzw9z3fyfhfqkhwnhlm4m06xhzd57-cargo-package-tokio-1.50.0.drv
  /nix/store/lkpxbxkd0iarl8r0rr89rypwmphjblp3-cargo-package-nix-0.30.1.drv
  /nix/store/lnsyqvhp95rbb51qbd5ksp2i9sypq0g0-cargo-package-atomic-waker-1.1.2.drv
  /nix/store/lyy0d0f4d528ywxc8vnac57i3qjrzd8p-cargo-package-http-body-util-0.1.3.drv
  /nix/store/ma5mkrjnp50g4ja36gznwz52b44r1h7g-cargo-package-bytes-1.11.1.drv
  /nix/store/mnply9i8xfll2avap0zprdwf9bpfx4j6-cargo-package-syn-2.0.116.drv
  /nix/store/n4hiz1sv94nizy7f1lkvxz9cnm6rydx7-cargo-package-tower-http-0.6.8.drv
  /nix/store/na0d10dh4qmfiq1qiykksrhqzbbml6fb-cargo-package-ipnet-2.12.1.drv
  /nix/store/nwxw3h1wz6jx9fb1kwl97w4apjkz50l3-cargo-package-smoltcp-0.12.0.drv
  /nix/store/pz1jaxp2mfy2hclk5p4cw3ajjvfis9v9-cargo-package-futures-channel-0.3.32.drv
  /nix/store/q9d8blqs0vdp9rp0qdz6g4rwvwldj6w5-cargo-package-slab-0.4.12.drv
  /nix/store/r63ic1w17v3zy3k01b2kq4r7136lk72h-cargo-package-portable-atomic-util-0.2.5.drv
  /nix/store/s26cw8lh3wn4dcvxsrj3z9nffy0vdghh-cargo-package-bitflags-1.3.2.drv
  /nix/store/shzpnsgw7ypcn09ypllsghzznaz8n15b-cargo-package-zstd-sys-2.0.16+zstd.1.5.7.drv
  /nix/store/v065x9c6as6zfzh2dlmvj1lcl5qkab8w-cargo-package-jiff-0.2.20.drv
  /nix/store/vh9xyl28gw5d71v0vjddk2zrbc4kcv1c-cargo-package-env_logger-0.11.9.drv
  /nix/store/vz221k8a5scxs18wiy9fwagrsdibjq90-cargo-package-winapi-i686-pc-windows-gnu-0.4.0.drv
  /nix/store/w3i577g4zah2di2nd1b6vgg9y60qpdgg-cargo-package-memmap2-0.9.10.drv
  /nix/store/x44iifr27rjgq37rwg4gz102ncsy154s-cargo-package-sync_wrapper-1.0.2.drv
  /nix/store/x9xv0gqcsirj7f5k9zz10qcn3rbhpylk-cargo-package-constant_time_eq-0.3.1.drv
  /nix/store/xbmvfggm93chlwxyi82crshf46s5aqwd-cargo-package-cargo-platform-0.1.9.drv
  /nix/store/y1lm9dq9wbnc41rjcxpkiljgbq9xcadi-cargo-package-anyhow-1.0.101.drv
  /nix/store/yc246xmx9fs4bbm6zbphgh7wxqs63why-cargo-package-env_filter-1.0.0.drv
  /nix/store/yshw6w96h8n0y4y083ax41rxmwbmji41-cargo-package-tracing-0.1.44.drv
  /nix/store/yvffzfpyxdxw1hzj3vq7jpq2g6pppqi7-cargo-package-cap-std-4.0.2.drv
  /nix/store/z8j3r2nc3r2m2wixmk54x09z4in590yp-cargo-package-vm-superio-0.8.1.drv
  /nix/store/wpir8m7idl6kdvmvxskr62bb9vr81v0b-vendor-registry.drv
  /nix/store/8qqnxsikizx61ygqgdr0y0lpmh9dyjjw-cargo-git-https-seed.radicle.garden-zqhtZvsteJhxCJE96dMAZSZ9y1PX.git-b0fd0103bc9eed2c1b6d852045959462d105d8f1.drv
  /nix/store/y2smbmq20w4vmmyg1gqv857fclah1fj7-linkLockedDeps.drv
  /nix/store/s07x2f7m2azlrz1d1hnnkcjfd1bz8cy3-vendor-cargo-deps.drv
  /nix/store/3lix2sxy3h4qzm5gknx7cciq67x8w7l0-octet-consumer-check.drv
these 19 paths will be fetched (1.9 MiB download, 18.6 MiB unpacked):
  /nix/store/g7pdqyr39x1qk74hbb1d0jw7ynhi8gwx-cargo-package-android_system_properties-0.1.5
  /nix/store/x5j07n4rla6cm446gwqk4kbyhw67ngdg-cargo-package-cc-1.2.56
  /nix/store/w1nxsvirnfpnj5lwi5z960digclb6sn2-cargo-package-cfg_aliases-0.2.1
  /nix/store/n2ypgahznv369lc5hb615asy4x5lgn00-cargo-package-clap_derive-4.5.55
  /nix/store/8ffnaf76lslfazlzgzx0s2f6sxq84ikw-cargo-package-clap_lex-1.0.0
  /nix/store/rjhd6xv6dqmq4yinfm9rzl6gf0nb9xas-cargo-package-core-foundation-sys-0.8.7
  /nix/store/mrg8xjj3shdbf30hzp6wbwiwd0fc4p5b-cargo-package-iana-time-zone-0.1.65
  /nix/store/cwgpdr326ipfdmf40sy3hsfpahy47hwv-cargo-package-iana-time-zone-haiku-0.1.2
  /nix/store/kd8ybaqs60p1li42ijzh72yzai9gq3jg-cargo-package-linux-raw-sys-0.11.0
  /nix/store/ihf3pjmb6q7gxig7mhpzridjmpxkf6la-cargo-package-once_cell-1.21.3
  /nix/store/kjfka9f7b56gmsny5h4w0hh12cgy0r71-cargo-package-rustix-1.1.3
  /nix/store/25nh0pfhac0hqkwkx4dvwwhhj5ffqasv-cargo-package-snafu-0.8.9
  /nix/store/208mn46wj7hfqbk9i80sdxi7hv2vc2gy-cargo-package-snafu-derive-0.8.9
  /nix/store/7lap8dzgm9jmwk5gihw613w83gplzfn1-cargo-package-thread_local-1.1.9
  /nix/store/wxgafmr0cvr2lcygvgky827dq7068wnz-cargo-package-windows-core-0.62.2
  /nix/store/98pkk6wyvr3sj0xh78dni8qv0yl4n299-cargo-package-windows-implement-0.60.2
  /nix/store/6cnapy3jz4kvjpr6vw3vbvk4ijdh33vq-cargo-package-windows-interface-0.59.3
  /nix/store/imxkffhwwsk1nxx8bk719pfj9ks3plmb-cargo-package-windows-result-0.4.1
  /nix/store/7mlj0hy77zid8y32a0qw20n91pg425jk-cargo-package-windows-strings-0.5.1
copying path '/nix/store/g7pdqyr39x1qk74hbb1d0jw7ynhi8gwx-cargo-package-android_system_properties-0.1.5' from 'https://nix-community.cachix.org'...
copying path '/nix/store/x5j07n4rla6cm446gwqk4kbyhw67ngdg-cargo-package-cc-1.2.56' from 'https://nix-community.cachix.org'...
copying path '/nix/store/w1nxsvirnfpnj5lwi5z960digclb6sn2-cargo-package-cfg_aliases-0.2.1' from 'https://nix-community.cachix.org'...
copying path '/nix/store/n2ypgahznv369lc5hb615asy4x5lgn00-cargo-package-clap_derive-4.5.55' from 'https://nix-community.cachix.org'...
copying path '/nix/store/rjhd6xv6dqmq4yinfm9rzl6gf0nb9xas-cargo-package-core-foundation-sys-0.8.7' from 'https://nix-community.cachix.org'...
copying path '/nix/store/cwgpdr326ipfdmf40sy3hsfpahy47hwv-cargo-package-iana-time-zone-haiku-0.1.2' from 'https://nix-community.cachix.org'...
copying path '/nix/store/8ffnaf76lslfazlzgzx0s2f6sxq84ikw-cargo-package-clap_lex-1.0.0' from 'https://nix-community.cachix.org'...
copying path '/nix/store/kd8ybaqs60p1li42ijzh72yzai9gq3jg-cargo-package-linux-raw-sys-0.11.0' from 'https://nix-community.cachix.org'...
copying path '/nix/store/ihf3pjmb6q7gxig7mhpzridjmpxkf6la-cargo-package-once_cell-1.21.3' from 'https://nix-community.cachix.org'...
copying path '/nix/store/kjfka9f7b56gmsny5h4w0hh12cgy0r71-cargo-package-rustix-1.1.3' from 'https://nix-community.cachix.org'...
copying path '/nix/store/25nh0pfhac0hqkwkx4dvwwhhj5ffqasv-cargo-package-snafu-0.8.9' from 'https://nix-community.cachix.org'...
copying path '/nix/store/7lap8dzgm9jmwk5gihw613w83gplzfn1-cargo-package-thread_local-1.1.9' from 'https://nix-community.cachix.org'...
copying path '/nix/store/wxgafmr0cvr2lcygvgky827dq7068wnz-cargo-package-windows-core-0.62.2' from 'https://nix-community.cachix.org'...
copying path '/nix/store/208mn46wj7hfqbk9i80sdxi7hv2vc2gy-cargo-package-snafu-derive-0.8.9' from 'https://nix-community.cachix.org'...
copying path '/nix/store/98pkk6wyvr3sj0xh78dni8qv0yl4n299-cargo-package-windows-implement-0.60.2' from 'https://nix-community.cachix.org'...
copying path '/nix/store/mrg8xjj3shdbf30hzp6wbwiwd0fc4p5b-cargo-package-iana-time-zone-0.1.65' from 'https://nix-community.cachix.org'...
building '/nix/store/6vv7nbl6nn0jq6qfzg930dq7mjybdsff-cargo-git-https-git.onix.computer-z2CpqLFpdP36fZXYUK5ZNWxMibpCo.git-29dac88ecded94457572db3fdfaaaab95fa91525.drv'...
building '/nix/store/rj0b608lf91s2jq7in1qqwhpgavircxl-cargo-git-https-seed.radicle.garden-z2pbwQ4Zd52M4oC1W9bLT3nQem9ay.git-cad5a7cb6c6502b0ec5dc76c51e03352260d8efd.drv'...
building '/nix/store/8qqnxsikizx61ygqgdr0y0lpmh9dyjjw-cargo-git-https-seed.radicle.garden-zqhtZvsteJhxCJE96dMAZSZ9y1PX.git-b0fd0103bc9eed2c1b6d852045959462d105d8f1.drv'...
building '/nix/store/x7cz493rx91mcf7n12bxkyl0amgw30m8-cargo-git-rad-z2QJLUqyAZnnHPiZQ1BFjLsX9ush3-ab123e3673b6dd616b3df5d044026b5e85755149.drv'...
copying path '/nix/store/6cnapy3jz4kvjpr6vw3vbvk4ijdh33vq-cargo-package-windows-interface-0.59.3' from 'https://nix-community.cachix.org'...
copying path '/nix/store/imxkffhwwsk1nxx8bk719pfj9ks3plmb-cargo-package-windows-result-0.4.1' from 'https://nix-community.cachix.org'...
copying path '/nix/store/7mlj0hy77zid8y32a0qw20n91pg425jk-cargo-package-windows-strings-0.5.1' from 'https://nix-community.cachix.org'...
cargo-git-https-git.onix.computer-z2CpqLFpdP36fZXYUK5ZNWxMibpCo.git> Running phase: unpackPhase
cargo-git-https-git.onix.computer-z2CpqLFpdP36fZXYUK5ZNWxMibpCo.git> unpacking source archive /nix/store/42kh9d4vr3zkiixs84f0vrf54n5d3x15-source
cargo-git-https-git.onix.computer-z2CpqLFpdP36fZXYUK5ZNWxMibpCo.git> source root is source
cargo-git-https-seed.radicle.garden-z2pbwQ4Zd52M4oC1W9bLT3nQem9ay.git-cad5a7cb6c6502b0ec5dc76c51e03352260d8efd> Running phase: unpackPhase
cargo-git-https-seed.radicle.garden-z2pbwQ4Zd52M4oC1W9bLT3nQem9ay.git-cad5a7cb6c6502b0ec5dc76c51e03352260d8efd> unpacking source archive /nix/store/3x4pdzl4zslh1q8iynx4xy9vwhac8lcg-source
cargo-git-https-git.onix.computer-z2CpqLFpdP36fZXYUK5ZNWxMibpCo.git> Running phase: patchPhase
cargo-git-https-git.onix.computer-z2CpqLFpdP36fZXYUK5ZNWxMibpCo.git> Running phase: updateAutotoolsGnuConfigScriptsPhase
cargo-git-https-seed.radicle.garden-zqhtZvsteJhxCJE96dMAZSZ9y1PX.git-b0fd0103bc9eed2c1b6d852045959462d105d8f1> Running phase: unpackPhase
cargo-git-https-git.onix.computer-z2CpqLFpdP36fZXYUK5ZNWxMibpCo.git> Running phase: installPhase
cargo-git-https-seed.radicle.garden-zqhtZvsteJhxCJE96dMAZSZ9y1PX.git-b0fd0103bc9eed2c1b6d852045959462d105d8f1> unpacking source archive /nix/store/wn6655z652d358mxmblh5rpcw657hzny-source
cargo-git-rad-z2QJLUqyAZnnHPiZQ1BFjLsX9ush3-ab123e3673b6dd616b3df5d044026b5e85755149> Running phase: unpackPhase
cargo-git-rad-z2QJLUqyAZnnHPiZQ1BFjLsX9ush3-ab123e3673b6dd616b3df5d044026b5e85755149> unpacking source archive /nix/store/8cybzvk98sjkm7h3bi5vr9mwcrznwa99-source
cargo-git-https-seed.radicle.garden-zqhtZvsteJhxCJE96dMAZSZ9y1PX.git-b0fd0103bc9eed2c1b6d852045959462d105d8f1> source root is source
cargo-git-https-seed.radicle.garden-zqhtZvsteJhxCJE96dMAZSZ9y1PX.git-b0fd0103bc9eed2c1b6d852045959462d105d8f1> Running phase: patchPhase
cargo-git-https-seed.radicle.garden-z2pbwQ4Zd52M4oC1W9bLT3nQem9ay.git-cad5a7cb6c6502b0ec5dc76c51e03352260d8efd> source root is source
cargo-git-rad-z2QJLUqyAZnnHPiZQ1BFjLsX9ush3-ab123e3673b6dd616b3df5d044026b5e85755149> source root is source
cargo-git-https-seed.radicle.garden-zqhtZvsteJhxCJE96dMAZSZ9y1PX.git-b0fd0103bc9eed2c1b6d852045959462d105d8f1> Running phase: updateAutotoolsGnuConfigScriptsPhase
cargo-git-rad-z2QJLUqyAZnnHPiZQ1BFjLsX9ush3-ab123e3673b6dd616b3df5d044026b5e85755149> Running phase: patchPhase
cargo-git-https-seed.radicle.garden-zqhtZvsteJhxCJE96dMAZSZ9y1PX.git-b0fd0103bc9eed2c1b6d852045959462d105d8f1> Running phase: installPhase
cargo-git-rad-z2QJLUqyAZnnHPiZQ1BFjLsX9ush3-ab123e3673b6dd616b3df5d044026b5e85755149> Running phase: updateAutotoolsGnuConfigScriptsPhase
cargo-git-https-seed.radicle.garden-z2pbwQ4Zd52M4oC1W9bLT3nQem9ay.git-cad5a7cb6c6502b0ec5dc76c51e03352260d8efd> Running phase: patchPhase
cargo-git-https-seed.radicle.garden-z2pbwQ4Zd52M4oC1W9bLT3nQem9ay.git-cad5a7cb6c6502b0ec5dc76c51e03352260d8efd> Running phase: updateAutotoolsGnuConfigScriptsPhase
cargo-git-rad-z2QJLUqyAZnnHPiZQ1BFjLsX9ush3-ab123e3673b6dd616b3df5d044026b5e85755149> Running phase: installPhase
cargo-git-https-seed.radicle.garden-z2pbwQ4Zd52M4oC1W9bLT3nQem9ay.git-cad5a7cb6c6502b0ec5dc76c51e03352260d8efd> Running phase: installPhase
cargo-git-https-seed.radicle.garden-z2pbwQ4Zd52M4oC1W9bLT3nQem9ay.git-cad5a7cb6c6502b0ec5dc76c51e03352260d8efd> warning: manifest has no description, license, license-file, documentation, homepage or repository
cargo-git-https-seed.radicle.garden-z2pbwQ4Zd52M4oC1W9bLT3nQem9ay.git-cad5a7cb6c6502b0ec5dc76c51e03352260d8efd>   |
cargo-git-https-seed.radicle.garden-z2pbwQ4Zd52M4oC1W9bLT3nQem9ay.git-cad5a7cb6c6502b0ec5dc76c51e03352260d8efd>   = note: see https://doc.rust-lang.org/cargo/reference/manifest.html#package-metadata for more info
building '/nix/store/4p51hlj01z77ji8nb9saw6rvsqmc7v11-cargo-package-zstd-0.13.3.drv'...
building '/nix/store/g1j673bwqk6sqjparb0nmp6qzyla6fhj-cargo-package-zerocopy-0.8.39.drv'...
cargo-package-zstd> Running phase: unpackPhase
cargo-package-zstd> setting SOURCE_DATE_EPOCH to timestamp 1153704088 of file "./crate/tests/issue_182.rs"
cargo-package-zstd> Running phase: patchPhase
cargo-package-zstd> Running phase: updateAutotoolsGnuConfigScriptsPhase
cargo-package-zstd> Running phase: installPhase
building '/nix/store/mm0laaf4n77jaj41wqfz72kbk5xx7pdh-octet-dylint-lib.drv'...
cargo-package-zerocopy> Running phase: unpackPhase
cargo-package-zerocopy> setting SOURCE_DATE_EPOCH to timestamp 1153704088 of file "./crate/win-cargo.bat"
cargo-package-zerocopy> Running phase: patchPhase
cargo-package-zerocopy> Running phase: updateAutotoolsGnuConfigScriptsPhase
cargo-package-zerocopy> Running phase: installPhase
building '/nix/store/y2smbmq20w4vmmyg1gqv857fclah1fj7-linkLockedDeps.drv'...
building '/nix/store/8g4cadsiagjpmq7ds2ginlkvgzixr50f-linkLockedDeps.drv'...
building '/nix/store/shzpnsgw7ypcn09ypllsghzznaz8n15b-cargo-package-zstd-sys-2.0.16+zstd.1.5.7.drv'...
building '/nix/store/hmd86p87scfc3q6qcld9z6bzhb4a68a6-cargo-package-zerocopy-derive-0.8.39.drv'...
cargo-package-zstd-sys> Running phase: unpackPhase
cargo-package-zstd-sys> setting SOURCE_DATE_EPOCH to timestamp 1153704088 of file "./crate/zstd_seekable.h"
cargo-package-zstd-sys> Running phase: patchPhase
cargo-package-zstd-sys> Running phase: updateAutotoolsGnuConfigScriptsPhase
cargo-package-zstd-sys> Running phase: installPhase
cargo-package-zerocopy-derive> Running phase: unpackPhase
cargo-package-zerocopy-derive> setting SOURCE_DATE_EPOCH to timestamp 1153704088 of file "./crate/tests/unsafe_cell.rs"
cargo-package-zerocopy-derive> Running phase: patchPhase
cargo-package-zerocopy-derive> Running phase: updateAutotoolsGnuConfigScriptsPhase
cargo-package-zerocopy-derive> Running phase: installPhase
building '/nix/store/3zzsv9xkf3xfdz7jch3knv9dwdzwc3sg-cargo-package-xattr-1.6.1.drv'...
building '/nix/store/9ilcggzyywpbqyfz4ygsayrsiq6wfssq-cargo-package-zerocopy-derive-0.7.35.drv'...
building '/nix/store/8yi9p6qgdb2j0f51qgk8ckbk0npfq272-linkLockedDeps.drv'...
building '/nix/store/qylm941gcxb06hv6rrhz2lhlpbnvaqnb-linkLockedDeps.drv'...
cargo-package-xattr> Running phase: unpackPhase
cargo-package-xattr> setting SOURCE_DATE_EPOCH to timestamp 1153704088 of file "./crate/tests/main.rs"
cargo-package-xattr> Running phase: patchPhase
cargo-package-xattr> Running phase: updateAutotoolsGnuConfigScriptsPhase
cargo-package-xattr> Running phase: installPhase
cargo-package-zerocopy-derive> Running phase: unpackPhase
cargo-package-zerocopy-derive> setting SOURCE_DATE_EPOCH to timestamp 1153704088 of file "./crate/tests/util.rs"
cargo-package-zerocopy-derive> Running phase: patchPhase
cargo-package-zerocopy-derive> Running phase: updateAutotoolsGnuConfigScriptsPhase
cargo-package-zerocopy-derive> Running phase: installPhase
building '/nix/store/9n97h547mz03ig54h9dmyhjhap8rsihl-cargo-package-zerocopy-0.7.35.drv'...
building '/nix/store/as41gsm1p4zifrcp1zmi61f43hdjwpvx-cargo-package-zstd-safe-7.2.4.drv'...
cargo-package-zerocopy> Running phase: unpackPhase
cargo-package-zerocopy> setting SOURCE_DATE_EPOCH to timestamp 1153704088 of file "./crate/tests/ui-stable/transmute-src-not-asbytes.stderr"
cargo-package-zerocopy> Running phase: patchPhase
cargo-package-zerocopy> Running phase: updateAutotoolsGnuConfigScriptsPhase
cargo-package-zstd-safe> Running phase: unpackPhase
cargo-package-zerocopy> Running phase: installPhase
cargo-package-zstd-safe> setting SOURCE_DATE_EPOCH to timestamp 1153704088 of file "./crate/src/tests.rs"
cargo-package-zstd-safe> Running phase: patchPhase
cargo-package-zstd-safe> Running phase: updateAutotoolsGnuConfigScriptsPhase
cargo-package-zstd-safe> Running phase: installPhase
building '/nix/store/x44iifr27rjgq37rwg4gz102ncsy154s-cargo-package-sync_wrapper-1.0.2.drv'...
cargo-package-sync_wrapper> Running phase: unpackPhase
cargo-package-sync_wrapper> setting SOURCE_DATE_EPOCH to timestamp 1153704088 of file "./crate/src/lib.rs"
cargo-package-sync_wrapper> Running phase: patchPhase
cargo-package-sync_wrapper> Running phase: updateAutotoolsGnuConfigScriptsPhase
cargo-package-sync_wrapper> Running phase: installPhase
building '/nix/store/gdyl4gjs566kn93z2p2id5vr29g4rnv9-cargo-package-tower-service-0.3.3.drv'...
building '/nix/store/dvdi910qq2m73ws1m88si1lyhzpsqss5-cargo-package-tempfile-3.25.0.drv'...
building '/nix/store/aqh4n3qx6j32mkiyaa6173y1y6f4alkn-cargo-package-tracing-core-0.1.36.drv'...
cargo-package-tower-service> Running phase: unpackPhase
cargo-package-tower-service> setting SOURCE_DATE_EPOCH to timestamp 1153704088 of file "./crate/src/lib.rs"
cargo-package-tower-service> Running phase: patchPhase
cargo-package-tower-service> Running phase: updateAutotoolsGnuConfigScriptsPhase
cargo-package-tower-service> Running phase: installPhase
cargo-package-tempfile> Running phase: unpackPhase
cargo-package-tempfile> setting SOURCE_DATE_EPOCH to timestamp 1153704088 of file "./crate/tests/tempfile.rs"
cargo-package-tempfile> Running phase: patchPhase
cargo-package-tracing-core> Running phase: unpackPhase
cargo-package-tempfile> Running phase: updateAutotoolsGnuConfigScriptsPhase
cargo-package-tempfile> Running phase: installPhase
building '/nix/store/7hzn2akndrrfpjrba4mrrjby79fdaili-cargo-package-vmm-sys-util-0.12.1.drv'...
cargo-package-tracing-core> setting SOURCE_DATE_EPOCH to timestamp 1153704088 of file "./crate/tests/missed_register_callsite.rs"
cargo-package-tracing-core> Running phase: patchPhase
cargo-package-tracing-core> Running phase: updateAutotoolsGnuConfigScriptsPhase
cargo-package-tracing-core> Running phase: installPhase
cargo-package-vmm-sys-util> Running phase: unpackPhase
cargo-package-vmm-sys-util> setting SOURCE_DATE_EPOCH to timestamp 1153704088 of file "./crate/src/unix/terminal.rs"
cargo-package-vmm-sys-util> Running phase: patchPhase
cargo-package-vmm-sys-util> Running phase: updateAutotoolsGnuConfigScriptsPhase
cargo-package-vmm-sys-util> Running phase: installPhase
building '/nix/store/3d5gb58zb5hxd6s3s2yw0rpwq3nx22z1-cargo-package-wasm-bindgen-shared-0.2.108.drv'...
building '/nix/store/95pjh36z3k4fmgvwbak4adgxpi2rk0m9-cargo-package-tracing-attributes-0.1.31.drv'...
cargo-package-wasm-bindgen-shared> Running phase: unpackPhase
cargo-package-wasm-bindgen-shared> setting SOURCE_DATE_EPOCH to timestamp 1153704088 of file "./crate/src/tys.rs"
building '/nix/store/d26yhmhxdfdgidkq84yvgd8gxgwgll95-cargo-package-vm-memory-0.17.1.drv'...
building '/nix/store/aqmy1gd1rh2f519i58y8rxjl7w59a4ng-cargo-package-winapi-0.3.9.drv'...
cargo-package-tracing-attributes> Running phase: unpackPhase
cargo-package-tracing-attributes> setting SOURCE_DATE_EPOCH to timestamp 1153704088 of file "./crate/tests/ui/pass/type_shadowing.rs"
cargo-package-tracing-attributes> Running phase: patchPhase
cargo-package-tracing-attributes> Running phase: updateAutotoolsGnuConfigScriptsPhase
cargo-package-tracing-attributes> Running phase: installPhase
cargo-package-wasm-bindgen-shared> Running phase: patchPhase
cargo-package-wasm-bindgen-shared> Running phase: updateAutotoolsGnuConfigScriptsPhase
cargo-package-wasm-bindgen-shared> Running phase: installPhase
building '/nix/store/yshw6w96h8n0y4y083ax41rxmwbmji41-cargo-package-tracing-0.1.44.drv'...
cargo-package-vm-memory> Running phase: unpackPhase
cargo-package-vm-memory> setting SOURCE_DATE_EPOCH to timestamp 1153704088 of file "./crate/src/volatile_memory.rs"
cargo-package-vm-memory> Running phase: patchPhase
cargo-package-vm-memory> Running phase: updateAutotoolsGnuConfigScriptsPhase
cargo-package-vm-memory> Running phase: installPhase
cargo-package-winapi> Running phase: unpackPhase
cargo-package-tracing> Running phase: unpackPhase
building '/nix/store/3kpg142p1d022sskivlalj59rfk4y9ig-cargo-package-wasm-bindgen-0.2.108.drv'...
cargo-package-tracing> setting SOURCE_DATE_EPOCH to timestamp 1153704088 of file "./crate/tests/subscriber.rs"
cargo-package-tracing> Running phase: patchPhase
cargo-package-tracing> Running phase: updateAutotoolsGnuConfigScriptsPhase
cargo-package-tracing> Running phase: installPhase
cargo-package-winapi> setting SOURCE_DATE_EPOCH to timestamp 1593171268 of file "./crate/Cargo.toml"
cargo-package-winapi> Running phase: patchPhase
cargo-package-winapi> Running phase: updateAutotoolsGnuConfigScriptsPhase
cargo-package-winapi> Running phase: installPhase
building '/nix/store/h3wyic4zryg1qdffj66skjmp8ipkrcpw-cargo-package-socket2-0.6.3.drv'...
cargo-package-wasm-bindgen> Running phase: unpackPhase
cargo-package-wasm-bindgen> setting SOURCE_DATE_EPOCH to timestamp 1153704088 of file "./crate/src/rt/mod.rs"
cargo-package-wasm-bindgen> Running phase: patchPhase
cargo-package-wasm-bindgen> Running phase: updateAutotoolsGnuConfigScriptsPhase
cargo-package-wasm-bindgen> Running phase: installPhase
building '/nix/store/n4hiz1sv94nizy7f1lkvxz9cnm6rydx7-cargo-package-tower-http-0.6.8.drv'...
cargo-package-socket2> Running phase: unpackPhase
cargo-package-socket2> setting SOURCE_DATE_EPOCH to timestamp 1153704088 of file "./crate/src/sys/windows.rs"
cargo-package-socket2> Running phase: patchPhase
cargo-package-socket2> Running phase: updateAutotoolsGnuConfigScriptsPhase
cargo-package-socket2> Running phase: installPhase
building '/nix/store/kr6fzw9z3fyfhfqkhwnhlm4m06xhzd57-cargo-package-tokio-1.50.0.drv'...
building '/nix/store/g8hddmzdw9s5jpp4k3vg72zr26sgz3qn-cargo-package-tower-layer-0.3.3.drv'...
cargo-package-tokio> Running phase: unpackPhase
cargo-package-tower-http> Running phase: unpackPhase
cargo-package-tower-http> setting SOURCE_DATE_EPOCH to timestamp 1153704088 of file "./crate/src/validate_request.rs"
cargo-package-tower-http> Running phase: patchPhase
cargo-package-tower-http> Running phase: updateAutotoolsGnuConfigScriptsPhase
cargo-package-tower-http> Running phase: installPhase
building '/nix/store/6y2h1hwj588fdrgxad1q83krhg66c7hx-cargo-package-wasm-bindgen-macro-0.2.108.drv'...
cargo-package-tokio> setting SOURCE_DATE_EPOCH to timestamp 1153704088 of file "./crate/tests/unwindsafe.rs"
cargo-package-tokio> Running phase: patchPhase
cargo-package-tokio> Running phase: updateAutotoolsGnuConfigScriptsPhase
cargo-package-tokio> Running phase: installPhase
cargo-package-tower-layer> Running phase: unpackPhase
building '/nix/store/jd93ij9icmi69w3bq6snfbdc7rdigbcv-cargo-package-tokio-macros-2.6.1.drv'...
cargo-package-tower-layer> setting SOURCE_DATE_EPOCH to timestamp 1153704088 of file "./crate/src/tuple.rs"
cargo-package-tower-layer> Running phase: patchPhase
cargo-package-tower-layer> Running phase: updateAutotoolsGnuConfigScriptsPhase
cargo-package-tower-layer> Running phase: installPhase
cargo-package-wasm-bindgen-macro> Running phase: unpackPhase
cargo-package-wasm-bindgen-macro> setting SOURCE_DATE_EPOCH to timestamp 1153704088 of file "./crate/src/worker.js"
cargo-package-wasm-bindgen-macro> Running phase: patchPhase
cargo-package-wasm-bindgen-macro> Running phase: updateAutotoolsGnuConfigScriptsPhase
cargo-package-wasm-bindgen-macro> Running phase: installPhase
cargo-package-tokio-macros> Running phase: unpackPhase
cargo-package-tokio-macros> setting SOURCE_DATE_EPOCH to timestamp 1153704088 of file "./crate/src/select.rs"
cargo-package-tokio-macros> Running phase: patchPhase
cargo-package-tokio-macros> Running phase: updateAutotoolsGnuConfigScriptsPhase
cargo-package-tokio-macros> Running phase: installPhase
building '/nix/store/aq5zz1zvj11a2ckyvrriwvd8ka35s1rx-cargo-package-tracing-subscriber-0.3.22.drv'...
building '/nix/store/1fdpgrlsi390gcijsszhsfraqrs0hdzc-cargo-package-tower-0.5.3.drv'...
cargo-package-tracing-subscriber> Running phase: unpackPhase
cargo-package-tracing-subscriber> setting SOURCE_DATE_EPOCH to timestamp 1153704088 of file "./crate/tests/vec_subscriber_filter_interests_cached.rs"
cargo-package-tracing-subscriber> Running phase: patchPhase
cargo-package-tracing-subscriber> Running phase: updateAutotoolsGnuConfigScriptsPhase
cargo-package-tracing-subscriber> Running phase: installPhase
building '/nix/store/mnply9i8xfll2avap0zprdwf9bpfx4j6-cargo-package-syn-2.0.116.drv'...
building '/nix/store/j7dlldpmsq0ys71zmk10cwgix661lqya-cargo-package-vsprintf-2.0.0.drv'...
cargo-package-tower> Running phase: unpackPhase
cargo-package-tower> setting SOURCE_DATE_EPOCH to timestamp 1153704088 of file "./crate/tests/util/service_fn.rs"
cargo-package-tower> Running phase: patchPhase
cargo-package-tower> Running phase: updateAutotoolsGnuConfigScriptsPhase
cargo-package-tower> Running phase: installPhase
cargo-package-syn> Running phase: unpackPhase
building '/nix/store/vz221k8a5scxs18wiy9fwagrsdibjq90-cargo-package-winapi-i686-pc-windows-gnu-0.4.0.drv'...
cargo-package-syn> setting SOURCE_DATE_EPOCH to timestamp 1153704088 of file "./crate/tests/zzz_stable.rs"
cargo-package-syn> Running phase: patchPhase
cargo-package-syn> Running phase: updateAutotoolsGnuConfigScriptsPhase
cargo-package-syn> Running phase: installPhase
cargo-package-vsprintf> Running phase: unpackPhase
cargo-package-vsprintf> setting SOURCE_DATE_EPOCH to timestamp 1593582753 of file "./crate/Cargo.toml"
cargo-package-vsprintf> Running phase: patchPhase
cargo-package-vsprintf> Running phase: updateAutotoolsGnuConfigScriptsPhase
cargo-package-vsprintf> Running phase: installPhase
cargo-package-winapi-i686-pc-windows-gnu> Running phase: unpackPhase
building '/nix/store/0k1kg8gd64snv92lhg6xrz6xgm1q71lx-cargo-package-tar-0.4.46.drv'...
cargo-package-winapi-i686-pc-windows-gnu> setting SOURCE_DATE_EPOCH to timestamp 1516236803 of file "./crate/Cargo.toml.orig"
cargo-package-winapi-i686-pc-windows-gnu> Running phase: patchPhase
cargo-package-winapi-i686-pc-windows-gnu> Running phase: updateAutotoolsGnuConfigScriptsPhase
cargo-package-winapi-i686-pc-windows-gnu> Running phase: installPhase
building '/nix/store/z8j3r2nc3r2m2wixmk54x09z4in590yp-cargo-package-vm-superio-0.8.1.drv'...
building '/nix/store/bnrckkk1grz09721mdb60i2qf0avz4yb-cargo-package-wasm-bindgen-macro-support-0.2.108.drv'...
cargo-package-tar> Running phase: unpackPhase
cargo-package-tar> setting SOURCE_DATE_EPOCH to timestamp 1153704088 of file "./crate/tests/header/mod.rs"
cargo-package-tar> Running phase: patchPhase
cargo-package-tar> Running phase: updateAutotoolsGnuConfigScriptsPhase
cargo-package-tar> Running phase: installPhase
cargo-package-vm-superio> Running phase: unpackPhase
cargo-package-vm-superio> setting SOURCE_DATE_EPOCH to timestamp 1153704088 of file "./crate/src/serial.rs"
cargo-package-vm-superio> Running phase: patchPhase
cargo-package-vm-superio> Running phase: updateAutotoolsGnuConfigScriptsPhase
cargo-package-vm-superio> Running phase: installPhase
building '/nix/store/dmaclwhl6sknk8xl2c606yn8803xw50v-cargo-package-pin-project-lite-0.2.16.drv'...
cargo-package-wasm-bindgen-macro-support> Running phase: unpackPhase
cargo-package-wasm-bindgen-macro-support> setting SOURCE_DATE_EPOCH to timestamp 1153704088 of file "./crate/src/parser.rs"
cargo-package-wasm-bindgen-macro-support> Running phase: patchPhase
cargo-package-wasm-bindgen-macro-support> Running phase: updateAutotoolsGnuConfigScriptsPhase
cargo-package-wasm-bindgen-macro-support> Running phase: installPhase
building '/nix/store/55hd5hqwpxzzfc54iy8c5yqjyjamhdz6-cargo-package-rand-0.8.6.drv'...
building '/nix/store/2kjgf1d9w4hzvxg9c5hnpdj79cs62ggs-cargo-package-rand-0.9.5.drv'...
cargo-package-pin-project-lite> Running phase: unpackPhase
cargo-package-pin-project-lite> setting SOURCE_DATE_EPOCH to timestamp 1153704088 of file "./crate/tests/ui/pinned_drop/conditional-drop-impl.stderr"
cargo-package-pin-project-lite> Running phase: patchPhase
cargo-package-pin-project-lite> Running phase: updateAutotoolsGnuConfigScriptsPhase
cargo-package-pin-project-lite> Running phase: installPhase
cargo-package-rand> Running phase: unpackPhase
building '/nix/store/13fdn4s1v6wc88cfffcw8fxagmjlbbma-cargo-package-matchit-0.8.4.drv'...
cargo-package-rand> setting SOURCE_DATE_EPOCH to timestamp 1153704088 of file "./crate/src/seq/mod.rs"
cargo-package-rand> Running phase: patchPhase
cargo-package-rand> Running phase: updateAutotoolsGnuConfigScriptsPhase
cargo-package-rand> Running phase: installPhase
cargo-package-rand> Running phase: unpackPhase
cargo-package-rand> setting SOURCE_DATE_EPOCH to timestamp 1153704088 of file "./crate/src/seq/slice.rs"
cargo-package-rand> Running phase: patchPhase
cargo-package-rand> Running phase: updateAutotoolsGnuConfigScriptsPhase
cargo-package-rand> Running phase: installPhase
cargo-package-matchit> Running phase: unpackPhase
cargo-package-matchit> setting SOURCE_DATE_EPOCH to timestamp 1153704088 of file "./crate/tests/remove.rs"
cargo-package-matchit> Running phase: patchPhase
cargo-package-matchit> Running phase: updateAutotoolsGnuConfigScriptsPhase
cargo-package-matchit> Running phase: installPhase
building '/nix/store/11a2y2ax8cb991qxk4qhgbbkidlilccs-cargo-package-pin-utils-0.1.0.drv'...
cargo-package-pin-utils> Running phase: unpackPhase
cargo-package-pin-utils> setting SOURCE_DATE_EPOCH to timestamp 1587571932 of file "./crate/tests/stack_pin.rs"
cargo-package-pin-utils> Running phase: patchPhase
cargo-package-pin-utils> Running phase: updateAutotoolsGnuConfigScriptsPhase
cargo-package-pin-utils> Running phase: installPhase
building '/nix/store/k79i7m8cpb04pppv5v5h2wblpjhkphmw-cargo-package-serde_path_to_error-0.1.20.drv'...
building '/nix/store/711s3ijds797pk86psm6l9idwlcl3pip-cargo-package-linux-loader-0.13.2.drv'...
building '/nix/store/87p2rl3vcfl8sr2b0bnfqrx9k16h1yb1-cargo-package-nix-0.31.1.drv'...
cargo-package-linux-loader> Running phase: unpackPhase
cargo-package-linux-loader> setting SOURCE_DATE_EPOCH to timestamp 1153704088 of file "./crate/src/loader_gen/x86_64/start_info.rs"
cargo-package-linux-loader> Running phase: patchPhase
cargo-package-linux-loader> Running phase: updateAutotoolsGnuConfigScriptsPhase
cargo-package-serde_path_to_error> Running phase: unpackPhase
cargo-package-serde_path_to_error> setting SOURCE_DATE_EPOCH to timestamp 1153704088 of file "./crate/tests/serialize.rs"
cargo-package-serde_path_to_error> Running phase: patchPhase
cargo-package-serde_path_to_error> Running phase: updateAutotoolsGnuConfigScriptsPhase
cargo-package-serde_path_to_error> Running phase: installPhase
building '/nix/store/5382sngbf2mv1f4c2y4lrrk41wr5vvcj-cargo-package-proptest-1.11.0.drv'...
cargo-package-linux-loader> Running phase: installPhase
cargo-package-nix> Running phase: unpackPhase
cargo-package-nix> setting SOURCE_DATE_EPOCH to timestamp 1153704088 of file "./crate/test/test_unistd.rs"
cargo-package-nix> Running phase: patchPhase
cargo-package-nix> Running phase: updateAutotoolsGnuConfigScriptsPhase
cargo-package-nix> Running phase: installPhase
building '/nix/store/2wm1mwxms5nzycv86wjfzn6kpa7mz1k6-cargo-package-mio-1.1.1.drv'...
cargo-package-proptest> Running phase: unpackPhase
cargo-package-proptest> setting SOURCE_DATE_EPOCH to timestamp 1153704088 of file "./crate/tests/pass/with_params.rs"
cargo-package-proptest> Running phase: patchPhase
cargo-package-proptest> Running phase: updateAutotoolsGnuConfigScriptsPhase
cargo-package-proptest> Running phase: installPhase
cargo-package-mio> Running phase: unpackPhase
cargo-package-mio> setting SOURCE_DATE_EPOCH to timestamp 1153704088 of file "./crate/src/waker.rs"
cargo-package-mio> Running phase: patchPhase
cargo-package-mio> Running phase: updateAutotoolsGnuConfigScriptsPhase
cargo-package-mio> Running phase: installPhase
building '/nix/store/lkpxbxkd0iarl8r0rr89rypwmphjblp3-cargo-package-nix-0.30.1.drv'...
building '/nix/store/gs4x2jgrxrfjvxrp5zrfz91dc647fkgr-cargo-package-redb-3.1.1.drv'...
building '/nix/store/8q3hfps87vzsn7i5jf0qkb3xmnvqyzi4-cargo-package-sharded-slab-0.1.7.drv'...
building '/nix/store/aj1a6vh08b5y4ikjqcgyrs6az611flvn-cargo-package-winapi-x86_64-pc-windows-gnu-0.4.0.drv'...
cargo-package-nix> Running phase: unpackPhase
cargo-package-nix> setting SOURCE_DATE_EPOCH to timestamp 1153704088 of file "./crate/test/test_unistd.rs"
cargo-package-nix> Running phase: patchPhase
cargo-package-nix> Running phase: updateAutotoolsGnuConfigScriptsPhase
cargo-package-nix> Running phase: installPhase
cargo-package-redb> Running phase: unpackPhase
cargo-package-redb> setting SOURCE_DATE_EPOCH to timestamp 1153704088 of file "./crate/tests/multithreading_tests.rs"
cargo-package-redb> Running phase: patchPhase
cargo-package-redb> Running phase: updateAutotoolsGnuConfigScriptsPhase
cargo-package-redb> Running phase: installPhase
cargo-package-sharded-slab> Running phase: unpackPhase
cargo-package-sharded-slab> setting SOURCE_DATE_EPOCH to timestamp 1153704088 of file "./crate/tests/reserved_bits_leak.rs"
cargo-package-sharded-slab> Running phase: patchPhase
cargo-package-sharded-slab> Running phase: updateAutotoolsGnuConfigScriptsPhase
cargo-package-sharded-slab> Running phase: installPhase
cargo-package-winapi-x86_64-pc-windows-gnu> Running phase: unpackPhase
building '/nix/store/fhjw2cxcd8lgqwyvhrpjcpcmyyfrhl2m-cargo-package-linkme-0.3.35.drv'...
cargo-package-winapi-x86_64-pc-windows-gnu> setting SOURCE_DATE_EPOCH to timestamp 1516236748 of file "./crate/Cargo.toml.orig"
cargo-package-winapi-x86_64-pc-windows-gnu> Running phase: patchPhase
cargo-package-winapi-x86_64-pc-windows-gnu> Running phase: updateAutotoolsGnuConfigScriptsPhase
cargo-package-winapi-x86_64-pc-windows-gnu> Running phase: installPhase
cargo-package-linkme> Running phase: unpackPhase
cargo-package-linkme> setting SOURCE_DATE_EPOCH to timestamp 1153704088 of file "./crate/tests/win_status_illegal_instruction.rs"
cargo-package-linkme> Running phase: patchPhase
cargo-package-linkme> Running phase: updateAutotoolsGnuConfigScriptsPhase
cargo-package-linkme> Running phase: installPhase
building '/nix/store/4cv97244dw68b05lvddb22b3zlv1yxy9-cargo-package-serde_urlencoded-0.7.1.drv'...
building '/nix/store/d7x2hk210ba06l3h4fr942q19qbybjm6-cargo-package-proc-macro-error-attr2-2.0.0.drv'...
cargo-package-serde_urlencoded> Running phase: unpackPhase
cargo-package-serde_urlencoded> Running phase: patchPhase
cargo-package-serde_urlencoded> Running phase: updateAutotoolsGnuConfigScriptsPhase
cargo-package-serde_urlencoded> Running phase: installPhase
building '/nix/store/2rdxbp4fl9my82svb1f02b3crw9r66yw-cargo-package-proc-macro-error2-2.0.1.drv'...
cargo-package-proc-macro-error-attr2> Running phase: unpackPhase
cargo-package-proc-macro-error-attr2> setting SOURCE_DATE_EPOCH to timestamp 1153704088 of file "./crate/src/settings.rs"
cargo-package-proc-macro-error-attr2> Running phase: patchPhase
cargo-package-proc-macro-error-attr2> Running phase: updateAutotoolsGnuConfigScriptsPhase
cargo-package-proc-macro-error-attr2> Running phase: installPhase
building '/nix/store/2h2haiilijc2zmzkhiz5w2ch10qv5fyn-cargo-package-nu-ansi-term-0.50.3.drv'...
cargo-package-proc-macro-error2> Running phase: unpackPhase
cargo-package-proc-macro-error2> setting SOURCE_DATE_EPOCH to timestamp 1153704088 of file "./crate/tests/ui/unrelated_panic.stderr"
cargo-package-proc-macro-error2> Running phase: patchPhase
cargo-package-proc-macro-error2> Running phase: updateAutotoolsGnuConfigScriptsPhase
cargo-package-proc-macro-error2> Running phase: installPhase
building '/nix/store/8p0rwswf8z1qknjcx14w9ls47hm5225f-cargo-package-portable-atomic-1.13.1.drv'...
building '/nix/store/j0m0fng718k462ps0fwv4b95snriv5bf-cargo-package-ryu-1.0.23.drv'...
cargo-package-nu-ansi-term> Running phase: unpackPhase
cargo-package-nu-ansi-term> setting SOURCE_DATE_EPOCH to timestamp 1153704088 of file "./crate/tests/style.rs"
cargo-package-nu-ansi-term> Running phase: patchPhase
cargo-package-nu-ansi-term> Running phase: updateAutotoolsGnuConfigScriptsPhase
cargo-package-nu-ansi-term> Running phase: installPhase
building '/nix/store/2m99f4yp36hilayj5gi1gvq4zmgpzkzj-cargo-package-mime-0.3.17.drv'...
cargo-package-portable-atomic> Running phase: unpackPhase
cargo-package-portable-atomic> setting SOURCE_DATE_EPOCH to timestamp 1153704088 of file "./crate/version.rs"
cargo-package-ryu> Running phase: unpackPhase
cargo-package-portable-atomic> Running phase: patchPhase
cargo-package-ryu> setting SOURCE_DATE_EPOCH to timestamp 1153704088 of file "./crate/tests/s2f_test.rs"
cargo-package-ryu> Running phase: patchPhase
cargo-package-portable-atomic> Running phase: updateAutotoolsGnuConfigScriptsPhase
cargo-package-ryu> Running phase: updateAutotoolsGnuConfigScriptsPhase
cargo-package-portable-atomic> Running phase: installPhase
cargo-package-ryu> Running phase: installPhase
cargo-package-mime> Running phase: unpackPhase
cargo-package-mime> setting SOURCE_DATE_EPOCH to timestamp 1153704088 of file "./crate/src/parse.rs"
cargo-package-mime> Running phase: patchPhase
cargo-package-mime> Running phase: updateAutotoolsGnuConfigScriptsPhase
cargo-package-mime> Running phase: installPhase
building '/nix/store/b8zngxmx1nyl0g2ihzsc8vjlarm46pd2-cargo-package-managed-0.8.0.drv'...
cargo-package-managed> Running phase: unpackPhase
cargo-package-managed> setting SOURCE_DATE_EPOCH to timestamp 1593827852 of file "./crate/Cargo.toml"
cargo-package-managed> Running phase: patchPhase
cargo-package-managed> Running phase: updateAutotoolsGnuConfigScriptsPhase
cargo-package-managed> Running phase: installPhase
building '/nix/store/gxygqrzp71zllfhhb2md42y577ibvs9h-cargo-package-linkme-impl-0.3.35.drv'...
building '/nix/store/w3i577g4zah2di2nd1b6vgg9y60qpdgg-cargo-package-memmap2-0.9.10.drv'...
building '/nix/store/r63ic1w17v3zy3k01b2kq4r7136lk72h-cargo-package-portable-atomic-util-0.2.5.drv'...
cargo-package-linkme-impl> Running phase: unpackPhase
cargo-package-linkme-impl> setting SOURCE_DATE_EPOCH to timestamp 1153704088 of file "./crate/src/ty.rs"
cargo-package-linkme-impl> Running phase: patchPhase
cargo-package-linkme-impl> Running phase: updateAutotoolsGnuConfigScriptsPhase
cargo-package-linkme-impl> Running phase: installPhase
cargo-package-memmap2> Running phase: unpackPhase
cargo-package-memmap2> setting SOURCE_DATE_EPOCH to timestamp 1153704088 of file "./crate/src/windows.rs"
cargo-package-memmap2> Running phase: patchPhase
cargo-package-memmap2> Running phase: updateAutotoolsGnuConfigScriptsPhase
cargo-package-memmap2> Running phase: installPhase
building '/nix/store/0y72bb11x1q3y6s5rk1pgihm5pwn6khc-cargo-package-regex-syntax-0.8.9.drv'...
cargo-package-portable-atomic-util> Running phase: unpackPhase
cargo-package-portable-atomic-util> setting SOURCE_DATE_EPOCH to timestamp 1153704088 of file "./crate/version.rs"
cargo-package-portable-atomic-util> Running phase: patchPhase
cargo-package-portable-atomic-util> Running phase: updateAutotoolsGnuConfigScriptsPhase
cargo-package-portable-atomic-util> Running phase: installPhase
cargo-package-regex-syntax> Running phase: unpackPhase
cargo-package-regex-syntax> setting SOURCE_DATE_EPOCH to timestamp 1153704088 of file "./crate/src/utf8.rs"
cargo-package-regex-syntax> Running phase: patchPhase
building '/nix/store/bbdgaxdniv5c6wjfb3jw0p9c8108fmwh-cargo-package-rand_chacha-0.3.1.drv'...
cargo-package-regex-syntax> Running phase: updateAutotoolsGnuConfigScriptsPhase
cargo-package-regex-syntax> Running phase: installPhase
building '/nix/store/imqg7byk8ddb0ngkjzvkmq55y4cp27w7-cargo-package-memfd-0.6.5.drv'...
cargo-package-rand_chacha> Running phase: unpackPhase
building '/nix/store/4y8wjglbka895dvfkpxf9nh2dhbv1gz8-cargo-package-httparse-1.10.1.drv'...
cargo-package-memfd> Running phase: unpackPhase
cargo-package-rand_chacha> Running phase: patchPhase
cargo-package-rand_chacha> Running phase: updateAutotoolsGnuConfigScriptsPhase
cargo-package-rand_chacha> Running phase: installPhase
building '/nix/store/ca5sv4hsj4nrzk532ywnba3vs35f49ly-cargo-package-io-extras-0.19.0.drv'...
cargo-package-httparse> Running phase: unpackPhase
cargo-package-httparse> setting SOURCE_DATE_EPOCH to timestamp 1153704088 of file "./crate/tests/uri.rs"
cargo-package-httparse> Running phase: patchPhase
cargo-package-httparse> Running phase: updateAutotoolsGnuConfigScriptsPhase
cargo-package-memfd> setting SOURCE_DATE_EPOCH to timestamp 1153704088 of file "./crate/tests/sealing.rs"
cargo-package-memfd> Running phase: patchPhase
cargo-package-memfd> Running phase: updateAutotoolsGnuConfigScriptsPhase
cargo-package-memfd> Running phase: installPhase
building '/nix/store/36cqkxlgq5zz2677539bvcka04zggwm6-cargo-package-futures-core-0.3.32.drv'...
cargo-package-httparse> Running phase: installPhase
cargo-package-io-extras> Running phase: unpackPhase
cargo-package-io-extras> setting SOURCE_DATE_EPOCH to timestamp 1153704088 of file "./crate/src/read_write.rs"
cargo-package-io-extras> Running phase: patchPhase
cargo-package-io-extras> Running phase: updateAutotoolsGnuConfigScriptsPhase
cargo-package-io-extras> Running phase: installPhase
building '/nix/store/3qnq7afshiln2q5l7b1324hwmh1v7xh3-cargo-package-libbpf-rs-0.26.0.drv'...
cargo-package-futures-core> Running phase: unpackPhase
cargo-package-futures-core> setting SOURCE_DATE_EPOCH to timestamp 1153704088 of file "./crate/src/task/poll.rs"
cargo-package-futures-core> Running phase: patchPhase
cargo-package-futures-core> Running phase: updateAutotoolsGnuConfigScriptsPhase
cargo-package-futures-core> Running phase: installPhase
building '/nix/store/jnbdbx692hmvaaf3bkib8pf01fwjgppy-cargo-package-hash32-0.3.1.drv'...
building '/nix/store/0zi5kainwxcyabcskc82b915b5hnka9z-cargo-package-http-1.4.0.drv'...
cargo-package-hash32> Running phase: unpackPhase
cargo-package-hash32> Running phase: patchPhase
cargo-package-libbpf-rs> Running phase: unpackPhase
cargo-package-libbpf-rs> setting SOURCE_DATE_EPOCH to timestamp 1153704088 of file "./crate/tests/test_xdp.rs"
cargo-package-libbpf-rs> Running phase: patchPhase
cargo-package-libbpf-rs> Running phase: updateAutotoolsGnuConfigScriptsPhase
cargo-package-libbpf-rs> Running phase: installPhase
building '/nix/store/j2wl93mdhw70p04xypj4pfwwd704sfq8-cargo-package-hyper-util-0.1.20.drv'...
cargo-package-hash32> Running phase: updateAutotoolsGnuConfigScriptsPhase
cargo-package-hash32> Running phase: installPhase
cargo-package-http> Running phase: unpackPhase
building '/nix/store/9jqyy1vi8i2d606d3zvc9nzhb3lp3900-cargo-package-httpdate-1.0.3.drv'...
cargo-package-http> setting SOURCE_DATE_EPOCH to timestamp 1153704088 of file "./crate/tests/status_code.rs"
cargo-package-http> Running phase: patchPhase
cargo-package-http> Running phase: updateAutotoolsGnuConfigScriptsPhase
cargo-package-http> Running phase: installPhase
cargo-package-hyper-util> Running phase: unpackPhase
cargo-package-hyper-util> setting SOURCE_DATE_EPOCH to timestamp 1153704088 of file "./crate/tests/test_utils/mod.rs"
cargo-package-hyper-util> Running phase: patchPhase
cargo-package-hyper-util> Running phase: updateAutotoolsGnuConfigScriptsPhase
building '/nix/store/00ha557syg7kk6nv2s8bybj0ql409d41-cargo-package-hyper-1.8.1.drv'...
cargo-package-httpdate> Running phase: unpackPhase
cargo-package-httpdate> setting SOURCE_DATE_EPOCH to timestamp 1153704088 of file "./crate/src/lib.rs"
cargo-package-httpdate> Running phase: patchPhase
cargo-package-hyper-util> Running phase: installPhase
building '/nix/store/czfgrz2argak9f6qg3d741ydafm5il8a-cargo-package-kvm-ioctls-0.19.1.drv'...
cargo-package-httpdate> Running phase: updateAutotoolsGnuConfigScriptsPhase
cargo-package-httpdate> Running phase: installPhase
cargo-package-hyper> Running phase: unpackPhase
cargo-package-hyper> setting SOURCE_DATE_EPOCH to timestamp 1153704088 of file "./crate/src/upgrade.rs"
cargo-package-hyper> Running phase: patchPhase
cargo-package-hyper> Running phase: updateAutotoolsGnuConfigScriptsPhase
cargo-package-hyper> Running phase: installPhase
building '/nix/store/a2a4w2fznync5220hz9s9ma04nh01pls-cargo-package-io-lifetimes-3.0.1.drv'...
cargo-package-kvm-ioctls> Running phase: unpackPhase
building '/nix/store/hlb7ba8aln08hg4s6p4kbarmy3xd1p50-cargo-package-cargo_metadata-0.19.2.drv'...
building '/nix/store/pz1jaxp2mfy2hclk5p4cw3ajjvfis9v9-cargo-package-futures-channel-0.3.32.drv'...
cargo-package-io-lifetimes> Running phase: unpackPhase
cargo-package-io-lifetimes> setting SOURCE_DATE_EPOCH to timestamp 1153704088 of file "./crate/src/views.rs"
cargo-package-io-lifetimes> Running phase: patchPhase
cargo-package-io-lifetimes> Running phase: updateAutotoolsGnuConfigScriptsPhase
cargo-package-io-lifetimes> Running phase: installPhase
cargo-package-kvm-ioctls> setting SOURCE_DATE_EPOCH to timestamp 1153704088 of file "./crate/src/lib.rs"
cargo-package-kvm-ioctls> Running phase: patchPhase
cargo-package-kvm-ioctls> Running phase: updateAutotoolsGnuConfigScriptsPhase
cargo-package-kvm-ioctls> Running phase: installPhase
building '/nix/store/cy069qn83dd35k212cl96vfay9fj0lg7-cargo-package-jiff-static-0.2.20.drv'...
cargo-package-cargo_metadata> Running phase: unpackPhase
cargo-package-cargo_metadata> setting SOURCE_DATE_EPOCH to timestamp 1153704088 of file "./crate/tests/test_samples.rs"
cargo-package-cargo_metadata> Running phase: patchPhase
cargo-package-cargo_metadata> Running phase: updateAutotoolsGnuConfigScriptsPhase
cargo-package-cargo_metadata> Running phase: installPhase
cargo-package-futures-channel> Running phase: unpackPhase
cargo-package-futures-channel> setting SOURCE_DATE_EPOCH to timestamp 1153704088 of file "./crate/tests/oneshot.rs"
cargo-package-futures-channel> Running phase: patchPhase
building '/nix/store/9fy1f7w12cn5900nvmipbqbj9gxws0mw-cargo-package-clap_builder-4.5.59.drv'...
cargo-package-futures-channel> Running phase: updateAutotoolsGnuConfigScriptsPhase
cargo-package-futures-channel> Running phase: installPhase
cargo-package-jiff-static> Running phase: unpackPhase
building '/nix/store/lyy0d0f4d528ywxc8vnac57i3qjrzd8p-cargo-package-http-body-util-0.1.3.drv'...
cargo-package-clap_builder> Running phase: unpackPhase
cargo-package-jiff-static> setting SOURCE_DATE_EPOCH to timestamp 1153704088 of file "./crate/src/shared/util/utf8.rs"
cargo-package-jiff-static> Running phase: patchPhase
cargo-package-jiff-static> Running phase: updateAutotoolsGnuConfigScriptsPhase
cargo-package-jiff-static> Running phase: installPhase
building '/nix/store/17rjr7r0kryrfg4r3szdfncws88xr9b0-cargo-package-cap-fs-ext-4.0.2.drv'...
cargo-package-clap_builder> setting SOURCE_DATE_EPOCH to timestamp 1153704088 of file "./crate/src/util/str_to_bool.rs"
cargo-package-clap_builder> Running phase: patchPhase
cargo-package-clap_builder> Running phase: updateAutotoolsGnuConfigScriptsPhase
cargo-package-clap_builder> Running phase: installPhase
cargo-package-http-body-util> Running phase: unpackPhase
cargo-package-http-body-util> setting SOURCE_DATE_EPOCH to timestamp 1153704088 of file "./crate/src/util.rs"
cargo-package-http-body-util> Running phase: patchPhase
cargo-package-http-body-util> Running phase: updateAutotoolsGnuConfigScriptsPhase
cargo-package-http-body-util> Running phase: installPhase
building '/nix/store/yc246xmx9fs4bbm6zbphgh7wxqs63why-cargo-package-env_filter-1.0.0.drv'...
cargo-package-cap-fs-ext> Running phase: unpackPhase
cargo-package-cap-fs-ext> setting SOURCE_DATE_EPOCH to timestamp 1153704088 of file "./crate/src/reopen.rs"
cargo-package-cap-fs-ext> Running phase: patchPhase
cargo-package-cap-fs-ext> Running phase: updateAutotoolsGnuConfigScriptsPhase
cargo-package-cap-fs-ext> Running phase: installPhase
building '/nix/store/vh9xyl28gw5d71v0vjddk2zrbc4kcv1c-cargo-package-env_logger-0.11.9.drv'...
cargo-package-env_filter> Running phase: unpackPhase
cargo-package-env_filter> setting SOURCE_DATE_EPOCH to timestamp 1153704088 of file "./crate/src/parser.rs"
cargo-package-env_filter> Running phase: patchPhase
cargo-package-env_filter> Running phase: updateAutotoolsGnuConfigScriptsPhase
cargo-package-env_filter> Running phase: installPhase
building '/nix/store/yvffzfpyxdxw1hzj3vq7jpq2g6pppqi7-cargo-package-cap-std-4.0.2.drv'...
building '/nix/store/5aix78azzi77w499rjm7k21ggvdh2vrn-cargo-package-libbpf-cargo-0.26.0.drv'...
cargo-package-cap-std> Running phase: unpackPhase
cargo-package-cap-std> setting SOURCE_DATE_EPOCH to timestamp 1153704088 of file "./crate/src/time/mod.rs"
cargo-package-env_logger> Running phase: unpackPhase
cargo-package-env_logger> setting SOURCE_DATE_EPOCH to timestamp 1153704088 of file "./crate/src/writer/target.rs"
cargo-package-env_logger> Running phase: patchPhase
cargo-package-env_logger> Running phase: updateAutotoolsGnuConfigScriptsPhase
cargo-package-env_logger> Running phase: installPhase
building '/nix/store/7sz3n7b3j1cqpn76fl3bl5n3g9npvz35-cargo-package-heapless-0.8.0.drv'...
cargo-package-cap-std> Running phase: patchPhase
cargo-package-cap-std> Running phase: updateAutotoolsGnuConfigScriptsPhase
cargo-package-cap-std> Running phase: installPhase
cargo-package-libbpf-cargo> Running phase: unpackPhase
cargo-package-libbpf-cargo> setting SOURCE_DATE_EPOCH to timestamp 1153704088 of file "./crate/src/util.rs"
building '/nix/store/kl9rlrzbchxn1j34xwsajha4k9n3g753-cargo-package-filetime-0.2.29.drv'...
cargo-package-heapless> Running phase: unpackPhase
cargo-package-heapless> setting SOURCE_DATE_EPOCH to timestamp 1153704088 of file "./crate/tests/tsan.rs"
cargo-package-heapless> Running phase: patchPhase
cargo-package-heapless> Running phase: updateAutotoolsGnuConfigScriptsPhase
cargo-package-heapless> Running phase: installPhase
cargo-package-libbpf-cargo> Running phase: patchPhase
cargo-package-libbpf-cargo> Running phase: updateAutotoolsGnuConfigScriptsPhase
cargo-package-libbpf-cargo> Running phase: installPhase
building '/nix/store/7nz3w879jfy571k8cb0s14bfj9zg9yvj-cargo-package-axum-core-0.5.6.drv'...
cargo-package-filetime> Running phase: unpackPhase
cargo-package-filetime> setting SOURCE_DATE_EPOCH to timestamp 1153704088 of file "./crate/src/windows.rs"
cargo-package-filetime> Running phase: patchPhase
cargo-package-filetime> Running phase: updateAutotoolsGnuConfigScriptsPhase
cargo-package-filetime> Running phase: installPhase
cargo-package-axum-core> Running phase: unpackPhase
building '/nix/store/9fcm7y2dj1hcdjis2p0z0i78h31s3pxw-cargo-package-futures-task-0.3.32.drv'...
cargo-package-axum-core> setting SOURCE_DATE_EPOCH to timestamp 1153704088 of file "./crate/src/response/mod.rs"
cargo-package-axum-core> Running phase: patchPhase
cargo-package-axum-core> Running phase: updateAutotoolsGnuConfigScriptsPhase
cargo-package-axum-core> Running phase: installPhase
building '/nix/store/kmyap9z4b5f3brchkn6b66g6nymyiwjm-cargo-package-async-stream-0.3.6.drv'...
building '/nix/store/34840f0nz0bz2lva3zazkq97s1cs19cb-cargo-package-defmt-0.3.100.drv'...
cargo-package-async-stream> Running phase: unpackPhase
cargo-package-async-stream> setting SOURCE_DATE_EPOCH to timestamp 1153704088 of file "./crate/tests/ui/yield_in_nested_fn.stderr"
cargo-package-futures-task> Running phase: unpackPhase
cargo-package-futures-task> setting SOURCE_DATE_EPOCH to timestamp 1153704088 of file "./crate/src/waker_ref.rs"
cargo-package-futures-task> Running phase: patchPhase
cargo-package-futures-task> Running phase: updateAutotoolsGnuConfigScriptsPhase
cargo-package-futures-task> Running phase: installPhase
building '/nix/store/x9xv0gqcsirj7f5k9zz10qcn3rbhpylk-cargo-package-constant_time_eq-0.3.1.drv'...
cargo-package-async-stream> Running phase: patchPhase
cargo-package-async-stream> Running phase: updateAutotoolsGnuConfigScriptsPhase
cargo-package-async-stream> Running phase: installPhase
cargo-package-defmt> Running phase: unpackPhase
cargo-package-defmt> setting SOURCE_DATE_EPOCH to timestamp 1153704088 of file "./crate/src/lib.rs"
cargo-package-defmt> Running phase: patchPhase
cargo-package-defmt> Running phase: updateAutotoolsGnuConfigScriptsPhase
cargo-package-defmt> Running phase: installPhase
cargo-package-constant_time_eq> Running phase: unpackPhase
cargo-package-constant_time_eq> setting SOURCE_DATE_EPOCH to timestamp 1153704088 of file "./crate/tests/count_instructions.rs"
cargo-package-constant_time_eq> Running phase: patchPhase
cargo-package-constant_time_eq> Running phase: updateAutotoolsGnuConfigScriptsPhase
cargo-package-constant_time_eq> Running phase: installPhase
building '/nix/store/hap1l5rakfk3bvna91gb5i8bx0rb7hqi-cargo-package-clap-4.5.59.drv'...
building '/nix/store/4pjyf1zzrqkz4jncx0kipldqg2qq5q9j-cargo-package-blake3-1.8.2.drv'...
building '/nix/store/59a25g0b7jcdcdkxh39rn05mf86hl4lz-cargo-package-libbpf-sys-1.6.3+v1.6.3.drv'...
building '/nix/store/nwxw3h1wz6jx9fb1kwl97w4apjkz50l3-cargo-package-smoltcp-0.12.0.drv'...
cargo-package-blake3> Running phase: unpackPhase
cargo-package-blake3> setting SOURCE_DATE_EPOCH to timestamp 1153704088 of file "./crate/tools/release.md"
cargo-package-blake3> Running phase: patchPhase
cargo-package-blake3> Running phase: updateAutotoolsGnuConfigScriptsPhase
cargo-package-blake3> Running phase: installPhase
cargo-package-clap> Running phase: unpackPhase
cargo-package-clap> setting SOURCE_DATE_EPOCH to timestamp 1153704088 of file "./crate/src/lib.rs"
cargo-package-clap> Running phase: patchPhase
cargo-package-clap> Running phase: updateAutotoolsGnuConfigScriptsPhase
cargo-package-clap> Running phase: installPhase
cargo-package-libbpf-sys> Running phase: unpackPhase
cargo-package-smoltcp> Running phase: unpackPhase
cargo-package-smoltcp> setting SOURCE_DATE_EPOCH to timestamp 1153704088 of file "./crate/utils/packet2pcap.rs"
cargo-package-smoltcp> Running phase: patchPhase
cargo-package-smoltcp> Running phase: updateAutotoolsGnuConfigScriptsPhase
cargo-package-smoltcp> Running phase: installPhase
cargo-package-libbpf-sys> setting SOURCE_DATE_EPOCH to timestamp 1153704088 of file "./crate/zlib/zutil.h"
cargo-package-libbpf-sys> Running phase: patchPhase
cargo-package-libbpf-sys> Running phase: updateAutotoolsGnuConfigScriptsPhase
cargo-package-libbpf-sys> Running phase: installPhase
building '/nix/store/b5imnbfr8sszigcs9fb2fvkz4z7izq32-cargo-package-http-body-1.0.1.drv'...
cargo-package-http-body> Running phase: unpackPhase
cargo-package-http-body> setting SOURCE_DATE_EPOCH to timestamp 1153704088 of file "./crate/tests/is_end_stream.rs"
cargo-package-http-body> Running phase: patchPhase
cargo-package-http-body> Running phase: updateAutotoolsGnuConfigScriptsPhase
cargo-package-http-body> Running phase: installPhase
building '/nix/store/v065x9c6as6zfzh2dlmvj1lcl5qkab8w-cargo-package-jiff-0.2.20.drv'...
building '/nix/store/8hmcxji9a29nbapyzdil8m8hvlynhmvb-cargo-package-js-sys-0.3.85.drv'...
cargo-package-jiff> Running phase: unpackPhase
cargo-package-jiff> setting SOURCE_DATE_EPOCH to timestamp 1153704088 of file "./crate/tests/lib.rs"
cargo-package-jiff> Running phase: patchPhase
cargo-package-jiff> Running phase: updateAutotoolsGnuConfigScriptsPhase
cargo-package-jiff> Running phase: installPhase
building '/nix/store/lnsyqvhp95rbb51qbd5ksp2i9sypq0g0-cargo-package-atomic-waker-1.1.2.drv'...
cargo-package-js-sys> Running phase: unpackPhase
cargo-package-js-sys> setting SOURCE_DATE_EPOCH to timestamp 1153704088 of file "./crate/src/lib.rs"
cargo-package-js-sys> Running phase: patchPhase
cargo-package-js-sys> Running phase: updateAutotoolsGnuConfigScriptsPhase
cargo-package-js-sys> Running phase: installPhase
cargo-package-atomic-waker> Running phase: unpackPhase
cargo-package-atomic-waker> setting SOURCE_DATE_EPOCH to timestamp 1153704088 of file "./crate/tests/basic.rs"
cargo-package-atomic-waker> Running phase: patchPhase
cargo-package-atomic-waker> Running phase: updateAutotoolsGnuConfigScriptsPhase
building '/nix/store/76nwlv7j4rn2zhmwxs6c952vglmff5dj-cargo-package-byteorder-1.5.0.drv'...
cargo-package-atomic-waker> Running phase: installPhase
building '/nix/store/q9d8blqs0vdp9rp0qdz6g4rwvwldj6w5-cargo-package-slab-0.4.12.drv'...
cargo-package-byteorder> Running phase: unpackPhase
cargo-package-byteorder> setting SOURCE_DATE_EPOCH to timestamp 1153704088 of file "./crate/src/lib.rs"
cargo-package-byteorder> Running phase: patchPhase
cargo-package-byteorder> Running phase: updateAutotoolsGnuConfigScriptsPhase
cargo-package-byteorder> Running phase: installPhase
building '/nix/store/y1lm9dq9wbnc41rjcxpkiljgbq9xcadi-cargo-package-anyhow-1.0.101.drv'...
building '/nix/store/s26cw8lh3wn4dcvxsrj3z9nffy0vdghh-cargo-package-bitflags-1.3.2.drv'...
cargo-package-anyhow> Running phase: unpackPhase
cargo-package-slab> Running phase: unpackPhase
cargo-package-slab> setting SOURCE_DATE_EPOCH to timestamp 1153704088 of file "./crate/tests/slab.rs"
cargo-package-slab> Running phase: patchPhase
cargo-package-slab> Running phase: updateAutotoolsGnuConfigScriptsPhase
cargo-package-slab> Running phase: installPhase
building '/nix/store/cnsaxszkmb3igqkxg6j8yyhql6dcpvhb-cargo-package-chrono-0.4.43.drv'...
cargo-package-anyhow> setting SOURCE_DATE_EPOCH to timestamp 1153704088 of file "./crate/tests/ui/wrong-interpolation.stderr"
cargo-package-anyhow> Running phase: patchPhase
cargo-package-anyhow> Running phase: updateAutotoolsGnuConfigScriptsPhase
cargo-package-anyhow> Running phase: installPhase
cargo-package-bitflags> Running phase: unpackPhase
cargo-package-bitflags> Running phase: patchPhase
building '/nix/store/na0d10dh4qmfiq1qiykksrhqzbbml6fb-cargo-package-ipnet-2.12.1.drv'...
cargo-package-bitflags> Running phase: updateAutotoolsGnuConfigScriptsPhase
cargo-package-bitflags> Running phase: installPhase
cargo-package-chrono> Running phase: unpackPhase
cargo-package-chrono> setting SOURCE_DATE_EPOCH to timestamp 1153704088 of file "./crate/tests/win_bindings.rs"
cargo-package-chrono> Running phase: patchPhase
cargo-package-chrono> Running phase: updateAutotoolsGnuConfigScriptsPhase
cargo-package-chrono> Running phase: installPhase
cargo-package-ipnet> Running phase: unpackPhase
cargo-package-ipnet> setting SOURCE_DATE_EPOCH to timestamp 1153704088 of file "./crate/src/parser.rs"
cargo-package-ipnet> Running phase: patchPhase
cargo-package-ipnet> Running phase: updateAutotoolsGnuConfigScriptsPhase
cargo-package-ipnet> Running phase: installPhase
building '/nix/store/ma5mkrjnp50g4ja36gznwz52b44r1h7g-cargo-package-bytes-1.11.1.drv'...
cargo-package-bytes> Running phase: unpackPhase
cargo-package-bytes> setting SOURCE_DATE_EPOCH to timestamp 1153704088 of file "./crate/tests/test_take.rs"
cargo-package-bytes> Running phase: patchPhase
cargo-package-bytes> Running phase: updateAutotoolsGnuConfigScriptsPhase
cargo-package-bytes> Running phase: installPhase
building '/nix/store/3ki77dvvf6h9f8i95ryvcnkazmdcmjki-cargo-package-async-stream-impl-0.3.6.drv'...
building '/nix/store/arixyhf9spc5mgxaqj5igr1xa7nmsib3-cargo-package-defmt-parser-1.0.0.drv'...
cargo-package-async-stream-impl> Running phase: unpackPhase
building '/nix/store/xbmvfggm93chlwxyi82crshf46s5aqwd-cargo-package-cargo-platform-0.1.9.drv'...
cargo-package-async-stream-impl> setting SOURCE_DATE_EPOCH to timestamp 1153704088 of file "./crate/src/lib.rs"
cargo-package-async-stream-impl> Running phase: patchPhase
cargo-package-async-stream-impl> Running phase: updateAutotoolsGnuConfigScriptsPhase
cargo-package-async-stream-impl> Running phase: installPhase
cargo-package-defmt-parser> Running phase: unpackPhase
cargo-package-defmt-parser> setting SOURCE_DATE_EPOCH to timestamp 1153704088 of file "./crate/src/types.rs"
cargo-package-defmt-parser> Running phase: patchPhase
cargo-package-defmt-parser> Running phase: updateAutotoolsGnuConfigScriptsPhase
cargo-package-defmt-parser> Running phase: installPhase
cargo-package-cargo-platform> Running phase: unpackPhase
building '/nix/store/7rngxziwsdfd3d9x88mfr70zfyfd94dc-cargo-package-cap-primitives-4.0.2.drv'...
cargo-package-cargo-platform> setting SOURCE_DATE_EPOCH to timestamp 1153704088 of file "./crate/tests/test_cfg.rs"
cargo-package-cargo-platform> Running phase: patchPhase
cargo-package-cargo-platform> Running phase: updateAutotoolsGnuConfigScriptsPhase
cargo-package-cargo-platform> Running phase: installPhase
cargo-package-cap-primitives> Running phase: unpackPhase
cargo-package-cap-primitives> setting SOURCE_DATE_EPOCH to timestamp 1153704088 of file "./crate/src/windows/mod.rs"
cargo-package-cap-primitives> Running phase: patchPhase
cargo-package-cap-primitives> Running phase: updateAutotoolsGnuConfigScriptsPhase
cargo-package-cap-primitives> Running phase: installPhase
building '/nix/store/52rx920sb3vr7mi9092mh8y0l43as6z4-cargo-package-kvm-bindings-0.10.0.drv'...
building '/nix/store/a0pqachnm1k5v4dkpwsi6j9rmbm72581-cargo-package-defmt-macros-1.0.1.drv'...
cargo-package-kvm-bindings> Running phase: unpackPhase
cargo-package-kvm-bindings> setting SOURCE_DATE_EPOCH to timestamp 1153704088 of file "./crate/src/x86_64/serialize.rs"
cargo-package-kvm-bindings> Running phase: patchPhase
cargo-package-kvm-bindings> Running phase: updateAutotoolsGnuConfigScriptsPhase
cargo-package-kvm-bindings> Running phase: installPhase
building '/nix/store/dl7wm9kxjlsrsi8apbsdli9awvwv0110-cargo-package-defmt-1.0.1.drv'...
building '/nix/store/6xzy2saj2bayfrw336dw59v4zyckbk3l-cargo-package-futures-util-0.3.32.drv'...
cargo-package-defmt> Running phase: unpackPhase
cargo-package-defmt> setting SOURCE_DATE_EPOCH to timestamp 1153704088 of file "./crate/tests/ui/write-invalid-hint.stderr"
cargo-package-defmt> Running phase: patchPhase
cargo-package-defmt> Running phase: updateAutotoolsGnuConfigScriptsPhase
cargo-package-defmt> Running phase: installPhase
cargo-package-defmt-macros> Running phase: unpackPhase
cargo-package-defmt-macros> setting SOURCE_DATE_EPOCH to timestamp 1153704088 of file "./crate/src/lib.rs"
cargo-package-defmt-macros> Running phase: patchPhase
cargo-package-defmt-macros> Running phase: updateAutotoolsGnuConfigScriptsPhase
cargo-package-defmt-macros> Running phase: installPhase
building '/nix/store/dalsqfihmhmvhwfpib66s1cqipp1lf2m-cargo-package-axum-0.8.8.drv'...
cargo-package-futures-util> Running phase: unpackPhase
cargo-package-futures-util> setting SOURCE_DATE_EPOCH to timestamp 1153704088 of file "./crate/src/unfold_state.rs"
cargo-package-futures-util> Running phase: patchPhase
cargo-package-futures-util> Running phase: updateAutotoolsGnuConfigScriptsPhase
cargo-package-futures-util> Running phase: installPhase
cargo-package-axum> Running phase: unpackPhase
cargo-package-axum> setting SOURCE_DATE_EPOCH to timestamp 1153704088 of file "./crate/tests/panic_location.rs"
cargo-package-axum> Running phase: patchPhase
cargo-package-axum> Running phase: updateAutotoolsGnuConfigScriptsPhase
cargo-package-axum> Running phase: installPhase
building '/nix/store/wpir8m7idl6kdvmvxskr62bb9vr81v0b-vendor-registry.drv'...
building '/nix/store/s07x2f7m2azlrz1d1hnnkcjfd1bz8cy3-vendor-cargo-deps.drv'...
building '/nix/store/3lix2sxy3h4qzm5gknx7cciq67x8w7l0-octet-consumer-check.drv'...
octet-consumer-check>    Compiling libc v0.2.180
octet-consumer-check>    Compiling proc-macro2 v1.0.106
octet-consumer-check>    Compiling unicode-ident v1.0.24
octet-consumer-check>    Compiling quote v1.0.44
octet-consumer-check>    Compiling find-msvc-tools v0.1.9
octet-consumer-check>    Compiling shlex v1.3.0
octet-consumer-check>     Checking cfg-if v1.0.4
octet-consumer-check>    Compiling serde_core v1.0.228
octet-consumer-check>     Checking itoa v1.0.17
octet-consumer-check>    Compiling zmij v1.0.21
octet-consumer-check>    Compiling serde v1.0.228
octet-consumer-check>     Checking bitflags v2.11.0
octet-consumer-check>     Checking memchr v2.8.0
octet-consumer-check>    Compiling cfg_aliases v0.2.1
octet-consumer-check>    Compiling zerocopy v0.8.39
octet-consumer-check>    Compiling pkg-config v0.3.32
octet-consumer-check>     Checking arrayvec v0.7.8
octet-consumer-check>     Checking constant_time_eq v0.3.1
octet-consumer-check>     Checking arrayref v0.3.9
octet-consumer-check>    Compiling serde_json v1.0.149
octet-consumer-check>    Compiling heck v0.5.0
octet-consumer-check>    Compiling thiserror v2.0.18
octet-consumer-check>    Compiling rustix v1.1.3
octet-consumer-check>     Checking once_cell v1.21.3
octet-consumer-check>     Checking log v0.4.29
octet-consumer-check>     Checking pin-project-lite v0.2.16
octet-consumer-check>     Checking linux-raw-sys v0.11.0
octet-consumer-check>     Checking byteorder v1.5.0
octet-consumer-check>    Compiling getrandom v0.3.4
octet-consumer-check>    Compiling version_check v0.9.5
octet-consumer-check>    Compiling arrayref v0.3.9
octet-consumer-check>     Checking futures-core v0.3.32
octet-consumer-check>    Compiling cfg_if v1.0.4
octet-consumer-check>     Checking utf8parse v0.2.2
octet-consumer-check>    Compiling constant_time_eq v0.3.1
octet-consumer-check>     Checking colorchoice v1.0.4
octet-consumer-check>    Compiling nix v0.31.1
octet-consumer-check>    Compiling cfg_if v1.0.4
octet-consumer-check>    Compiling cfg_aliases v0.2.1
octet-consumer-check>    Compiling pin_project_lite v0.2.16
octet-consumer-check>     Checking is_terminal_polyfill v1.70.2
octet-consumer-check>    Compiling unicode_ident v1.0.24
octet-consumer-check>     Checking bitflags v1.3.2
octet-consumer-check>    Compiling bitflags v2.11.0
octet-consumer-check>     Checking anstyle-query v1.1.5
octet-consumer-check>    Compiling itoa v1.0.17
octet-consumer-check>     Checking anstyle v1.0.13
octet-consumer-check>     Checking anstyle-parse v0.2.7
octet-consumer-check>    Compiling utf8parse v0.2.2
octet-consumer-check>    Compiling io-lifetimes v2.0.4
octet-consumer-check>    Compiling colorchoice v1.0.4
octet-consumer-check>     Checking regex-syntax v0.8.9
octet-consumer-check>    Compiling shlex v1.3.0
octet-consumer-check>    Compiling is_terminal_polyfill v1.70.2
octet-consumer-check>    Compiling io-lifetimes v3.0.1
octet-consumer-check>    Compiling futures_core v0.3.32
octet-consumer-check>     Checking bytes v1.11.1
octet-consumer-check>    Compiling bitflags v1.3.2
octet-consumer-check>    Compiling autocfg v1.5.0
octet-consumer-check>    Compiling io-extras v0.19.0
octet-consumer-check>    Compiling anstyle_query v1.1.5
octet-consumer-check>     Checking typenum v1.20.0
octet-consumer-check>    Compiling heck v0.5.0
octet-consumer-check>    Compiling find_msvc_tools v0.1.9
octet-consumer-check>    Compiling log v0.4.29
octet-consumer-check>    Compiling arrayvec v0.7.8
octet-consumer-check>    Compiling cap-primitives v4.0.2
octet-consumer-check>    Compiling once_cell v1.21.3
octet-consumer-check>    Compiling utf8parse v0.2.2
octet-consumer-check>    Compiling anstyle_parse v0.2.7
octet-consumer-check>    Compiling byteorder v1.5.0
octet-consumer-check>    Compiling build-script-build v1.0.44
octet-consumer-check>    Compiling build-script-build v1.0.149
octet-consumer-check>    Compiling build-script-build v1.0.21
octet-consumer-check>    Compiling build-script-build v2.0.18
octet-consumer-check>    Compiling build-script-build v1.0.228
octet-consumer-check>    Compiling build-script-build v1.0.228
octet-consumer-check>    Compiling build-script-build v1.0.106
octet-consumer-check>    Compiling cap-std v4.0.2
octet-consumer-check>     Checking tower-service v0.3.3
octet-consumer-check>    Compiling bitflags v2.11.0
octet-consumer-check>    Compiling build-script-build v0.2.180
octet-consumer-check>     Checking jiff v0.2.20
octet-consumer-check>    Compiling build-script-build v0.8.39
octet-consumer-check>    Compiling tower_service v0.3.3
octet-consumer-check>     Checking maybe-owned v0.3.4
octet-consumer-check>     Checking ipnet v2.12.1
octet-consumer-check>    Compiling anstyle_query v1.1.5
octet-consumer-check>    Compiling build-script-build v1.0.228
octet-consumer-check>    Compiling kvm-ioctls v0.19.1
octet-consumer-check>    Compiling generic-array v0.14.7
octet-consumer-check>    Compiling version_check v0.9.5
octet-consumer-check>    Compiling build-script-build v1.1.3
octet-consumer-check>    Compiling colorchoice v1.0.4
octet-consumer-check>    Compiling build-script-build v0.3.4
octet-consumer-check>    Compiling camino v1.2.2
octet-consumer-check>     Checking anstream v0.6.21
octet-consumer-check>    Compiling anstyle v1.0.13
octet-consumer-check>    Compiling build-script-build v3.0.1
octet-consumer-check>    Compiling memchr v2.8.0
octet-consumer-check>     Checking aho-corasick v1.1.4
octet-consumer-check>    Compiling build-script-build v0.19.0
octet-consumer-check>    Compiling linux_raw_sys v0.11.0
octet-consumer-check>    Compiling crc32fast v1.5.0
octet-consumer-check>    Compiling build-script-build v2.0.4
octet-consumer-check>    Compiling anyhow v1.0.101
octet-consumer-check>    Compiling io_lifetimes v3.0.1
octet-consumer-check>    Compiling ipnet v2.12.1
octet-consumer-check>     Checking ambient-authority v0.0.2
octet-consumer-check>     Checking http v1.4.0
octet-consumer-check>    Compiling bytes v1.11.1
octet-consumer-check>    Compiling num-traits v0.2.19
octet-consumer-check>    Compiling autocfg v1.5.0
octet-consumer-check>    Compiling maybe_owned v0.3.4
octet-consumer-check>    Compiling httparse v1.10.1
octet-consumer-check>    Compiling io_lifetimes v2.0.4
octet-consumer-check>    Compiling ambient_authority v0.0.2
octet-consumer-check>    Compiling anstyle_parse v0.2.7
octet-consumer-check>    Compiling build-script-build v1.0.228
octet-consumer-check>    Compiling zmij v1.0.21
octet-consumer-check>     Checking tracing-core v0.1.36
octet-consumer-check>    Compiling build-script-build v0.14.7
octet-consumer-check>    Compiling is_terminal_polyfill v1.70.2
octet-consumer-check>    Compiling nix v0.30.1
octet-consumer-check>    Compiling build-script-build v0.19.1
octet-consumer-check>    Compiling lazy_static v1.5.0
octet-consumer-check>    Compiling cap-fs-ext v4.0.2
octet-consumer-check>    Compiling io_extras v0.19.0
octet-consumer-check>     Checking clap_lex v1.0.0
octet-consumer-check>    Compiling linkme-impl v0.3.35
octet-consumer-check>    Compiling pkg_config v0.3.32
octet-consumer-check>    Compiling build-script-build v4.0.2
octet-consumer-check>    Compiling once_cell v1.21.3
octet-consumer-check>    Compiling lazy_static v1.5.0
octet-consumer-check>    Compiling anstyle v1.0.13
octet-consumer-check>    Compiling build-script-build v4.0.2
octet-consumer-check>    Compiling build-script-build v0.31.1
octet-consumer-check>    Compiling clap_lex v1.0.0
octet-consumer-check>    Compiling build-script-build v0.2.19
octet-consumer-check>    Compiling build-script-build v1.0.149
octet-consumer-check>     Checking tower-layer v0.3.3
octet-consumer-check>    Compiling iana-time-zone v0.1.65
octet-consumer-check>     Checking strsim v0.11.1
octet-consumer-check>    Compiling build-script-build v1.5.0
octet-consumer-check>    Compiling build-script-build v1.2.2
octet-consumer-check>    Compiling build-script-build v1.1.3
octet-consumer-check>    Compiling typenum v1.20.0
octet-consumer-check>    Compiling syn v2.0.116
octet-consumer-check>    Compiling tower_layer v0.3.3
octet-consumer-check>    Compiling build-script-build v4.0.2
octet-consumer-check>    Compiling zmij v1.0.21
octet-consumer-check>    Compiling sharded-slab v0.1.7
octet-consumer-check>    Compiling anstream v0.6.21
octet-consumer-check>    Compiling build-script-build v1.0.101
octet-consumer-check>     Checking futures-channel v0.3.32
octet-consumer-check>    Compiling thread_local v1.1.9
octet-consumer-check>     Checking atomic-waker v1.1.2
octet-consumer-check>    Compiling clap_lex v1.0.0
octet-consumer-check>    Compiling fastrand v2.3.0
octet-consumer-check>    Compiling quote v1.0.44
octet-consumer-check>    Compiling proc_macro2 v1.0.106
octet-consumer-check>    Compiling linkme v0.3.35
octet-consumer-check>     Checking vm-superio v0.8.1
octet-consumer-check>    Compiling itoa v1.0.17
octet-consumer-check>    Compiling build-script-build v0.3.35
octet-consumer-check>     Checking slab v0.4.12
octet-consumer-check>    Compiling crc32fast v1.5.0
octet-consumer-check>    Compiling zstd-safe v7.2.4
octet-consumer-check>    Compiling atomic_waker v1.1.2
octet-consumer-check>     Checking cpufeatures v0.2.17
octet-consumer-check>     Checking percent-encoding v2.3.2
octet-consumer-check>    Compiling cpufeatures v0.2.17
octet-consumer-check>     Checking httpdate v1.0.3
octet-consumer-check>    Compiling vm_superio v0.8.1
octet-consumer-check>    Compiling iana_time_zone v0.1.65
octet-consumer-check>     Checking smallvec v1.15.1
octet-consumer-check>    Compiling tracing_core v0.1.36
octet-consumer-check>     Checking tracing v0.1.44
octet-consumer-check>     Checking pin-utils v0.1.0
octet-consumer-check>    Compiling futures_channel v0.3.32
octet-consumer-check>     Checking sync_wrapper v1.0.2
octet-consumer-check>    Compiling pin_project_lite v0.2.16
octet-consumer-check>     Checking clap_builder v4.5.59
octet-consumer-check>    Compiling strsim v0.11.1
octet-consumer-check>    Compiling build-script-build v1.10.1
octet-consumer-check>     Checking futures-task v0.3.32
octet-consumer-check>    Compiling thread_local v1.1.9
octet-consumer-check>    Compiling nu-ansi-term v0.50.3
octet-consumer-check>    Compiling pin_utils v0.1.0
octet-consumer-check>    Compiling sync_wrapper v1.0.2
octet-consumer-check>    Compiling fastrand v2.3.0
octet-consumer-check>    Compiling httpdate v1.0.3
octet-consumer-check>     Checking ciborium-io v0.2.2
octet-consumer-check>    Compiling slab v0.4.12
octet-consumer-check>     Checking http-body v1.0.1
octet-consumer-check>    Compiling http v1.4.0
octet-consumer-check>     Checking ryu v1.0.23
octet-consumer-check>    Compiling arrayref v0.3.9
octet-consumer-check>     Checking form_urlencoded v1.2.2
octet-consumer-check>    Compiling percent_encoding v2.3.2
octet-consumer-check>    Compiling futures_task v0.3.32
octet-consumer-check>     Checking futures-util v0.3.32
octet-consumer-check>     Checking bounded-exec-core v0.1.0 (https://git.onix.computer/z2CpqLFpdP36fZXYUK5ZNWxMibpCo.git?rev=29dac88ecded94457572db3fdfaaaab95fa91525#29dac88e)
octet-consumer-check>    Compiling ciborium_io v0.2.2
octet-consumer-check>    Compiling constant_time_eq v0.3.1
octet-consumer-check>    Compiling build-script-build v7.2.4
octet-consumer-check>    Compiling build-script-build v0.3.35
octet-consumer-check>    Compiling anstream v0.6.21
octet-consumer-check>     Checking bounded-tree-core v0.1.0 (https://seed.radicle.garden/zqhtZvsteJhxCJE96dMAZSZ9y1PX.git?rev=b0fd0103bc9eed2c1b6d852045959462d105d8f1#b0fd0103)
octet-consumer-check>    Compiling build-script-build v0.30.1
octet-consumer-check>    Compiling heapless v0.8.0
octet-consumer-check>     Checking http-body-util v0.1.3
octet-consumer-check>    Compiling http_body v1.0.1
octet-consumer-check>     Checking mime v0.3.17
octet-consumer-check>    Compiling bounded_exec_core v0.1.0
octet-consumer-check>     Checking hash32 v0.3.1
octet-consumer-check>    Compiling ryu v1.0.23
octet-consumer-check>    Compiling redb v3.1.1
octet-consumer-check>    Compiling form_urlencoded v1.2.2
octet-consumer-check>    Compiling smallvec v1.15.1
octet-consumer-check>     Checking matchit v0.8.4
octet-consumer-check>     Checking stable_deref_trait v1.2.1
octet-consumer-check>    Compiling strsim v0.11.1
octet-consumer-check>    Compiling smoltcp v0.12.0
octet-consumer-check>    Compiling stable_deref_trait v1.2.1
octet-consumer-check>    Compiling hash32 v0.3.1
octet-consumer-check>     Checking tower-http v0.6.8
octet-consumer-check>     Checking managed v0.8.0
octet-consumer-check>    Compiling tracing v0.1.44
octet-consumer-check>     Checking block-buffer v0.10.4
octet-consumer-check>    Compiling generic_array v0.14.7
octet-consumer-check>    Compiling httparse v1.10.1
octet-consumer-check>     Checking crypto-common v0.1.7
octet-consumer-check>    Compiling aho_corasick v1.1.4
octet-consumer-check>    Compiling fastrand v2.3.0
octet-consumer-check>    Compiling bounded_tree_core v0.1.0
octet-consumer-check>    Compiling arrayvec v0.7.8
octet-consumer-check>    Compiling block_buffer v0.10.4
octet-consumer-check>    Compiling crypto_common v0.1.7
octet-consumer-check>     Checking digest v0.10.7
octet-consumer-check>    Compiling nu_ansi_term v0.50.3
octet-consumer-check>    Compiling mime v0.3.17
octet-consumer-check>    Compiling build-script-build v3.1.1
octet-consumer-check>    Compiling linux_raw_sys v0.11.0
octet-consumer-check>    Compiling http_body_util v0.1.3
octet-consumer-check>     Checking axum-core v0.5.6
octet-consumer-check>    Compiling matchit v0.8.4
octet-consumer-check>    Compiling build-script-build v0.8.0
octet-consumer-check>    Compiling managed v0.8.0
octet-consumer-check>    Compiling tracing_core v0.1.36
octet-consumer-check>    Compiling sharded_slab v0.1.7
octet-consumer-check>    Compiling digest v0.10.7
octet-consumer-check>     Checking sha2 v0.10.9
octet-consumer-check>    Compiling anyhow v1.0.101
octet-consumer-check>    Compiling tower_http v0.6.8
octet-consumer-check>    Compiling build-script-build v0.12.0
octet-consumer-check>    Compiling anyhow v1.0.101
octet-consumer-check>    Compiling tracing v0.1.44
octet-consumer-check>    Compiling memchr v2.8.0
octet-consumer-check>    Compiling sha2 v0.10.9
octet-consumer-check>    Compiling chrono v0.4.43
octet-consumer-check>    Compiling num_traits v0.2.19
octet-consumer-check>    Compiling heapless v0.8.0
octet-consumer-check>    Compiling regex_syntax v0.8.9
octet-consumer-check>     Checking regex-automata v0.4.14
octet-consumer-check>    Compiling jobserver v0.1.34
octet-consumer-check>    Compiling memmap2 v0.9.10
octet-consumer-check>    Compiling libc v0.2.180
octet-consumer-check>    Compiling getrandom v0.3.4
octet-consumer-check>    Compiling memmap2 v0.9.10
octet-consumer-check>    Compiling cc v1.2.56
octet-consumer-check>    Compiling jobserver v0.1.34
octet-consumer-check>     Checking serde_path_to_error v0.1.20
octet-consumer-check>    Compiling serde_core v1.0.228
octet-consumer-check>     Checking getrandom v0.2.17
octet-consumer-check>    Compiling libc v0.2.180
octet-consumer-check>     Checking mio v1.1.1
octet-consumer-check>     Checking vmm-sys-util v0.12.1
octet-consumer-check>     Checking socket2 v0.6.3
octet-consumer-check>     Checking filetime v0.2.29
octet-consumer-check>    Compiling serde_path_to_error v0.1.20
octet-consumer-check>    Compiling axum_core v0.5.6
octet-consumer-check>    Compiling getrandom v0.2.17
octet-consumer-check>     Checking rand_core v0.6.4
octet-consumer-check>    Compiling filetime v0.2.29
octet-consumer-check>    Compiling getrandom v0.3.4
octet-consumer-check>    Compiling rand_core v0.6.4
octet-consumer-check>    Compiling socket2 v0.6.3
octet-consumer-check>    Compiling mio v1.1.1
octet-consumer-check>    Compiling futures_util v0.3.32
octet-consumer-check>    Compiling tracing-subscriber v0.3.22
octet-consumer-check>    Compiling vmm_sys_util v0.12.1
octet-consumer-check>     Checking fs-set-times v0.20.3
octet-consumer-check>    Compiling rustix v1.1.3
octet-consumer-check>     Checking rustix-linux-procfs v0.1.1
octet-consumer-check>     Checking xattr v1.6.1
octet-consumer-check>     Checking tempfile v3.25.0
octet-consumer-check>    Compiling chrono v0.4.43
octet-consumer-check>    Compiling fs_set_times v0.20.3
octet-consumer-check>    Compiling clap_builder v4.5.59
octet-consumer-check>     Checking tar v0.4.46
octet-consumer-check>    Compiling xattr v1.6.1
octet-consumer-check>    Compiling jiff v0.2.20
octet-consumer-check>    Compiling nix v0.31.1
octet-consumer-check>    Compiling rustix_linux_procfs v0.1.1
octet-consumer-check>    Compiling nix v0.30.1
octet-consumer-check>     Checking bounded-exec v0.1.0 (https://git.onix.computer/z2CpqLFpdP36fZXYUK5ZNWxMibpCo.git?rev=29dac88ecded94457572db3fdfaaaab95fa91525#29dac88e)
octet-consumer-check>    Compiling tempfile v3.25.0
octet-consumer-check>    Compiling serde_json v1.0.149
octet-consumer-check>    Compiling rustix v1.1.3
octet-consumer-check>    Compiling bounded_exec v0.1.0
octet-consumer-check>    Compiling cc v1.2.56
octet-consumer-check>    Compiling blake3 v1.8.2
octet-consumer-check>    Compiling vsprintf v2.0.0
octet-consumer-check>    Compiling libbpf-sys v1.6.3+v1.6.3
octet-consumer-check>    Compiling zstd-sys v2.0.16+zstd.1.5.7
octet-consumer-check>    Compiling tempfile v3.25.0
octet-consumer-check>    Compiling tar v0.4.46
octet-consumer-check>    Compiling cap_primitives v4.0.2
octet-consumer-check>    Compiling semver v1.0.27
octet-consumer-check>    Compiling build-script-build v2.0.0
octet-consumer-check>     Checking regex v1.12.3
octet-consumer-check>    Compiling regex_automata v0.4.14
octet-consumer-check>    Compiling serde_core v1.0.228
octet-consumer-check>    Compiling build-script-build v1.8.2
octet-consumer-check>    Compiling build-script-build v2.0.16+zstd.1.5.7
octet-consumer-check>    Compiling build-script-build v1.6.3+v1.6.3
octet-consumer-check>     Checking chaoscontrol-guest-net v0.1.0 (/build/source/crates/chaoscontrol-guest-net)
octet-consumer-check>    Compiling smoltcp v0.12.0
octet-consumer-check>    Compiling cap_std v4.0.2
octet-consumer-check>    Compiling cap_fs_ext v4.0.2
octet-consumer-check>    Compiling vsprintf v2.0.0
octet-consumer-check>    Compiling semver v1.0.27
octet-consumer-check>    Compiling chaoscontrol_guest_net v0.1.0
octet-consumer-check>    Compiling vsprintf v2.0.0
octet-consumer-check>    Compiling regex v1.12.3
octet-consumer-check>     Checking env_filter v1.0.0
octet-consumer-check>    Compiling redb v3.1.1
octet-consumer-check>    Compiling syn v2.0.116
octet-consumer-check>    Compiling serde_derive v1.0.228
octet-consumer-check>    Compiling zerocopy-derive v0.8.39
octet-consumer-check>    Compiling camino v1.2.2
octet-consumer-check>    Compiling thiserror-impl v2.0.18
octet-consumer-check>    Compiling clap_builder v4.5.59
octet-consumer-check>    Compiling snafu-derive v0.8.9
octet-consumer-check>    Compiling env_filter v1.0.0
octet-consumer-check>    Compiling clap_derive v4.5.55
octet-consumer-check>    Compiling zerocopy-derive v0.7.35
octet-consumer-check>    Compiling tokio-macros v2.6.1
octet-consumer-check>     Checking env_logger v0.11.9
octet-consumer-check>    Compiling async-stream-impl v0.3.6
octet-consumer-check>     Checking bounded-tree-cap v0.1.0 (https://seed.radicle.garden/zqhtZvsteJhxCJE96dMAZSZ9y1PX.git?rev=b0fd0103bc9eed2c1b6d852045959462d105d8f1#b0fd0103)
octet-consumer-check>    Compiling blake3 v1.8.2
octet-consumer-check>    Compiling tracing_subscriber v0.3.22
octet-consumer-check>    Compiling env_logger v0.11.9
octet-consumer-check>    Compiling blake3 v1.8.2
octet-consumer-check>    Compiling bounded_tree_cap v0.1.0
octet-consumer-check>    Compiling async_stream_impl v0.3.6
octet-consumer-check>     Checking async-stream v0.3.6
octet-consumer-check>    Compiling tokio_macros v2.6.1
octet-consumer-check>     Checking tokio v1.50.0
octet-consumer-check>    Compiling async_stream v0.3.6
octet-consumer-check>     Checking zerocopy v0.7.35
octet-consumer-check>    Compiling zerocopy_derive v0.7.35
octet-consumer-check>    Compiling linkme_impl v0.3.35
octet-consumer-check>    Compiling linkme v0.3.35
octet-consumer-check>    Compiling thiserror_impl v2.0.18
octet-consumer-check>    Compiling serde_json v1.0.149
octet-consumer-check>    Compiling thiserror v2.0.18
octet-consumer-check>     Checking vm-memory v0.17.1
octet-consumer-check>    Compiling thiserror v2.0.18
octet-consumer-check>    Compiling zerocopy_derive v0.8.39
octet-consumer-check>    Compiling zerocopy v0.7.35
octet-consumer-check>    Compiling snafu_derive v0.8.9    Checking snafu v0.8.9
octet-consumer-check> 
octet-consumer-check>     Checking linux-loader v0.13.2
octet-consumer-check>    Compiling vm_memory v0.17.1
octet-consumer-check>    Compiling clap_derive v4.5.55
octet-consumer-check>    Compiling clap v4.5.59
octet-consumer-check>    Compiling snafu v0.8.9
octet-consumer-check>    Compiling clap v4.5.59
octet-consumer-check>    Compiling clap v4.5.59
octet-consumer-check>    Compiling linux_loader v0.13.2
octet-consumer-check>    Compiling libbpf_sys v1.6.3+v1.6.3    Checking libbpf-rs v0.26.0
octet-consumer-check> 
octet-consumer-check>    Compiling libbpf_sys v1.6.3+v1.6.3
octet-consumer-check>    Compiling serde_derive v1.0.228
octet-consumer-check>    Compiling libbpf_rs v0.26.0
octet-consumer-check>    Compiling zstd_sys v2.0.16+zstd.1.5.7
octet-consumer-check>    Compiling serde v1.0.228
octet-consumer-check>     Checking chaoscontrol-protocol v0.1.0 (/build/source/crates/chaoscontrol-protocol)
octet-consumer-check>     Checking kvm-bindings v0.10.0
octet-consumer-check>     Checking chaoscontrol-smr v0.1.0 (/build/source/crates/chaoscontrol-smr)
octet-consumer-check>     Checking serde_urlencoded v0.7.1
octet-consumer-check>     Checking chaoscontrol-snapshot-descriptor v0.1.0 (/build/source/crates/chaoscontrol-snapshot-descriptor)
octet-consumer-check>    Compiling cargo-platform v0.1.9
octet-consumer-check>    Compiling zstd_safe v7.2.4
octet-consumer-check>     Checking zstd v0.13.3
octet-consumer-check>    Compiling serde v1.0.228
octet-consumer-check>    Compiling serde_urlencoded v0.7.1
octet-consumer-check>    Compiling cargo_metadata v0.19.2
octet-consumer-check>    Compiling cargo_platform v0.1.9
octet-consumer-check>    Compiling libbpf_rs v0.26.0
octet-consumer-check>    Compiling zstd v0.13.3
octet-consumer-check> warning: source file is 817 lines (limit: 300)
octet-consumer-check>    --> crates/chaoscontrol-protocol/src/fallback.rs:1:1
octet-consumer-check>     |
octet-consumer-check>   1 | / //! Versioned fallback assertion records and deterministic bounded sinks.
octet-consumer-check>   2 | | //!
octet-consumer-check>   3 | | //! This module is the pure protocol boundary for processes that do not link
octet-consumer-check>   4 | | //! the Rust SDK. Filesystem or shared-device adapters supply complete lines;
octet-consumer-check> ...   |
octet-consumer-check> 817 | | }
octet-consumer-check>     | |__^
octet-consumer-check>     |
octet-consumer-check>     = help: Tiger Style (File Length): split oversized source files along module or responsibility boundaries Example: mod parser; mod planner; mod executor;
octet-consumer-check>     = note: see Tiger Style guide: File Length
octet-consumer-check>     = note: `#[warn(tigerstyle::excessive_file_length)]` on by default
octet-consumer-check> 
octet-consumer-check> warning: source file is 792 lines (limit: 300)
octet-consumer-check>    --> crates/chaoscontrol-protocol/src/guest_process.rs:1:1
octet-consumer-check>     |
octet-consumer-check>   1 | / use crate::process::{ProcessFaultAction, ProcessFaultCommand};
octet-consumer-check>   2 | | use serde::{Deserialize, Serialize};
octet-consumer-check>   3 | | use std::collections::{BTreeMap, BTreeSet};
octet-consumer-check> ...   |
octet-consumer-check> 792 | | }
octet-consumer-check>     | |__^
octet-consumer-check>     |
octet-consumer-check>     = help: Tiger Style (File Length): split oversized source files along module or responsibility boundaries Example: mod parser; mod planner; mod executor;
octet-consumer-check>     = note: see Tiger Style guide: File Length
octet-consumer-check> 
octet-consumer-check> warning: source file is 451 lines (limit: 300)
octet-consumer-check>    --> crates/chaoscontrol-protocol/src/oci_intake.rs:1:1
octet-consumer-check>     |
octet-consumer-check>   1 | / //! Pure OCI and directory intake planning with bounded provenance identities.
octet-consumer-check>   2 | |
octet-consumer-check>   3 | | use crate::guest_process::{
octet-consumer-check>   4 | |     admit_manifest, AdmittedManifest, ProcessManifest, ProcessSpec, RestartPolicy,
octet-consumer-check> ...   |
octet-consumer-check> 451 | | }
octet-consumer-check>     | |__^
octet-consumer-check>     |
octet-consumer-check>     = help: Tiger Style (File Length): split oversized source files along module or responsibility boundaries Example: mod parser; mod planner; mod executor;
octet-consumer-check>     = note: see Tiger Style guide: File Length
octet-consumer-check> 
octet-consumer-check> warning: module directory `crates/chaoscontrol-protocol/src` contains 10 Rust source files (limit: 7)
octet-consumer-check>    --> crates/chaoscontrol-protocol/src/branch_marker.rs:1:1
octet-consumer-check>     |
octet-consumer-check>   1 | / //! Bounded guest-declared branch-marker identity and admission.
octet-consumer-check>   2 | |
octet-consumer-check>   3 | | use serde::{Deserialize, Serialize};
octet-consumer-check> ...   |
octet-consumer-check> 220 | | }
octet-consumer-check>     | |__^
octet-consumer-check>     |
octet-consumer-check>     = help: Tiger Style (Module Size): split crowded module directories into smaller responsibility-based submodules Example: mod parser; mod planner; mod executor;
octet-consumer-check>     = note: see Tiger Style guide: File Length
octet-consumer-check>     = note: `#[warn(tigerstyle::module_file_count)]` on by default
octet-consumer-check> 
octet-consumer-check> warning: module filename `branch_marker.rs` contains an underscore; prefer `branch/marker.rs`
octet-consumer-check>    --> crates/chaoscontrol-protocol/src/branch_marker.rs:1:1
octet-consumer-check>     |
octet-consumer-check>   1 | / //! Bounded guest-declared branch-marker identity and admission.
octet-consumer-check>   2 | |
octet-consumer-check>   3 | | use serde::{Deserialize, Serialize};
octet-consumer-check> ...   |
octet-consumer-check> 220 | | }
octet-consumer-check>     | |__^
octet-consumer-check>     |
octet-consumer-check>     = help: Tiger Style (Searchable Module Paths): replace compound module filenames with responsibility-based directory paths Example: compute/vm.rs
octet-consumer-check>     = note: see Tiger Style guide: Naming
octet-consumer-check>     = note: `#[warn(tigerstyle::underscore_in_module_filename)]` on by default
octet-consumer-check> 
octet-consumer-check> warning: module filename `guest_process.rs` contains an underscore; prefer `guest/process.rs`
octet-consumer-check>    --> crates/chaoscontrol-protocol/src/guest_process.rs:1:1
octet-consumer-check>     |
octet-consumer-check>   1 | / use crate::process::{ProcessFaultAction, ProcessFaultCommand};
octet-consumer-check>   2 | | use serde::{Deserialize, Serialize};
octet-consumer-check>   3 | | use std::collections::{BTreeMap, BTreeSet};
octet-consumer-check> ...   |
octet-consumer-check> 792 | | }
octet-consumer-check>     | |__^
octet-consumer-check>     |
octet-consumer-check>     = help: Tiger Style (Searchable Module Paths): replace compound module filenames with responsibility-based directory paths Example: compute/vm.rs
octet-consumer-check>     = note: see Tiger Style guide: Naming
octet-consumer-check> 
octet-consumer-check> warning: module filename `oci_intake.rs` contains an underscore; prefer `oci/intake.rs`
octet-consumer-check>    --> crates/chaoscontrol-protocol/src/oci_intake.rs:1:1
octet-consumer-check>     |
octet-consumer-check>   1 | / //! Pure OCI and directory intake planning with bounded provenance identities.
octet-consumer-check>   2 | |
octet-consumer-check>   3 | | use crate::guest_process::{
octet-consumer-check>   4 | |     admit_manifest, AdmittedManifest, ProcessManifest, ProcessSpec, RestartPolicy,
octet-consumer-check> ...   |
octet-consumer-check> 451 | | }
octet-consumer-check>     | |__^
octet-consumer-check>     |
octet-consumer-check>     = help: Tiger Style (Searchable Module Paths): replace compound module filenames with responsibility-based directory paths Example: compute/vm.rs
octet-consumer-check>     = note: see Tiger Style guide: Naming
octet-consumer-check> 
octet-consumer-check>    Compiling tokio v1.50.0
octet-consumer-check>     Checking hyper v1.8.1
octet-consumer-check>     Checking tower v0.5.3
octet-consumer-check>    Compiling kvm_bindings v0.10.0
octet-consumer-check>    Compiling tower v0.5.3
octet-consumer-check>    Compiling kvm_ioctls v0.19.1
octet-consumer-check>    Compiling chaoscontrol_snapshot_descriptor v0.1.0
octet-consumer-check>    Compiling hyper v1.8.1
octet-consumer-check>     Checking hyper-util v0.1.20
octet-consumer-check>    Compiling hyper_util v0.1.20
octet-consumer-check>     Checking axum v0.8.8
octet-consumer-check>    Compiling libbpf-cargo v0.26.0
octet-consumer-check>    Compiling cargo_metadata v0.19.2
octet-consumer-check>    Compiling chaoscontrol_smr v0.1.0
octet-consumer-check>    Compiling zerocopy v0.8.39
octet-consumer-check>     Checking ppv-lite86 v0.2.21
octet-consumer-check>     Checking half v2.7.1
octet-consumer-check>    Compiling half v2.7.1
octet-consumer-check>     Checking ciborium-ll v0.2.2
octet-consumer-check>    Compiling libbpf_cargo v0.26.0
octet-consumer-check>    Compiling chaoscontrol-trace v0.1.0 (/build/source/crates/chaoscontrol-trace)
octet-consumer-check>     Checking rand_chacha v0.3.1
octet-consumer-check>    Compiling ppv_lite86 v0.2.21
octet-consumer-check> warning: non-trait import `env` hides the owner path; prefer the qualified path at the use site
octet-consumer-check>  --> crates/chaoscontrol-trace/build.rs:1:1
octet-consumer-check>   |
octet-consumer-check> 1 | use std::env;
octet-consumer-check>   | ^^^^^^^^^^^^^
octet-consumer-check>   |
octet-consumer-check>   = help: Tiger Style (Searchable Owner Paths): keep concrete owner types at their qualified use sites; import traits only for method resolution Example: crate::addr::Addr
octet-consumer-check>   = note: see Tiger Style guide: Naming
octet-consumer-check>   = note: `#[warn(tigerstyle::non_trait_imports)]` on by default
octet-consumer-check> 
octet-consumer-check> warning: non-trait import `PathBuf` hides the owner path; prefer the qualified path at the use site
octet-consumer-check>  --> crates/chaoscontrol-trace/build.rs:2:1
octet-consumer-check>   |
octet-consumer-check> 2 | use std::path::PathBuf;
octet-consumer-check>   | ^^^^^^^^^^^^^^^^^^^^^^^
octet-consumer-check>   |
octet-consumer-check>   = help: Tiger Style (Searchable Owner Paths): keep concrete owner types at their qualified use sites; import traits only for method resolution Example: crate::addr::Addr
octet-consumer-check>   = note: see Tiger Style guide: Naming
octet-consumer-check> 
octet-consumer-check> warning: non-trait import `Command` hides the owner path; prefer the qualified path at the use site
octet-consumer-check>  --> crates/chaoscontrol-trace/build.rs:3:1
octet-consumer-check>   |
octet-consumer-check> 3 | use std::process::Command;
octet-consumer-check>   | ^^^^^^^^^^^^^^^^^^^^^^^^^^
octet-consumer-check>   |
octet-consumer-check>   = help: Tiger Style (Searchable Owner Paths): keep concrete owner types at their qualified use sites; import traits only for method resolution Example: crate::addr::Addr
octet-consumer-check>   = note: see Tiger Style guide: Naming
octet-consumer-check> 
octet-consumer-check> warning: direct `std::env::var` access reads or mutates ambient process state
octet-consumer-check>    --> crates/chaoscontrol-trace/build.rs:155:19
octet-consumer-check>     |
octet-consumer-check> 155 |     let out_dir = PathBuf::from(env::var("OUT_DIR").unwrap());
octet-consumer-check>     |                   ^^^^^^^^^^^^^^^^^^^^^^^^^^^^^^^^^^^^^^^^^^^
octet-consumer-check>     |
octet-consumer-check>     = help: Tiger Style (Functional Core): capture process environment in the shell and pass explicit config, paths, or arguments into core logic Example: fn load(config: Config) -> Output { compute(config.home_dir) }
octet-consumer-check>     = note: see Tiger Style guide: Functional Core / Imperative Shell
octet-consumer-check>     = note: `#[warn(tigerstyle::ambient_env)]` on by default
octet-consumer-check> 
octet-consumer-check> warning: direct `std::env::var` access reads or mutates ambient process state
octet-consumer-check>    --> crates/chaoscontrol-trace/build.rs:155:33
octet-consumer-check>     |
octet-consumer-check> 155 |     let out_dir = PathBuf::from(env::var("OUT_DIR").unwrap());
octet-consumer-check>     |                                 ^^^^^^^^^^^^^^^^^^^
octet-consumer-check>     |
octet-consumer-check>     = help: Tiger Style (Functional Core): capture process environment in the shell and pass explicit config, paths, or arguments into core logic Example: fn load(config: Config) -> Output { compute(config.home_dir) }
octet-consumer-check>     = note: see Tiger Style guide: Functional Core / Imperative Shell
octet-consumer-check> 
octet-consumer-check> warning: direct `std::env::var` access reads or mutates ambient process state
octet-consumer-check>    --> crates/chaoscontrol-trace/build.rs:168:9
octet-consumer-check>     |
octet-consumer-check> 168 |         env::var("VMLINUX_BTF").unwrap_or_else(|_| "/sys/kernel/btf/vmlinux".to_string());
octet-consumer-check>     |         ^^^^^^^^^^^^^^^^^^^^^^^
octet-consumer-check>     |
octet-consumer-check>     = help: Tiger Style (Functional Core): capture process environment in the shell and pass explicit config, paths, or arguments into core logic Example: fn load(config: Config) -> Output { compute(config.home_dir) }
octet-consumer-check>     = note: see Tiger Style guide: Functional Core / Imperative Shell
octet-consumer-check> 
octet-consumer-check> warning: direct `std::env::var` access reads or mutates ambient process state
octet-consumer-check>    --> crates/chaoscontrol-trace/build.rs:217:29
octet-consumer-check>     |
octet-consumer-check> 217 |     if let Ok(clang_path) = env::var("CLANG") {
octet-consumer-check>     |                             ^^^^^^^^^^^^^^^^^
octet-consumer-check>     |
octet-consumer-check>     = help: Tiger Style (Functional Core): capture process environment in the shell and pass explicit config, paths, or arguments into core logic Example: fn load(config: Config) -> Output { compute(config.home_dir) }
octet-consumer-check>     = note: see Tiger Style guide: Functional Core / Imperative Shell
octet-consumer-check> 
octet-consumer-check>    Compiling ciborium_ll v0.2.2
octet-consumer-check>     Checking ciborium v0.2.2
octet-consumer-check> warning: non-trait import `validate_accepted_catalog` hides the owner path; prefer the qualified path at the use site
octet-consumer-check>  --> crates/chaoscontrol-protocol/src/admission/evidence.rs:2:5
octet-consumer-check>   |
octet-consumer-check> 2 |     validate_accepted_catalog, AcceptedCatalog, AdmittedAssertion, CatalogBuilder, CatalogConflict,
octet-consumer-check>   |     ^^^^^^^^^^^^^^^^^^^^^^^^^
octet-consumer-check>   |
octet-consumer-check>   = help: Tiger Style (Searchable Owner Paths): keep concrete owner types at their qualified use sites; import traits only for method resolution Example: crate::addr::Addr
octet-consumer-check>   = note: see Tiger Style guide: Naming
octet-consumer-check>   = note: `#[warn(tigerstyle::non_trait_imports)]` on by default
octet-consumer-check> 
octet-consumer-check> warning: non-trait import `AcceptedCatalog` hides the owner path; prefer the qualified path at the use site
octet-consumer-check>  --> crates/chaoscontrol-protocol/src/admission/evidence.rs:2:32
octet-consumer-check>   |
octet-consumer-check> 2 |     validate_accepted_catalog, AcceptedCatalog, AdmittedAssertion, CatalogBuilder, CatalogConflict,
octet-consumer-check>   |                                ^^^^^^^^^^^^^^^
octet-consumer-check>   |
octet-consumer-check>   = help: Tiger Style (Searchable Owner Paths): keep concrete owner types at their qualified use sites; import traits only for method resolution Example: crate::addr::Addr
octet-consumer-check>   = note: see Tiger Style guide: Naming
octet-consumer-check> 
octet-consumer-check> warning: non-trait import `AdmittedAssertion` hides the owner path; prefer the qualified path at the use site
octet-consumer-check>  --> crates/chaoscontrol-protocol/src/admission/evidence.rs:2:49
octet-consumer-check>   |
octet-consumer-check> 2 |     validate_accepted_catalog, AcceptedCatalog, AdmittedAssertion, CatalogBuilder, CatalogConflict,
octet-consumer-check>   |                                                 ^^^^^^^^^^^^^^^^^
octet-consumer-check>   |
octet-consumer-check>   = help: Tiger Style (Searchable Owner Paths): keep concrete owner types at their qualified use sites; import traits only for method resolution Example: crate::addr::Addr
octet-consumer-check>   = note: see Tiger Style guide: Naming
octet-consumer-check> 
octet-consumer-check> warning: non-trait import `CatalogBuilder` hides the owner path; prefer the qualified path at the use site
octet-consumer-check>  --> crates/chaoscontrol-protocol/src/admission/evidence.rs:2:68
octet-consumer-check>   |
octet-consumer-check> 2 |     validate_accepted_catalog, AcceptedCatalog, AdmittedAssertion, CatalogBuilder, CatalogConflict,
octet-consumer-check>   |                                                                    ^^^^^^^^^^^^^^
octet-consumer-check>   |
octet-consumer-check>   = help: Tiger Style (Searchable Owner Paths): keep concrete owner types at their qualified use sites; import traits only for method resolution Example: crate::addr::Addr
octet-consumer-check>   = note: see Tiger Style guide: Naming
octet-consumer-check> 
octet-consumer-check> warning: non-trait import `CatalogConflict` hides the owner path; prefer the qualified path at the use site
octet-consumer-check>  --> crates/chaoscontrol-protocol/src/admission/evidence.rs:2:84
octet-consumer-check>   |
octet-consumer-check> 2 |     validate_accepted_catalog, AcceptedCatalog, AdmittedAssertion, CatalogBuilder, CatalogConflict,
octet-consumer-check>   |                                                                                    ^^^^^^^^^^^^^^^
octet-consumer-check>   |
octet-consumer-check>   = help: Tiger Style (Searchable Owner Paths): keep concrete owner types at their qualified use sites; import traits only for method resolution Example: crate::addr::Addr
octet-consumer-check>   = note: see Tiger Style guide: Naming
octet-consumer-check> 
octet-consumer-check> warning: non-trait import `AssertionDescriptor` hides the owner path; prefer the qualified path at the use site
octet-consumer-check>  --> crates/chaoscontrol-protocol/src/admission/evidence.rs:4:23
octet-consumer-check>   |
octet-consumer-check> 4 | use crate::identity::{AssertionDescriptor, AssertionFingerprint};
octet-consumer-check>   |                       ^^^^^^^^^^^^^^^^^^^
octet-consumer-check>   |
octet-consumer-check>   = help: Tiger Style (Searchable Owner Paths): keep concrete owner types at their qualified use sites; import traits only for method resolution Example: crate::addr::Addr
octet-consumer-check>   = note: see Tiger Style guide: Naming
octet-consumer-check> 
octet-consumer-check> warning: non-trait import `AssertionFingerprint` hides the owner path; prefer the qualified path at the use site
octet-consumer-check>  --> crates/chaoscontrol-protocol/src/admission/evidence.rs:4:44
octet-consumer-check>   |
octet-consumer-check> 4 | use crate::identity::{AssertionDescriptor, AssertionFingerprint};
octet-consumer-check>   |                                            ^^^^^^^^^^^^^^^^^^^^
octet-consumer-check>   |
octet-consumer-check>   = help: Tiger Style (Searchable Owner Paths): keep concrete owner types at their qualified use sites; import traits only for method resolution Example: crate::addr::Addr
octet-consumer-check>   = note: see Tiger Style guide: Naming
octet-consumer-check> 
octet-consumer-check> warning: item name `AssertionEvidenceIdentity` repeats `evidence` from ancestor path segment `evidence`
octet-consumer-check>   --> crates/chaoscontrol-protocol/src/admission/evidence.rs:8:1
octet-consumer-check>    |
octet-consumer-check>  8 | / pub struct AssertionEvidenceIdentity {
octet-consumer-check>  9 | |     pub descriptor: AssertionDescriptor,
octet-consumer-check> 10 | |     pub fingerprint: AssertionFingerprint,
octet-consumer-check> 11 | |     pub canonical_descriptor: Vec<u8>,
octet-consumer-check> 12 | |     pub catalog_token: AssertionFingerprint,
octet-consumer-check> 13 | | }
octet-consumer-check>    | |_^
octet-consumer-check>    |
octet-consumer-check>    = help: Tiger Style (Searchable Path Names): do not repeat crate or module path words in item names unless documenting a compatibility API Example: guest::spawn_vm
octet-consumer-check>    = note: see Tiger Style guide: Naming
octet-consumer-check>    = note: `#[warn(tigerstyle::path_segment_repetition)]` on by default
octet-consumer-check> 
octet-consumer-check> warning: non-trait import `Deserialize` hides the owner path; prefer the qualified path at the use site
octet-consumer-check>  --> crates/chaoscontrol-protocol/src/branch_marker.rs:3:13
octet-consumer-check>   |
octet-consumer-check> 3 | use serde::{Deserialize, Serialize};
octet-consumer-check>   |             ^^^^^^^^^^^
octet-consumer-check>   |
octet-consumer-check>   = help: Tiger Style (Searchable Owner Paths): keep concrete owner types at their qualified use sites; import traits only for method resolution Example: crate::addr::Addr
octet-consumer-check>   = note: see Tiger Style guide: Naming
octet-consumer-check> 
octet-consumer-check> warning: non-trait import `Serialize` hides the owner path; prefer the qualified path at the use site
octet-consumer-check>  --> crates/chaoscontrol-protocol/src/branch_marker.rs:3:26
octet-consumer-check>   |
octet-consumer-check> 3 | use serde::{Deserialize, Serialize};
octet-consumer-check>   |                          ^^^^^^^^^
octet-consumer-check>   |
octet-consumer-check>   = help: Tiger Style (Searchable Owner Paths): keep concrete owner types at their qualified use sites; import traits only for method resolution Example: crate::addr::Addr
octet-consumer-check>   = note: see Tiger Style guide: Naming
octet-consumer-check> 
octet-consumer-check> warning: item name `BranchMarkerError` repeats `branch` from ancestor path segment `branch_marker`
octet-consumer-check>   --> crates/chaoscontrol-protocol/src/branch_marker.rs:18:1
octet-consumer-check>    |
octet-consumer-check> 18 | / pub enum BranchMarkerError {
octet-consumer-check> 19 | |     DetailsTooLarge,
octet-consumer-check> 20 | |     EmptyText,
octet-consumer-check> 21 | |     IdentityMismatch,
octet-consumer-check> ...  |
octet-consumer-check> 24 | |     TextTooLarge,
octet-consumer-check> 25 | | }
octet-consumer-check>    | |_^
octet-consumer-check>    |
octet-consumer-check>    = help: Tiger Style (Searchable Path Names): do not repeat crate or module path words in item names unless documenting a compatibility API Example: guest::spawn_vm
octet-consumer-check>    = note: see Tiger Style guide: Naming
octet-consumer-check> 
octet-consumer-check> warning: item name `BranchMarker` repeats `branch` from ancestor path segment `branch_marker`
octet-consumer-check>   --> crates/chaoscontrol-protocol/src/branch_marker.rs:29:1
octet-consumer-check>    |
octet-consumer-check> 29 | / pub struct BranchMarker {
octet-consumer-check> 30 | |     pub schema: String,
octet-consumer-check> 31 | |     pub identity: String,
octet-consumer-check> 32 | |     pub namespace: String,
octet-consumer-check> ...  |
octet-consumer-check> 39 | |     pub logical_position_ref: Option<String>,
octet-consumer-check> 40 | | }
octet-consumer-check>    | |_^
octet-consumer-check>    |
octet-consumer-check>    = help: Tiger Style (Searchable Path Names): do not repeat crate or module path words in item names unless documenting a compatibility API Example: guest::spawn_vm
octet-consumer-check>    = note: see Tiger Style guide: Naming
octet-consumer-check> 
octet-consumer-check> error: implicit default on external type — construct with explicit values
octet-consumer-check>   --> crates/chaoscontrol-protocol/src/branch_marker.rs:36:5
octet-consumer-check>    |
octet-consumer-check> 36 | /     #[serde(default, skip_serializing_if = "Option::is_none")]
octet-consumer-check> 37 | |     pub state_ref: Option<String>,
octet-consumer-check>    | |_________________________________^
octet-consumer-check>    |
octet-consumer-check>    = help: Tiger Style (Explicit Defaults): construct foreign-crate values explicitly instead of relying on `Default` Example: let client = reqwest::ClientBuilder::new();
octet-consumer-check>    = note: structured suggestion applicability: HasPlaceholders
octet-consumer-check>    = note: see Tiger Style guide: Explicit Defaults
octet-consumer-check>    = note: `-D tigerstyle::explicit-defaults` implied by `-D explicit-defaults`
octet-consumer-check>    = help: to override `-D explicit-defaults` add `#[allow(tigerstyle::explicit_defaults)]`
octet-consumer-check> help: use explicit constructor instead of `Default::default()`
octet-consumer-check>    |
octet-consumer-check> 36 -     #[serde(default, skip_serializing_if = "Option::is_none")]
octet-consumer-check> 37 -     pub state_ref: Option<String>,
octet-consumer-check> 36 +     std::option::Option::new(/* fields */),
octet-consumer-check>    |
octet-consumer-check> 
octet-consumer-check> error: implicit default on external type — construct with explicit values
octet-consumer-check>   --> crates/chaoscontrol-protocol/src/branch_marker.rs:38:5
octet-consumer-check>    |
octet-consumer-check> 38 | /     #[serde(default, skip_serializing_if = "Option::is_none")]
octet-consumer-check> 39 | |     pub logical_position_ref: Option<String>,
octet-consumer-check>    | |____________________________________________^
octet-consumer-check>    |
octet-consumer-check>    = help: Tiger Style (Explicit Defaults): construct foreign-crate values explicitly instead of relying on `Default` Example: let client = reqwest::ClientBuilder::new();
octet-consumer-check>    = note: structured suggestion applicability: HasPlaceholders
octet-consumer-check>    = note: see Tiger Style guide: Explicit Defaults
octet-consumer-check> help: use explicit constructor instead of `Default::default()`
octet-consumer-check>    |
octet-consumer-check> 38 -     #[serde(default, skip_serializing_if = "Option::is_none")]
octet-consumer-check> 39 -     pub logical_position_ref: Option<String>,
octet-consumer-check> 38 +     std::option::Option::new(/* fields */),
octet-consumer-check>    |
octet-consumer-check> 
octet-consumer-check> warning: item name `marker_identity` repeats `marker` from ancestor path segment `branch_marker`
octet-consumer-check>    --> crates/chaoscontrol-protocol/src/branch_marker.rs:103:1
octet-consumer-check>     |
octet-consumer-check> 103 | / pub fn marker_identity(namespace: &str, key: &str) -> String {
octet-consumer-check> 104 | |     let mut hasher = blake3::Hasher::new();
octet-consumer-check> 105 | |     hasher.update(IDENTITY_DOMAIN);
octet-consumer-check> 106 | |     hash_field(&mut hasher, namespace.as_bytes());
octet-consumer-check> 107 | |     hash_field(&mut hasher, key.as_bytes());
octet-consumer-check> 108 | |     format!("{MARKER_IDENTITY_PREFIX}{}", hasher.finalize().to_hex())
octet-consumer-check> 109 | | }
octet-consumer-check>     | |_^
octet-consumer-check>     |
octet-consumer-check>     = help: Tiger Style (Searchable Path Names): do not repeat crate or module path words in item names unless documenting a compatibility API Example: guest::spawn_vm
octet-consumer-check>     = note: see Tiger Style guide: Naming
octet-consumer-check> 
octet-consumer-check> warning: fallible integer conversion hides an out-of-range error behind a sentinel fallback
octet-consumer-check>    --> crates/chaoscontrol-protocol/src/branch_marker.rs:112:18
octet-consumer-check>     |
octet-consumer-check> 112 |     let length = u64::try_from(bytes.len()).unwrap_or(u64::MAX);
octet-consumer-check>     |                  ^^^^^^^^^^^^^^^^^^^^^^^^^^^^^^^^^^^^^^^^^^^^^^
octet-consumer-check>     |
octet-consumer-check>     = help: Tiger Style (Error Handling): propagate integer conversion failures instead of replacing them with sentinel or default values Example: let id = u32::try_from(raw)?;
octet-consumer-check>     = note: see Tiger Style guide: Error Handling
octet-consumer-check>     = note: `#[warn(tigerstyle::fallible_int_fallback)]` on by default
octet-consumer-check> 
octet-consumer-check> warning: non-trait import `token_for_descriptors` hides the owner path; prefer the qualified path at the use site
octet-consumer-check>  --> crates/chaoscontrol-protocol/src/fallback.rs:8:5
octet-consumer-check>   |
octet-consumer-check> 8 |     token_for_descriptors, validate_accepted_catalog, AcceptedCatalog, CatalogBuilder,
octet-consumer-check>   |     ^^^^^^^^^^^^^^^^^^^^^
octet-consumer-check>   |
octet-consumer-check>   = help: Tiger Style (Searchable Owner Paths): keep concrete owner types at their qualified use sites; import traits only for method resolution Example: crate::addr::Addr
octet-consumer-check>   = note: see Tiger Style guide: Naming
octet-consumer-check> 
octet-consumer-check> warning: non-trait import `validate_accepted_catalog` hides the owner path; prefer the qualified path at the use site
octet-consumer-check>  --> crates/chaoscontrol-protocol/src/fallback.rs:8:28
octet-consumer-check>   |
octet-consumer-check> 8 |     token_for_descriptors, validate_accepted_catalog, AcceptedCatalog, CatalogBuilder,
octet-consumer-check>   |                            ^^^^^^^^^^^^^^^^^^^^^^^^^
octet-consumer-check>   |
octet-consumer-check>   = help: Tiger Style (Searchable Owner Paths): keep concrete owner types at their qualified use sites; import traits only for method resolution Example: crate::addr::Addr
octet-consumer-check>   = note: see Tiger Style guide: Naming
octet-consumer-check> 
octet-consumer-check> warning: non-trait import `AcceptedCatalog` hides the owner path; prefer the qualified path at the use site
octet-consumer-check>  --> crates/chaoscontrol-protocol/src/fallback.rs:8:55
octet-consumer-check>   |
octet-consumer-check> 8 |     token_for_descriptors, validate_accepted_catalog, AcceptedCatalog, CatalogBuilder,
octet-consumer-check>   |                                                       ^^^^^^^^^^^^^^^
octet-consumer-check>   |
octet-consumer-check>   = help: Tiger Style (Searchable Owner Paths): keep concrete owner types at their qualified use sites; import traits only for method resolution Example: crate::addr::Addr
octet-consumer-check>   = note: see Tiger Style guide: Naming
octet-consumer-check> 
octet-consumer-check> warning: non-trait import `CatalogBuilder` hides the owner path; prefer the qualified path at the use site
octet-consumer-check>  --> crates/chaoscontrol-protocol/src/fallback.rs:8:72
octet-consumer-check>   |
octet-consumer-check> 8 |     token_for_descriptors, validate_accepted_catalog, AcceptedCatalog, CatalogBuilder,
octet-consumer-check>   |                                                                        ^^^^^^^^^^^^^^
octet-consumer-check>   |
octet-consumer-check>   = help: Tiger Style (Searchable Owner Paths): keep concrete owner types at their qualified use sites; import traits only for method resolution Example: crate::addr::Addr
octet-consumer-check>   = note: see Tiger Style guide: Naming
octet-consumer-check> 
octet-consumer-check> warning: non-trait import `CatalogConflict` hides the owner path; prefer the qualified path at the use site
octet-consumer-check>  --> crates/chaoscontrol-protocol/src/fallback.rs:9:5
octet-consumer-check>   |
octet-consumer-check> 9 |     CatalogConflict,
octet-consumer-check>   |     ^^^^^^^^^^^^^^^
octet-consumer-check>   |
octet-consumer-check>   = help: Tiger Style (Searchable Owner Paths): keep concrete owner types at their qualified use sites; import traits only for method resolution Example: crate::addr::Addr
octet-consumer-check>   = note: see Tiger Style guide: Naming
octet-consumer-check> 
octet-consumer-check> warning: non-trait import `AssertionDescriptor` hides the owner path; prefer the qualified path at the use site
octet-consumer-check>   --> crates/chaoscontrol-protocol/src/fallback.rs:12:5
octet-consumer-check>    |
octet-consumer-check> 12 |     AssertionDescriptor, AssertionFingerprint, AssertionKind, AssertionLogicalKey,
octet-consumer-check>    |     ^^^^^^^^^^^^^^^^^^^
octet-consumer-check>    |
octet-consumer-check>    = help: Tiger Style (Searchable Owner Paths): keep concrete owner types at their qualified use sites; import traits only for method resolution Example: crate::addr::Addr
octet-consumer-check>    = note: see Tiger Style guide: Naming
octet-consumer-check> 
octet-consumer-check> warning: non-trait import `AssertionFingerprint` hides the owner path; prefer the qualified path at the use site
octet-consumer-check>   --> crates/chaoscontrol-protocol/src/fallback.rs:12:26
octet-consumer-check>    |
octet-consumer-check> 12 |     AssertionDescriptor, AssertionFingerprint, AssertionKind, AssertionLogicalKey,
octet-consumer-check>    |                          ^^^^^^^^^^^^^^^^^^^^
octet-consumer-check>    |
octet-consumer-check>    = help: Tiger Style (Searchable Owner Paths): keep concrete owner types at their qualified use sites; import traits only for method resolution Example: crate::addr::Addr
octet-consumer-check>    = note: see Tiger Style guide: Naming
octet-consumer-check> 
octet-consumer-check> warning: non-trait import `AssertionKind` hides the owner path; prefer the qualified path at the use site
octet-consumer-check>   --> crates/chaoscontrol-protocol/src/fallback.rs:12:48
octet-consumer-check>    |
octet-consumer-check> 12 |     AssertionDescriptor, AssertionFingerprint, AssertionKind, AssertionLogicalKey,
octet-consumer-check>    |                                                ^^^^^^^^^^^^^
octet-consumer-check>    |
octet-consumer-check>    = help: Tiger Style (Searchable Owner Paths): keep concrete owner types at their qualified use sites; import traits only for method resolution Example: crate::addr::Addr
octet-consumer-check>    = note: see Tiger Style guide: Naming
octet-consumer-check> 
octet-consumer-check> warning: non-trait import `AssertionLogicalKey` hides the owner path; prefer the qualified path at the use site
octet-consumer-check>   --> crates/chaoscontrol-protocol/src/fallback.rs:12:63
octet-consumer-check>    |
octet-consumer-check> 12 |     AssertionDescriptor, AssertionFingerprint, AssertionKind, AssertionLogicalKey,
octet-consumer-check>    |                                                               ^^^^^^^^^^^^^^^^^^^
octet-consumer-check>    |
octet-consumer-check>    = help: Tiger Style (Searchable Owner Paths): keep concrete owner types at their qualified use sites; import traits only for method resolution Example: crate::addr::Addr
octet-consumer-check>    = note: see Tiger Style guide: Naming
octet-consumer-check> 
octet-consumer-check> warning: non-trait import `ASSERTION_IDENTITY_VERSION` hides the owner path; prefer the qualified path at the use site
octet-consumer-check>   --> crates/chaoscontrol-protocol/src/fallback.rs:13:5
octet-consumer-check>    |
octet-consumer-check> 13 |     ASSERTION_IDENTITY_VERSION, MAX_ASSERTION_KEY_BYTES, MAX_ASSERTION_MESSAGE_BYTES,
octet-consumer-check>    |     ^^^^^^^^^^^^^^^^^^^^^^^^^^
octet-consumer-check>    |
octet-consumer-check>    = help: Tiger Style (Searchable Owner Paths): keep concrete owner types at their qualified use sites; import traits only for method resolution Example: crate::addr::Addr
octet-consumer-check>    = note: see Tiger Style guide: Naming
octet-consumer-check> 
octet-consumer-check> warning: non-trait import `MAX_ASSERTION_KEY_BYTES` hides the owner path; prefer the qualified path at the use site
octet-consumer-check>   --> crates/chaoscontrol-protocol/src/fallback.rs:13:33
octet-consumer-check>    |
octet-consumer-check> 13 |     ASSERTION_IDENTITY_VERSION, MAX_ASSERTION_KEY_BYTES, MAX_ASSERTION_MESSAGE_BYTES,
octet-consumer-check>    |                                 ^^^^^^^^^^^^^^^^^^^^^^^
octet-consumer-check>    |
octet-consumer-check>    = help: Tiger Style (Searchable Owner Paths): keep concrete owner types at their qualified use sites; import traits only for method resolution Example: crate::addr::Addr
octet-consumer-check>    = note: see Tiger Style guide: Naming
octet-consumer-check> 
octet-consumer-check> warning: non-trait import `MAX_ASSERTION_MESSAGE_BYTES` hides the owner path; prefer the qualified path at the use site
octet-consumer-check>   --> crates/chaoscontrol-protocol/src/fallback.rs:13:58
octet-consumer-check>    |
octet-consumer-check> 13 |     ASSERTION_IDENTITY_VERSION, MAX_ASSERTION_KEY_BYTES, MAX_ASSERTION_MESSAGE_BYTES,
octet-consumer-check>    |                                                          ^^^^^^^^^^^^^^^^^^^^^^^^^^^
octet-consumer-check>    |
octet-consumer-check>    = help: Tiger Style (Searchable Owner Paths): keep concrete owner types at their qualified use sites; import traits only for method resolution Example: crate::addr::Addr
octet-consumer-check>    = note: see Tiger Style guide: Naming
octet-consumer-check> 
octet-consumer-check> warning: non-trait import `MAX_ASSERTION_NAMESPACE_BYTES` hides the owner path; prefer the qualified path at the use site
octet-consumer-check>   --> crates/chaoscontrol-protocol/src/fallback.rs:14:5
octet-consumer-check>    |
octet-consumer-check> 14 |     MAX_ASSERTION_NAMESPACE_BYTES,
octet-consumer-check>    |     ^^^^^^^^^^^^^^^^^^^^^^^^^^^^^
octet-consumer-check>    |
octet-consumer-check>    = help: Tiger Style (Searchable Owner Paths): keep concrete owner types at their qualified use sites; import traits only for method resolution Example: crate::addr::Addr
octet-consumer-check>    = note: see Tiger Style guide: Naming
octet-consumer-check> 
octet-consumer-check> warning: non-trait import `Deserialize` hides the owner path; prefer the qualified path at the use site
octet-consumer-check>   --> crates/chaoscontrol-protocol/src/fallback.rs:16:13
octet-consumer-check>    |
octet-consumer-check> 16 | use serde::{Deserialize, Serialize};
octet-consumer-check>    |             ^^^^^^^^^^^
octet-consumer-check>    |
octet-consumer-check>    = help: Tiger Style (Searchable Owner Paths): keep concrete owner types at their qualified use sites; import traits only for method resolution Example: crate::addr::Addr
octet-consumer-check>    = note: see Tiger Style guide: Naming
octet-consumer-check> 
octet-consumer-check> warning: non-trait import `Serialize` hides the owner path; prefer the qualified path at the use site
octet-consumer-check>   --> crates/chaoscontrol-protocol/src/fallback.rs:16:26
octet-consumer-check>    |
octet-consumer-check> 16 | use serde::{Deserialize, Serialize};
octet-consumer-check>    |                          ^^^^^^^^^
octet-consumer-check>    |
octet-consumer-check>    = help: Tiger Style (Searchable Owner Paths): keep concrete owner types at their qualified use sites; import traits only for method resolution Example: crate::addr::Addr
octet-consumer-check>    = note: see Tiger Style guide: Naming
octet-consumer-check> 
octet-consumer-check> warning: non-trait import `BTreeMap` hides the owner path; prefer the qualified path at the use site
octet-consumer-check>   --> crates/chaoscontrol-protocol/src/fallback.rs:17:1
octet-consumer-check>    |
octet-consumer-check> 17 | use std::collections::BTreeMap;
octet-consumer-check>    | ^^^^^^^^^^^^^^^^^^^^^^^^^^^^^^^
octet-consumer-check>    |
octet-consumer-check>    = help: Tiger Style (Searchable Owner Paths): keep concrete owner types at their qualified use sites; import traits only for method resolution Example: crate::addr::Addr
octet-consumer-check>    = note: see Tiger Style guide: Naming
octet-consumer-check> 
octet-consumer-check> warning: item name `FallbackProcessIdentity` repeats `fallback` from ancestor path segment `fallback`
octet-consumer-check>   --> crates/chaoscontrol-protocol/src/fallback.rs:33:1
octet-consumer-check>    |
octet-consumer-check> 33 | / pub struct FallbackProcessIdentity {
octet-consumer-check> 34 | |     pub guest: String,
octet-consumer-check> 35 | |     pub process: String,
octet-consumer-check> 36 | | }
octet-consumer-check>    | |_^
octet-consumer-check>    |
octet-consumer-check>    = help: Tiger Style (Searchable Path Names): do not repeat crate or module path words in item names unless documenting a compatibility API Example: guest::spawn_vm
octet-consumer-check>    = note: see Tiger Style guide: Naming
octet-consumer-check> 
octet-consumer-check> warning: item name `FallbackRecordType` repeats `fallback` from ancestor path segment `fallback`
octet-consumer-check>   --> crates/chaoscontrol-protocol/src/fallback.rs:63:1
octet-consumer-check>    |
octet-consumer-check> 63 | / pub enum FallbackRecordType {
octet-consumer-check> 64 | |     Always,
octet-consumer-check> 65 | |     Sometimes,
octet-consumer-check> 66 | |     Reachable,
octet-consumer-check> 67 | |     Unreachable,
octet-consumer-check> 68 | |     Lifecycle,
octet-consumer-check> 69 | | }
octet-consumer-check>    | |_^
octet-consumer-check>    |
octet-consumer-check>    = help: Tiger Style (Searchable Path Names): do not repeat crate or module path words in item names unless documenting a compatibility API Example: guest::spawn_vm
octet-consumer-check>    = note: see Tiger Style guide: Naming
octet-consumer-check> 
octet-consumer-check> warning: item name `FallbackRecord` repeats `fallback` from ancestor path segment `fallback`
octet-consumer-check>    --> crates/chaoscontrol-protocol/src/fallback.rs:89:1
octet-consumer-check>     |
octet-consumer-check>  89 | / pub struct FallbackRecord {
octet-consumer-check>  90 | |     pub schema_version: u8,
octet-consumer-check>  91 | |     pub sequence: u64,
octet-consumer-check>  92 | |     pub process: FallbackProcessIdentity,
octet-consumer-check> ...   |
octet-consumer-check> 100 | |     pub details: serde_json::Value,
octet-consumer-check> 101 | | }
octet-consumer-check>     | |_^
octet-consumer-check>     |
octet-consumer-check>     = help: Tiger Style (Searchable Path Names): do not repeat crate or module path words in item names unless documenting a compatibility API Example: guest::spawn_vm
octet-consumer-check>     = note: see Tiger Style guide: Naming
octet-consumer-check> 
octet-consumer-check> warning: item name `FallbackOverflowEvent` repeats `fallback` from ancestor path segment `fallback`
octet-consumer-check>    --> crates/chaoscontrol-protocol/src/fallback.rs:195:1
octet-consumer-check>     |
octet-consumer-check> 195 | / pub struct FallbackOverflowEvent {
octet-consumer-check> 196 | |     pub limit: usize,
octet-consumer-check> 197 | |     pub rejected_sequence: u64,
octet-consumer-check> 198 | |     pub process: FallbackProcessIdentity,
octet-consumer-check> 199 | | }
octet-consumer-check>     | |_^
octet-consumer-check>     |
octet-consumer-check>     = help: Tiger Style (Searchable Path Names): do not repeat crate or module path words in item names unless documenting a compatibility API Example: guest::spawn_vm
octet-consumer-check>     = note: see Tiger Style guide: Naming
octet-consumer-check> 
octet-consumer-check> warning: item name `FallbackSinkEvidence` repeats `fallback` from ancestor path segment `fallback`
octet-consumer-check>    --> crates/chaoscontrol-protocol/src/fallback.rs:203:1
octet-consumer-check>     |
octet-consumer-check> 203 | / pub struct FallbackSinkEvidence {
octet-consumer-check> 204 | |     pub limit: usize,
octet-consumer-check> 205 | |     pub records: Vec<FallbackRecord>,
octet-consumer-check> 206 | |     #[serde(skip_serializing_if = "Option::is_none")]
octet-consumer-check> 207 | |     pub overflow: Option<FallbackOverflowEvent>,
octet-consumer-check> 208 | |     pub sink_blake3: String,
octet-consumer-check> 209 | | }
octet-consumer-check>     | |_^
octet-consumer-check>     |
octet-consumer-check>     = help: Tiger Style (Searchable Path Names): do not repeat crate or module path words in item names unless documenting a compatibility API Example: guest::spawn_vm
octet-consumer-check>     = note: see Tiger Style guide: Naming
octet-consumer-check> 
octet-consumer-check>    Compiling rand_chacha v0.3.1
octet-consumer-check>     Checking rand v0.8.6
octet-consumer-check> warning: item name `FallbackAssertionScope` repeats `fallback` from ancestor path segment `fallback`
octet-consumer-check>    --> crates/chaoscontrol-protocol/src/fallback.rs:213:1
octet-consumer-check>     |
octet-consumer-check> 213 | / pub struct FallbackAssertionScope {
octet-consumer-check> 214 | |     pub process: FallbackProcessIdentity,
octet-consumer-check> 215 | |     pub record_sequence: u64,
octet-consumer-check> 216 | |     pub record_blake3: String,
octet-consumer-check> 217 | |     pub sink_blake3: String,
octet-consumer-check> 218 | |     pub assertion_fingerprint: AssertionFingerprint,
octet-consumer-check> 219 | | }
octet-consumer-check>     | |_^
octet-consumer-check>     |
octet-consumer-check>     = help: Tiger Style (Searchable Path Names): do not repeat crate or module path words in item names unless documenting a compatibility API Example: guest::spawn_vm
octet-consumer-check>     = note: see Tiger Style guide: Naming
octet-consumer-check> 
octet-consumer-check> warning: item name `FallbackSinkEvent` repeats `fallback` from ancestor path segment `fallback`
octet-consumer-check>    --> crates/chaoscontrol-protocol/src/fallback.rs:243:1
octet-consumer-check>     |
octet-consumer-check> 243 | / pub enum FallbackSinkEvent {
octet-consumer-check> 244 | |     Accepted {
octet-consumer-check> 245 | |         sequence: u64,
octet-consumer-check> 246 | |         record_blake3: String,
octet-consumer-check> 247 | |     },
octet-consumer-check> 248 | |     Overflow(FallbackOverflowEvent),
octet-consumer-check> 249 | | }
octet-consumer-check>     | |_^
octet-consumer-check>     |
octet-consumer-check>     = help: Tiger Style (Searchable Path Names): do not repeat crate or module path words in item names unless documenting a compatibility API Example: guest::spawn_vm
octet-consumer-check>     = note: see Tiger Style guide: Naming
octet-consumer-check> 
octet-consumer-check> warning: item name `FallbackSink` repeats `fallback` from ancestor path segment `fallback`
octet-consumer-check>    --> crates/chaoscontrol-protocol/src/fallback.rs:252:1
octet-consumer-check>     |
octet-consumer-check> 252 | / pub struct FallbackSink {
octet-consumer-check> 253 | |     limit: usize,
octet-consumer-check> 254 | |     records: Vec<FallbackRecord>,
octet-consumer-check> 255 | |     overflow: Option<FallbackOverflowEvent>,
octet-consumer-check> 256 | | }
octet-consumer-check>     | |_^
octet-consumer-check>     |
octet-consumer-check>     = help: Tiger Style (Searchable Path Names): do not repeat crate or module path words in item names unless documenting a compatibility API Example: guest::spawn_vm
octet-consumer-check>     = note: see Tiger Style guide: Naming
octet-consumer-check> 
octet-consumer-check> warning: item name `FallbackError` repeats `fallback` from ancestor path segment `fallback`
octet-consumer-check>    --> crates/chaoscontrol-protocol/src/fallback.rs:327:1
octet-consumer-check>     |
octet-consumer-check> 327 | / pub struct FallbackError {
octet-consumer-check> 328 | |     pub record_index: u64,
octet-consumer-check> 329 | |     pub process: Option<FallbackProcessIdentity>,
octet-consumer-check> 330 | |     pub kind: FallbackErrorKind,
octet-consumer-check> 331 | | }
octet-consumer-check>     | |_^
octet-consumer-check>     |
octet-consumer-check>     = help: Tiger Style (Searchable Path Names): do not repeat crate or module path words in item names unless documenting a compatibility API Example: guest::spawn_vm
octet-consumer-check>     = note: see Tiger Style guide: Naming
octet-consumer-check> 
octet-consumer-check> warning: item name `FallbackErrorKind` repeats `fallback` from ancestor path segment `fallback`
octet-consumer-check>    --> crates/chaoscontrol-protocol/src/fallback.rs:366:1
octet-consumer-check>     |
octet-consumer-check> 366 | / pub enum FallbackErrorKind {
octet-consumer-check> 367 | |     AssertionIdentityMismatch,
octet-consumer-check> 368 | |     Descriptor(crate::identity::AssertionError),
octet-consumer-check> 369 | |     DetailsTooLong,
octet-consumer-check> ...   |
octet-consumer-check> 386 | |     UnexpectedCondition,
octet-consumer-check> 387 | | }
octet-consumer-check>     | |_^
octet-consumer-check>     |
octet-consumer-check>     = help: Tiger Style (Searchable Path Names): do not repeat crate or module path words in item names unless documenting a compatibility API Example: guest::spawn_vm
octet-consumer-check>     = note: see Tiger Style guide: Naming
octet-consumer-check> 
octet-consumer-check> warning: item name `FallbackCatalogEvent` repeats `fallback` from ancestor path segment `fallback`
octet-consumer-check>    --> crates/chaoscontrol-protocol/src/fallback.rs:390:1
octet-consumer-check>     |
octet-consumer-check> 390 | / pub struct FallbackCatalogEvent {
octet-consumer-check> 391 | |     pub process: FallbackProcessIdentity,
octet-consumer-check> 392 | |     pub record_sequence: u64,
octet-consumer-check> 393 | |     pub candidate_fingerprint: AssertionFingerprint,
octet-consumer-check> 394 | |     pub existing_fingerprint: Option<AssertionFingerprint>,
octet-consumer-check> 395 | |     pub conflict: CatalogConflict,
octet-consumer-check> 396 | | }
octet-consumer-check>     | |_^
octet-consumer-check>     |
octet-consumer-check>     = help: Tiger Style (Searchable Path Names): do not repeat crate or module path words in item names unless documenting a compatibility API Example: guest::spawn_vm
octet-consumer-check>     = note: see Tiger Style guide: Naming
octet-consumer-check> 
octet-consumer-check> warning: item name `FallbackAdmissionError` repeats `fallback` from ancestor path segment `fallback`
octet-consumer-check>    --> crates/chaoscontrol-protocol/src/fallback.rs:399:1
octet-consumer-check>     |
octet-consumer-check> 399 | / pub enum FallbackAdmissionError {
octet-consumer-check> 400 | |     Catalog(Box<FallbackCatalogEvent>),
octet-consumer-check> 401 | |     InvalidCatalog(CatalogConflict),
octet-consumer-check> 402 | |     InvalidSink(FallbackError),
octet-consumer-check> 403 | |     RecordCountOverflow,
octet-consumer-check> 404 | | }
octet-consumer-check>     | |_^
octet-consumer-check>     |
octet-consumer-check>     = help: Tiger Style (Searchable Path Names): do not repeat crate or module path words in item names unless documenting a compatibility API Example: guest::spawn_vm
octet-consumer-check>     = note: see Tiger Style guide: Naming
octet-consumer-check> 
octet-consumer-check> warning: item name `validate_fallback_sink_evidence` repeats `fallback` from ancestor path segment `fallback`
octet-consumer-check>    --> crates/chaoscontrol-protocol/src/fallback.rs:406:1
octet-consumer-check>     |
octet-consumer-check> 406 | / pub fn validate_fallback_sink_evidence(
octet-consumer-check> 407 | |     evidence: &FallbackSinkEvidence,
octet-consumer-check> 408 | | ) -> Result<(), FallbackError> {
octet-consumer-check> 409 | |     if evidence.limit == 0 || evidence.limit > MAX_FALLBACK_RECORDS {
octet-consumer-check> ...   |
octet-consumer-check> 454 | |     Ok(())
octet-consumer-check> 455 | | }
octet-consumer-check>     | |_^
octet-consumer-check>     |
octet-consumer-check>     = help: Tiger Style (Searchable Path Names): do not repeat crate or module path words in item names unless documenting a compatibility API Example: guest::spawn_vm
octet-consumer-check>     = note: see Tiger Style guide: Naming
octet-consumer-check> 
octet-consumer-check> warning: item name `catalog_with_fallback` repeats `fallback` from ancestor path segment `fallback`
octet-consumer-check>    --> crates/chaoscontrol-protocol/src/fallback.rs:457:1
octet-consumer-check>     |
octet-consumer-check> 457 | / pub fn catalog_with_fallback(
octet-consumer-check> 458 | |     base: &AcceptedCatalog,
octet-consumer-check> 459 | |     evidence: &FallbackSinkEvidence,
octet-consumer-check> 460 | | ) -> Result<AcceptedCatalog, FallbackAdmissionError> {
octet-consumer-check> ...   |
octet-consumer-check> 526 | |         .map_err(FallbackAdmissionError::InvalidCatalog)
octet-consumer-check> 527 | | }
octet-consumer-check>     | |_^
octet-consumer-check>     |
octet-consumer-check>     = help: Tiger Style (Searchable Path Names): do not repeat crate or module path words in item names unless documenting a compatibility API Example: guest::spawn_vm
octet-consumer-check>     = note: see Tiger Style guide: Naming
octet-consumer-check> 
octet-consumer-check> warning: non-trait import `ProcessFaultAction` hides the owner path; prefer the qualified path at the use site
octet-consumer-check>  --> crates/chaoscontrol-protocol/src/guest_process.rs:1:22
octet-consumer-check>   |
octet-consumer-check> 1 | use crate::process::{ProcessFaultAction, ProcessFaultCommand};
octet-consumer-check>   |                      ^^^^^^^^^^^^^^^^^^
octet-consumer-check>   |
octet-consumer-check>   = help: Tiger Style (Searchable Owner Paths): keep concrete owner types at their qualified use sites; import traits only for method resolution Example: crate::addr::Addr
octet-consumer-check>   = note: see Tiger Style guide: Naming
octet-consumer-check> 
octet-consumer-check> warning: non-trait import `ProcessFaultCommand` hides the owner path; prefer the qualified path at the use site
octet-consumer-check>  --> crates/chaoscontrol-protocol/src/guest_process.rs:1:42
octet-consumer-check>   |
octet-consumer-check> 1 | use crate::process::{ProcessFaultAction, ProcessFaultCommand};
octet-consumer-check>   |                                          ^^^^^^^^^^^^^^^^^^^
octet-consumer-check>   |
octet-consumer-check>   = help: Tiger Style (Searchable Owner Paths): keep concrete owner types at their qualified use sites; import traits only for method resolution Example: crate::addr::Addr
octet-consumer-check>   = note: see Tiger Style guide: Naming
octet-consumer-check> 
octet-consumer-check> warning: non-trait import `Deserialize` hides the owner path; prefer the qualified path at the use site
octet-consumer-check>  --> crates/chaoscontrol-protocol/src/guest_process.rs:2:13
octet-consumer-check>   |
octet-consumer-check> 2 | use serde::{Deserialize, Serialize};
octet-consumer-check>   |             ^^^^^^^^^^^
octet-consumer-check>   |
octet-consumer-check>   = help: Tiger Style (Searchable Owner Paths): keep concrete owner types at their qualified use sites; import traits only for method resolution Example: crate::addr::Addr
octet-consumer-check>   = note: see Tiger Style guide: Naming
octet-consumer-check> 
octet-consumer-check> warning: non-trait import `Serialize` hides the owner path; prefer the qualified path at the use site
octet-consumer-check>  --> crates/chaoscontrol-protocol/src/guest_process.rs:2:26
octet-consumer-check>   |
octet-consumer-check> 2 | use serde::{Deserialize, Serialize};
octet-consumer-check>   |                          ^^^^^^^^^
octet-consumer-check>   |
octet-consumer-check>   = help: Tiger Style (Searchable Owner Paths): keep concrete owner types at their qualified use sites; import traits only for method resolution Example: crate::addr::Addr
octet-consumer-check>   = note: see Tiger Style guide: Naming
octet-consumer-check> 
octet-consumer-check> warning: non-trait import `BTreeMap` hides the owner path; prefer the qualified path at the use site
octet-consumer-check>  --> crates/chaoscontrol-protocol/src/guest_process.rs:3:24
octet-consumer-check>   |
octet-consumer-check> 3 | use std::collections::{BTreeMap, BTreeSet};
octet-consumer-check>   |                        ^^^^^^^^
octet-consumer-check>   |
octet-consumer-check>   = help: Tiger Style (Searchable Owner Paths): keep concrete owner types at their qualified use sites; import traits only for method resolution Example: crate::addr::Addr
octet-consumer-check>   = note: see Tiger Style guide: Naming
octet-consumer-check> 
octet-consumer-check> warning: non-trait import `BTreeSet` hides the owner path; prefer the qualified path at the use site
octet-consumer-check>  --> crates/chaoscontrol-protocol/src/guest_process.rs:3:34
octet-consumer-check>   |
octet-consumer-check> 3 | use std::collections::{BTreeMap, BTreeSet};
octet-consumer-check>   |                                  ^^^^^^^^
octet-consumer-check>   |
octet-consumer-check>   = help: Tiger Style (Searchable Owner Paths): keep concrete owner types at their qualified use sites; import traits only for method resolution Example: crate::addr::Addr
octet-consumer-check>   = note: see Tiger Style guide: Naming
octet-consumer-check> 
octet-consumer-check> warning: item name `ProcessSpec` repeats `process` from ancestor path segment `guest_process`
octet-consumer-check>   --> crates/chaoscontrol-protocol/src/guest_process.rs:49:1
octet-consumer-check>    |
octet-consumer-check> 49 | / pub struct ProcessSpec {
octet-consumer-check> 50 | |     pub role: String,
octet-consumer-check> 51 | |     pub executable: String,
octet-consumer-check> 52 | |     pub arguments: Vec<String>,
octet-consumer-check> ...  |
octet-consumer-check> 57 | |     pub transport_slot: Option<u16>,
octet-consumer-check> 58 | | }
octet-consumer-check>    | |_^
octet-consumer-check>    |
octet-consumer-check>    = help: Tiger Style (Searchable Path Names): do not repeat crate or module path words in item names unless documenting a compatibility API Example: guest::spawn_vm
octet-consumer-check>    = note: see Tiger Style guide: Naming
octet-consumer-check> 
octet-consumer-check> warning: item name `ProcessManifest` repeats `process` from ancestor path segment `guest_process`
octet-consumer-check>   --> crates/chaoscontrol-protocol/src/guest_process.rs:62:1
octet-consumer-check>    |
octet-consumer-check> 62 | / pub struct ProcessManifest {
octet-consumer-check> 63 | |     pub schema: String,
octet-consumer-check> 64 | |     pub guest: String,
octet-consumer-check> 65 | |     pub shared_directories: Vec<SharedDirectorySpec>,
octet-consumer-check> 66 | |     pub processes: Vec<ProcessSpec>,
octet-consumer-check> 67 | | }
octet-consumer-check>    | |_^
octet-consumer-check>    |
octet-consumer-check>    = help: Tiger Style (Searchable Path Names): do not repeat crate or module path words in item names unless documenting a compatibility API Example: guest::spawn_vm
octet-consumer-check>    = note: see Tiger Style guide: Naming
octet-consumer-check> 
octet-consumer-check> warning: item name `AdmittedProcess` repeats `process` from ancestor path segment `guest_process`
octet-consumer-check>   --> crates/chaoscontrol-protocol/src/guest_process.rs:71:1
octet-consumer-check>    |
octet-consumer-check> 71 | / pub struct AdmittedProcess {
octet-consumer-check> 72 | |     pub identity: String,
octet-consumer-check> 73 | |     pub spec: ProcessSpec,
octet-consumer-check> 74 | | }
octet-consumer-check>    | |_^
octet-consumer-check>    |
octet-consumer-check>    = help: Tiger Style (Searchable Path Names): do not repeat crate or module path words in item names unless documenting a compatibility API Example: guest::spawn_vm
octet-consumer-check>    = note: see Tiger Style guide: Naming
octet-consumer-check> 
octet-consumer-check> warning: item name `process_identity` repeats `process` from ancestor path segment `guest_process`
octet-consumer-check>    --> crates/chaoscontrol-protocol/src/guest_process.rs:180:1
octet-consumer-check>     |
octet-consumer-check> 180 | / pub fn process_identity(guest: &str, role: &str) -> String {
octet-consumer-check> 181 | |     digest(&[b"process", guest.as_bytes(), role.as_bytes()])
octet-consumer-check> 182 | | }
octet-consumer-check>     | |_^
octet-consumer-check>     |
octet-consumer-check>     = help: Tiger Style (Searchable Path Names): do not repeat crate or module path words in item names unless documenting a compatibility API Example: guest::spawn_vm
octet-consumer-check>     = note: see Tiger Style guide: Naming
octet-consumer-check> 
octet-consumer-check> warning: item name `ProcessStatus` repeats `process` from ancestor path segment `guest_process`
octet-consumer-check>    --> crates/chaoscontrol-protocol/src/guest_process.rs:262:1
octet-consumer-check>     |
octet-consumer-check> 262 | / pub enum ProcessStatus {
octet-consumer-check> 263 | |     Stopped,
octet-consumer-check> 264 | |     Running,
octet-consumer-check> 265 | |     Paused,
octet-consumer-check> 266 | |     Exited,
octet-consumer-check> 267 | | }
octet-consumer-check>     | |_^
octet-consumer-check>     |
octet-consumer-check>     = help: Tiger Style (Searchable Path Names): do not repeat crate or module path words in item names unless documenting a compatibility API Example: guest::spawn_vm
octet-consumer-check>     = note: see Tiger Style guide: Naming
octet-consumer-check> 
octet-consumer-check> warning: item name `ProcessRuntimeState` repeats `process` from ancestor path segment `guest_process`
octet-consumer-check>    --> crates/chaoscontrol-protocol/src/guest_process.rs:271:1
octet-consumer-check>     |
octet-consumer-check> 271 | / pub struct ProcessRuntimeState {
octet-consumer-check> 272 | |     pub identity: String,
octet-consumer-check> 273 | |     pub role: String,
octet-consumer-check> 274 | |     pub status: ProcessStatus,
octet-consumer-check> ...   |
octet-consumer-check> 277 | |     pub resume_at_tick: Option<u64>,
octet-consumer-check> 278 | | }
octet-consumer-check>     | |_^
octet-consumer-check>     |
octet-consumer-check>     = help: Tiger Style (Searchable Path Names): do not repeat crate or module path words in item names unless documenting a compatibility API Example: guest::spawn_vm
octet-consumer-check>     = note: see Tiger Style guide: Naming
octet-consumer-check> 
octet-consumer-check> warning: item name `ProcessLifecycleEvent` repeats `process` from ancestor path segment `guest_process`
octet-consumer-check>    --> crates/chaoscontrol-protocol/src/guest_process.rs:302:1
octet-consumer-check>     |
octet-consumer-check> 302 | / pub struct ProcessLifecycleEvent {
octet-consumer-check> 303 | |     pub process_identity: String,
octet-consumer-check> 304 | |     pub role: String,
octet-consumer-check> 305 | |     pub generation: u32,
octet-consumer-check> 306 | |     pub tick: u64,
octet-consumer-check> 307 | |     pub kind: LifecycleKind,
octet-consumer-check> 308 | | }
octet-consumer-check>     | |_^
octet-consumer-check>     |
octet-consumer-check>     = help: Tiger Style (Searchable Path Names): do not repeat crate or module path words in item names unless documenting a compatibility API Example: guest::spawn_vm
octet-consumer-check>     = note: see Tiger Style guide: Naming
octet-consumer-check> 
octet-consumer-check> warning: non-trait import `admit_manifest` hides the owner path; prefer the qualified path at the use site
octet-consumer-check>  --> crates/chaoscontrol-protocol/src/oci_intake.rs:4:5
octet-consumer-check>   |
octet-consumer-check> 4 |     admit_manifest, AdmittedManifest, ProcessManifest, ProcessSpec, RestartPolicy,
octet-consumer-check>   |     ^^^^^^^^^^^^^^
octet-consumer-check>   |
octet-consumer-check>   = help: Tiger Style (Searchable Owner Paths): keep concrete owner types at their qualified use sites; import traits only for method resolution Example: crate::addr::Addr
octet-consumer-check>   = note: see Tiger Style guide: Naming
octet-consumer-check> 
octet-consumer-check> warning: non-trait import `AdmittedManifest` hides the owner path; prefer the qualified path at the use site
octet-consumer-check>  --> crates/chaoscontrol-protocol/src/oci_intake.rs:4:21
octet-consumer-check>   |
octet-consumer-check> 4 |     admit_manifest, AdmittedManifest, ProcessManifest, ProcessSpec, RestartPolicy,
octet-consumer-check>   |                     ^^^^^^^^^^^^^^^^
octet-consumer-check>   |
octet-consumer-check>   = help: Tiger Style (Searchable Owner Paths): keep concrete owner types at their qualified use sites; import traits only for method resolution Example: crate::addr::Addr
octet-consumer-check>   = note: see Tiger Style guide: Naming
octet-consumer-check> 
octet-consumer-check> warning: non-trait import `ProcessManifest` hides the owner path; prefer the qualified path at the use site
octet-consumer-check>  --> crates/chaoscontrol-protocol/src/oci_intake.rs:4:39
octet-consumer-check>   |
octet-consumer-check> 4 |     admit_manifest, AdmittedManifest, ProcessManifest, ProcessSpec, RestartPolicy,
octet-consumer-check>   |                                       ^^^^^^^^^^^^^^^
octet-consumer-check>   |
octet-consumer-check>   = help: Tiger Style (Searchable Owner Paths): keep concrete owner types at their qualified use sites; import traits only for method resolution Example: crate::addr::Addr
octet-consumer-check>   = note: see Tiger Style guide: Naming
octet-consumer-check> 
octet-consumer-check> warning: non-trait import `ProcessSpec` hides the owner path; prefer the qualified path at the use site
octet-consumer-check>  --> crates/chaoscontrol-protocol/src/oci_intake.rs:4:56
octet-consumer-check>   |
octet-consumer-check> 4 |     admit_manifest, AdmittedManifest, ProcessManifest, ProcessSpec, RestartPolicy,
octet-consumer-check>   |                                                        ^^^^^^^^^^^
octet-consumer-check>   |
octet-consumer-check>   = help: Tiger Style (Searchable Owner Paths): keep concrete owner types at their qualified use sites; import traits only for method resolution Example: crate::addr::Addr
octet-consumer-check>   = note: see Tiger Style guide: Naming
octet-consumer-check> 
octet-consumer-check> warning: non-trait import `RestartPolicy` hides the owner path; prefer the qualified path at the use site
octet-consumer-check>  --> crates/chaoscontrol-protocol/src/oci_intake.rs:4:69
octet-consumer-check>   |
octet-consumer-check> 4 |     admit_manifest, AdmittedManifest, ProcessManifest, ProcessSpec, RestartPolicy,
octet-consumer-check>   |                                                                     ^^^^^^^^^^^^^
octet-consumer-check>   |
octet-consumer-check>   = help: Tiger Style (Searchable Owner Paths): keep concrete owner types at their qualified use sites; import traits only for method resolution Example: crate::addr::Addr
octet-consumer-check>   = note: see Tiger Style guide: Naming
octet-consumer-check> 
octet-consumer-check> warning: non-trait import `SharedDirectorySpec` hides the owner path; prefer the qualified path at the use site
octet-consumer-check>  --> crates/chaoscontrol-protocol/src/oci_intake.rs:5:5
octet-consumer-check>   |
octet-consumer-check> 5 |     SharedDirectorySpec, PROCESS_MANIFEST_SCHEMA,
octet-consumer-check>   |     ^^^^^^^^^^^^^^^^^^^
octet-consumer-check>   |
octet-consumer-check>   = help: Tiger Style (Searchable Owner Paths): keep concrete owner types at their qualified use sites; import traits only for method resolution Example: crate::addr::Addr
octet-consumer-check>   = note: see Tiger Style guide: Naming
octet-consumer-check> 
octet-consumer-check> warning: non-trait import `PROCESS_MANIFEST_SCHEMA` hides the owner path; prefer the qualified path at the use site
octet-consumer-check>  --> crates/chaoscontrol-protocol/src/oci_intake.rs:5:26
octet-consumer-check>   |
octet-consumer-check> 5 |     SharedDirectorySpec, PROCESS_MANIFEST_SCHEMA,
octet-consumer-check>   |                          ^^^^^^^^^^^^^^^^^^^^^^^
octet-consumer-check>   |
octet-consumer-check>   = help: Tiger Style (Searchable Owner Paths): keep concrete owner types at their qualified use sites; import traits only for method resolution Example: crate::addr::Addr
octet-consumer-check>   = note: see Tiger Style guide: Naming
octet-consumer-check> 
octet-consumer-check> warning: non-trait import `Deserialize` hides the owner path; prefer the qualified path at the use site
octet-consumer-check>  --> crates/chaoscontrol-protocol/src/oci_intake.rs:7:13
octet-consumer-check>   |
octet-consumer-check> 7 | use serde::{Deserialize, Serialize};
octet-consumer-check>   |             ^^^^^^^^^^^
octet-consumer-check>   |
octet-consumer-check>   = help: Tiger Style (Searchable Owner Paths): keep concrete owner types at their qualified use sites; import traits only for method resolution Example: crate::addr::Addr
octet-consumer-check>   = note: see Tiger Style guide: Naming
octet-consumer-check> 
octet-consumer-check> warning: non-trait import `Serialize` hides the owner path; prefer the qualified path at the use site
octet-consumer-check>  --> crates/chaoscontrol-protocol/src/oci_intake.rs:7:26
octet-consumer-check>   |
octet-consumer-check> 7 | use serde::{Deserialize, Serialize};
octet-consumer-check>   |                          ^^^^^^^^^
octet-consumer-check>   |
octet-consumer-check>   = help: Tiger Style (Searchable Owner Paths): keep concrete owner types at their qualified use sites; import traits only for method resolution Example: crate::addr::Addr
octet-consumer-check>   = note: see Tiger Style guide: Naming
octet-consumer-check> 
octet-consumer-check> warning: non-trait import `BTreeSet` hides the owner path; prefer the qualified path at the use site
octet-consumer-check>  --> crates/chaoscontrol-protocol/src/oci_intake.rs:8:1
octet-consumer-check>   |
octet-consumer-check> 8 | use std::collections::BTreeSet;
octet-consumer-check>   | ^^^^^^^^^^^^^^^^^^^^^^^^^^^^^^^
octet-consumer-check>   |
octet-consumer-check>   = help: Tiger Style (Searchable Owner Paths): keep concrete owner types at their qualified use sites; import traits only for method resolution Example: crate::addr::Addr
octet-consumer-check>   = note: see Tiger Style guide: Naming
octet-consumer-check> 
octet-consumer-check> warning: item name `OciTopology` repeats `oci` from ancestor path segment `oci_intake`
octet-consumer-check>   --> crates/chaoscontrol-protocol/src/oci_intake.rs:59:1
octet-consumer-check>    |
octet-consumer-check> 59 | / pub struct OciTopology {
octet-consumer-check> 60 | |     pub schema: String,
octet-consumer-check> 61 | |     pub topology_id: String,
octet-consumer-check> 62 | |     pub shared_directories: Vec<SharedDirectorySpec>,
octet-consumer-check> 63 | |     pub services: Vec<ImageService>,
octet-consumer-check> 64 | | }
octet-consumer-check>    | |_^
octet-consumer-check>    |
octet-consumer-check>    = help: Tiger Style (Searchable Path Names): do not repeat crate or module path words in item names unless documenting a compatibility API Example: guest::spawn_vm
octet-consumer-check>    = note: see Tiger Style guide: Naming
octet-consumer-check> 
octet-consumer-check> warning: item name `IntakePlanError` repeats `intake` from ancestor path segment `oci_intake`
octet-consumer-check>    --> crates/chaoscontrol-protocol/src/oci_intake.rs:88:1
octet-consumer-check>     |
octet-consumer-check>  88 | / pub enum IntakePlanError {
octet-consumer-check>  89 | |     InvalidSchema,
octet-consumer-check>  90 | |     InvalidTopologyId,
octet-consumer-check>  91 | |     ServiceLimit,
octet-consumer-check> ...   |
octet-consumer-check> 101 | |     Manifest(crate::guest_process::ManifestError),
octet-consumer-check> 102 | | }
octet-consumer-check>     | |_^
octet-consumer-check>     |
octet-consumer-check>     = help: Tiger Style (Searchable Path Names): do not repeat crate or module path words in item names unless documenting a compatibility API Example: guest::spawn_vm
octet-consumer-check>     = note: see Tiger Style guide: Naming
octet-consumer-check> 
octet-consumer-check> warning: item name `ServiceIntakeReceipt` repeats `intake` from ancestor path segment `oci_intake`
octet-consumer-check>    --> crates/chaoscontrol-protocol/src/oci_intake.rs:276:1
octet-consumer-check>     |
octet-consumer-check> 276 | / pub struct ServiceIntakeReceipt {
octet-consumer-check> 277 | |     pub role: String,
octet-consumer-check> 278 | |     pub image_identity: String,
octet-consumer-check> 279 | |     pub layer_identities: Vec<String>,
octet-consumer-check> 280 | |     pub root_identity: String,
octet-consumer-check> 281 | | }
octet-consumer-check>     | |_^
octet-consumer-check>     |
octet-consumer-check>     = help: Tiger Style (Searchable Path Names): do not repeat crate or module path words in item names unless documenting a compatibility API Example: guest::spawn_vm
octet-consumer-check>     = note: see Tiger Style guide: Naming
octet-consumer-check> 
octet-consumer-check> warning: item name `IntakeReceipt` repeats `intake` from ancestor path segment `oci_intake`
octet-consumer-check>    --> crates/chaoscontrol-protocol/src/oci_intake.rs:285:1
octet-consumer-check>     |
octet-consumer-check> 285 | / pub struct IntakeReceipt {
octet-consumer-check> 286 | |     pub schema: String,
octet-consumer-check> 287 | |     pub bundle_identity: String,
octet-consumer-check> 288 | |     pub process_manifest_identity: String,
octet-consumer-check> 289 | |     pub services: Vec<ServiceIntakeReceipt>,
octet-consumer-check> 290 | |     pub claim_scope: String,
octet-consumer-check> 291 | | }
octet-consumer-check>     | |_^
octet-consumer-check>     |
octet-consumer-check>     = help: Tiger Style (Searchable Path Names): do not repeat crate or module path words in item names unless documenting a compatibility API Example: guest::spawn_vm
octet-consumer-check>     = note: see Tiger Style guide: Naming
octet-consumer-check> 
octet-consumer-check> warning: item name `IntakeReceiptError` repeats `intake` from ancestor path segment `oci_intake`
octet-consumer-check>    --> crates/chaoscontrol-protocol/src/oci_intake.rs:294:1
octet-consumer-check>     |
octet-consumer-check> 294 | / pub enum IntakeReceiptError {
octet-consumer-check> 295 | |     InvalidSchema,
octet-consumer-check> 296 | |     BundleIdentityMismatch,
octet-consumer-check> 297 | |     ManifestIdentityMismatch,
octet-consumer-check> ...   |
octet-consumer-check> 302 | |     ClaimOverreach,
octet-consumer-check> 303 | | }
octet-consumer-check>     | |_^
octet-consumer-check>     |
octet-consumer-check>     = help: Tiger Style (Searchable Path Names): do not repeat crate or module path words in item names unless documenting a compatibility API Example: guest::spawn_vm
octet-consumer-check>     = note: see Tiger Style guide: Naming
octet-consumer-check> 
octet-consumer-check> warning: non-trait import `Deserialize` hides the owner path; prefer the qualified path at the use site
octet-consumer-check>  --> crates/chaoscontrol-protocol/src/process.rs:3:13
octet-consumer-check>   |
octet-consumer-check> 3 | use serde::{Deserialize, Serialize};
octet-consumer-check>   |             ^^^^^^^^^^^
octet-consumer-check>   |
octet-consumer-check>   = help: Tiger Style (Searchable Owner Paths): keep concrete owner types at their qualified use sites; import traits only for method resolution Example: crate::addr::Addr
octet-consumer-check>   = note: see Tiger Style guide: Naming
octet-consumer-check> 
octet-consumer-check> warning: non-trait import `Serialize` hides the owner path; prefer the qualified path at the use site
octet-consumer-check>  --> crates/chaoscontrol-protocol/src/process.rs:3:26
octet-consumer-check>   |
octet-consumer-check> 3 | use serde::{Deserialize, Serialize};
octet-consumer-check>   |                          ^^^^^^^^^
octet-consumer-check>   |
octet-consumer-check>   = help: Tiger Style (Searchable Owner Paths): keep concrete owner types at their qualified use sites; import traits only for method resolution Example: crate::addr::Addr
octet-consumer-check>   = note: see Tiger Style guide: Naming
octet-consumer-check> 
octet-consumer-check> warning: item name `ProcessFaultAction` repeats `process` from ancestor path segment `process`
octet-consumer-check>   --> crates/chaoscontrol-protocol/src/process.rs:11:1
octet-consumer-check>    |
octet-consumer-check> 11 | / pub enum ProcessFaultAction {
octet-consumer-check> 12 | |     Kill,
octet-consumer-check> 13 | |     Pause,
octet-consumer-check> 14 | |     Restart,
octet-consumer-check> 15 | | }
octet-consumer-check>    | |_^
octet-consumer-check>    |
octet-consumer-check>    = help: Tiger Style (Searchable Path Names): do not repeat crate or module path words in item names unless documenting a compatibility API Example: guest::spawn_vm
octet-consumer-check>    = note: see Tiger Style guide: Naming
octet-consumer-check> 
octet-consumer-check> warning: item name `ProcessFaultCommand` repeats `process` from ancestor path segment `process`
octet-consumer-check>   --> crates/chaoscontrol-protocol/src/process.rs:19:1
octet-consumer-check>    |
octet-consumer-check> 19 | / pub struct ProcessFaultCommand {
octet-consumer-check> 20 | |     pub schema: String,
octet-consumer-check> 21 | |     pub request_id: String,
octet-consumer-check> 22 | |     pub target: String,
octet-consumer-check> 23 | |     pub action: ProcessFaultAction,
octet-consumer-check> 24 | |     pub pause_ticks: Option<u64>,
octet-consumer-check> 25 | | }
octet-consumer-check>    | |_^
octet-consumer-check>    |
octet-consumer-check>    = help: Tiger Style (Searchable Path Names): do not repeat crate or module path words in item names unless documenting a compatibility API Example: guest::spawn_vm
octet-consumer-check>    = note: see Tiger Style guide: Naming
octet-consumer-check> 
octet-consumer-check> warning: item name `ProcessFaultCommandError` repeats `process` from ancestor path segment `process`
octet-consumer-check>   --> crates/chaoscontrol-protocol/src/process.rs:28:1
octet-consumer-check>    |
octet-consumer-check> 28 | / pub enum ProcessFaultCommandError {
octet-consumer-check> 29 | |     InvalidSchema,
octet-consumer-check> 30 | |     InvalidRequestId,
octet-consumer-check> 31 | |     InvalidTarget,
octet-consumer-check> 32 | |     InvalidPauseTicks,
octet-consumer-check> 33 | |     PayloadLimit,
octet-consumer-check> 34 | | }
octet-consumer-check>    | |_^
octet-consumer-check>    |
octet-consumer-check>    = help: Tiger Style (Searchable Path Names): do not repeat crate or module path words in item names unless documenting a compatibility API Example: guest::spawn_vm
octet-consumer-check>    = note: see Tiger Style guide: Naming
octet-consumer-check> 
octet-consumer-check> warning: item name `validate_process_token` repeats `process` from ancestor path segment `process`
octet-consumer-check>   --> crates/chaoscontrol-protocol/src/process.rs:82:1
octet-consumer-check>    |
octet-consumer-check> 82 | / pub fn validate_process_token(value: &str) -> bool {
octet-consumer-check> 83 | |     !value.is_empty()
octet-consumer-check> 84 | |         && value.len() <= MAX_PROCESS_ID_BYTES
octet-consumer-check> 85 | |         && value
octet-consumer-check> 86 | |             .bytes()
octet-consumer-check> 87 | |             .all(|byte| byte.is_ascii_alphanumeric() || matches!(byte, b'-' | b'_' | b'.' | b':'))
octet-consumer-check> 88 | | }
octet-consumer-check>    | |_^
octet-consumer-check>    |
octet-consumer-check>    = help: Tiger Style (Searchable Path Names): do not repeat crate or module path words in item names unless documenting a compatibility API Example: guest::spawn_vm
octet-consumer-check>    = note: see Tiger Style guide: Naming
octet-consumer-check> 
octet-consumer-check> warning: item name `admit_observation` repeats `observation` from ancestor path segment `protocol_observation`
octet-consumer-check>   --> crates/chaoscontrol-protocol/src/protocol_observation/admission.rs:18:1
octet-consumer-check>    |
octet-consumer-check> 18 | / pub fn admit_observation(
octet-consumer-check> 19 | |     profile: &AdmittedProfile,
octet-consumer-check> 20 | |     collected: CollectedObservation,
octet-consumer-check> 21 | | ) -> Result<AdmittedObservation, ProtocolObservationError> {
octet-consumer-check> ...  |
octet-consumer-check> 28 | |     })
octet-consumer-check> 29 | | }
octet-consumer-check>    | |_^
octet-consumer-check>    |
octet-consumer-check>    = help: Tiger Style (Searchable Path Names): do not repeat crate or module path words in item names unless documenting a compatibility API Example: guest::spawn_vm
octet-consumer-check>    = note: see Tiger Style guide: Naming
octet-consumer-check> 
octet-consumer-check> warning: item name `validate_collected_observation` repeats `observation` from ancestor path segment `protocol_observation`
octet-consumer-check>   --> crates/chaoscontrol-protocol/src/protocol_observation/admission.rs:31:1
octet-consumer-check>    |
octet-consumer-check> 31 | / pub fn validate_collected_observation(
octet-consumer-check> 32 | |     profile: &AdmittedProfile,
octet-consumer-check> 33 | |     collected: &CollectedObservation,
octet-consumer-check> 34 | | ) -> Result<(), ProtocolObservationError> {
octet-consumer-check> ...  |
octet-consumer-check> 49 | |     Ok(())
octet-consumer-check> 50 | | }
octet-consumer-check>    | |_^
octet-consumer-check>    |
octet-consumer-check>    = help: Tiger Style (Searchable Path Names): do not repeat crate or module path words in item names unless documenting a compatibility API Example: guest::spawn_vm
octet-consumer-check>    = note: see Tiger Style guide: Naming
octet-consumer-check> 
octet-consumer-check> warning: item name `validate_observation_draft` repeats `observation` from ancestor path segment `protocol_observation`
octet-consumer-check>    --> crates/chaoscontrol-protocol/src/protocol_observation/admission.rs:52:1
octet-consumer-check>     |
octet-consumer-check>  52 | / pub fn validate_observation_draft(
octet-consumer-check>  53 | |     profile: &AdmittedProfile,
octet-consumer-check>  54 | |     draft: &ObservationDraft,
octet-consumer-check>  55 | | ) -> Result<(), ProtocolObservationError> {
octet-consumer-check> ...   |
octet-consumer-check> 104 | |     Ok(())
octet-consumer-check> 105 | | }
octet-consumer-check>     | |_^
octet-consumer-check>     |
octet-consumer-check>     = help: Tiger Style (Searchable Path Names): do not repeat crate or module path words in item names unless documenting a compatibility API Example: guest::spawn_vm
octet-consumer-check>     = note: see Tiger Style guide: Naming
octet-consumer-check> 
octet-consumer-check> warning: non-trait import `BTreeSet` hides the owner path; prefer the qualified path at the use site
octet-consumer-check>  --> crates/chaoscontrol-protocol/src/protocol_observation/cohort.rs:6:1
octet-consumer-check>   |
octet-consumer-check> 6 | use std::collections::BTreeSet;
octet-consumer-check>   | ^^^^^^^^^^^^^^^^^^^^^^^^^^^^^^^
octet-consumer-check>   |
octet-consumer-check>   = help: Tiger Style (Searchable Owner Paths): keep concrete owner types at their qualified use sites; import traits only for method resolution Example: crate::addr::Addr
octet-consumer-check>   = note: see Tiger Style guide: Naming
octet-consumer-check> 
octet-consumer-check> warning: item name `assemble_cohort` repeats `cohort` from ancestor path segment `cohort`
octet-consumer-check>   --> crates/chaoscontrol-protocol/src/protocol_observation/cohort.rs:10:1
octet-consumer-check>    |
octet-consumer-check> 10 | / pub fn assemble_cohort(
octet-consumer-check> 11 | |     profile: &AdmittedProfile,
octet-consumer-check> 12 | |     logical_boundary_ref: &str,
octet-consumer-check> 13 | |     collected: &[CollectedObservation],
octet-consumer-check> ...  |
octet-consumer-check> 23 | | }
octet-consumer-check>    | |_^
octet-consumer-check>    |
octet-consumer-check>    = help: Tiger Style (Searchable Path Names): do not repeat crate or module path words in item names unless documenting a compatibility API Example: guest::spawn_vm
octet-consumer-check>    = note: see Tiger Style guide: Naming
octet-consumer-check> 
octet-consumer-check> warning: item name `validate_cohort` repeats `cohort` from ancestor path segment `cohort`
octet-consumer-check>    --> crates/chaoscontrol-protocol/src/protocol_observation/cohort.rs:107:1
octet-consumer-check>     |
octet-consumer-check> 107 | / pub fn validate_cohort(
octet-consumer-check> 108 | |     profile: &AdmittedProfile,
octet-consumer-check> 109 | |     cohort: &CohortResult,
octet-consumer-check> 110 | | ) -> Result<(), ProtocolObservationError> {
octet-consumer-check> ...   |
octet-consumer-check> 121 | |     Ok(())
octet-consumer-check> 122 | | }
octet-consumer-check>     | |_^
octet-consumer-check>     |
octet-consumer-check>     = help: Tiger Style (Searchable Path Names): do not repeat crate or module path words in item names unless documenting a compatibility API Example: guest::spawn_vm
octet-consumer-check>     = note: see Tiger Style guide: Naming
octet-consumer-check> 
octet-consumer-check> warning: non-trait import `BTreeSet` hides the owner path; prefer the qualified path at the use site
octet-consumer-check>  --> crates/chaoscontrol-protocol/src/protocol_observation/evidence.rs:4:1
octet-consumer-check>   |
octet-consumer-check> 4 | use std::collections::BTreeSet;
octet-consumer-check>   | ^^^^^^^^^^^^^^^^^^^^^^^^^^^^^^^
octet-consumer-check>   |
octet-consumer-check>   = help: Tiger Style (Searchable Owner Paths): keep concrete owner types at their qualified use sites; import traits only for method resolution Example: crate::addr::Addr
octet-consumer-check>   = note: see Tiger Style guide: Naming
octet-consumer-check> 
octet-consumer-check> warning: item name `ProtocolObservationClaim` repeats `protocol` from ancestor path segment `protocol_observation`
octet-consumer-check>   --> crates/chaoscontrol-protocol/src/protocol_observation/evidence.rs:8:1
octet-consumer-check>    |
octet-consumer-check>  8 | / pub enum ProtocolObservationClaim {
octet-consumer-check>  9 | |     BoundedObservation,
octet-consumer-check> 10 | |     ProtocolSemantics,
octet-consumer-check> 11 | |     UniversalCorrectness,
octet-consumer-check> ...  |
octet-consumer-check> 14 | |     ReleaseEligibility,
octet-consumer-check> 15 | | }
octet-consumer-check>    | |_^
octet-consumer-check>    |
octet-consumer-check>    = help: Tiger Style (Searchable Path Names): do not repeat crate or module path words in item names unless documenting a compatibility API Example: guest::spawn_vm
octet-consumer-check>    = note: see Tiger Style guide: Naming
octet-consumer-check> 
octet-consumer-check> warning: non-trait import `MarkerSnapshotBinding` hides the owner path; prefer the qualified path at the use site
octet-consumer-check>  --> crates/chaoscontrol-protocol/src/protocol_observation/model.rs:1:21
octet-consumer-check>   |
octet-consumer-check> 1 | use super::oracle::{MarkerSnapshotBinding, ProtocolOracleResult, ProtocolVerdict};
octet-consumer-check>   |                     ^^^^^^^^^^^^^^^^^^^^^
octet-consumer-check>   |
octet-consumer-check>   = help: Tiger Style (Searchable Owner Paths): keep concrete owner types at their qualified use sites; import traits only for method resolution Example: crate::addr::Addr
octet-consumer-check>   = note: see Tiger Style guide: Naming
octet-consumer-check> 
octet-consumer-check> warning: non-trait import `ProtocolOracleResult` hides the owner path; prefer the qualified path at the use site
octet-consumer-check>  --> crates/chaoscontrol-protocol/src/protocol_observation/model.rs:1:44
octet-consumer-check>   |
octet-consumer-check> 1 | use super::oracle::{MarkerSnapshotBinding, ProtocolOracleResult, ProtocolVerdict};
octet-consumer-check>   |                                            ^^^^^^^^^^^^^^^^^^^^
octet-consumer-check>   |
octet-consumer-check>   = help: Tiger Style (Searchable Owner Paths): keep concrete owner types at their qualified use sites; import traits only for method resolution Example: crate::addr::Addr
octet-consumer-check>   = note: see Tiger Style guide: Naming
octet-consumer-check> 
octet-consumer-check> warning: non-trait import `ProtocolVerdict` hides the owner path; prefer the qualified path at the use site
octet-consumer-check>  --> crates/chaoscontrol-protocol/src/protocol_observation/model.rs:1:66
octet-consumer-check>   |
octet-consumer-check> 1 | use super::oracle::{MarkerSnapshotBinding, ProtocolOracleResult, ProtocolVerdict};
octet-consumer-check>   |                                                                  ^^^^^^^^^^^^^^^
octet-consumer-check>   |
octet-consumer-check>   = help: Tiger Style (Searchable Owner Paths): keep concrete owner types at their qualified use sites; import traits only for method resolution Example: crate::addr::Addr
octet-consumer-check>   = note: see Tiger Style guide: Naming
octet-consumer-check> 
octet-consumer-check> warning: non-trait import `Deserialize` hides the owner path; prefer the qualified path at the use site
octet-consumer-check>  --> crates/chaoscontrol-protocol/src/protocol_observation/model.rs:2:13
octet-consumer-check>   |
octet-consumer-check> 2 | use serde::{Deserialize, Serialize};
octet-consumer-check>   |             ^^^^^^^^^^^
octet-consumer-check>   |
octet-consumer-check>   = help: Tiger Style (Searchable Owner Paths): keep concrete owner types at their qualified use sites; import traits only for method resolution Example: crate::addr::Addr
octet-consumer-check>   = note: see Tiger Style guide: Naming
octet-consumer-check> 
octet-consumer-check> warning: non-trait import `Serialize` hides the owner path; prefer the qualified path at the use site
octet-consumer-check>  --> crates/chaoscontrol-protocol/src/protocol_observation/model.rs:2:26
octet-consumer-check>   |
octet-consumer-check> 2 | use serde::{Deserialize, Serialize};
octet-consumer-check>   |                          ^^^^^^^^^
octet-consumer-check>   |
octet-consumer-check>   = help: Tiger Style (Searchable Owner Paths): keep concrete owner types at their qualified use sites; import traits only for method resolution Example: crate::addr::Addr
octet-consumer-check>   = note: see Tiger Style guide: Naming
octet-consumer-check> 
octet-consumer-check> warning: item name `ProtocolObservationBounds` repeats `protocol` from ancestor path segment `protocol_observation`
octet-consumer-check>   --> crates/chaoscontrol-protocol/src/protocol_observation/model.rs:63:1
octet-consumer-check>    |
octet-consumer-check> 63 | / pub struct ProtocolObservationBounds {
octet-consumer-check> 64 | |     pub max_records_per_producer: u32,
octet-consumer-check> 65 | |     pub max_projection_bytes: u32,
octet-consumer-check> 66 | |     pub max_total_projection_bytes: u64,
octet-consumer-check> ...  |
octet-consumer-check> 71 | |     pub max_diagnostic_refs: u32,
octet-consumer-check> 72 | | }
octet-consumer-check>    | |_^
octet-consumer-check>    |
octet-consumer-check>    = help: Tiger Style (Searchable Path Names): do not repeat crate or module path words in item names unless documenting a compatibility API Example: guest::spawn_vm
octet-consumer-check>    = note: see Tiger Style guide: Naming
octet-consumer-check> 
octet-consumer-check> warning: item name `ProtocolObservationProfile` repeats `protocol` from ancestor path segment `protocol_observation`
octet-consumer-check>    --> crates/chaoscontrol-protocol/src/protocol_observation/model.rs:94:1
octet-consumer-check>     |
octet-consumer-check>  94 | / pub struct ProtocolObservationProfile {
octet-consumer-check>  95 | |     pub schema: String,
octet-consumer-check>  96 | |     pub execution_ref: String,
octet-consumer-check>  97 | |     pub protocol_ref: String,
octet-consumer-check> ...   |
octet-consumer-check> 108 | |     pub non_claims: Vec<String>,
octet-consumer-check> 109 | | }
octet-consumer-check>     | |_^
octet-consumer-check>     |
octet-consumer-check>     = help: Tiger Style (Searchable Path Names): do not repeat crate or module path words in item names unless documenting a compatibility API Example: guest::spawn_vm
octet-consumer-check>     = note: see Tiger Style guide: Naming
octet-consumer-check> 
octet-consumer-check> warning: item name `ObservationDraft` repeats `observation` from ancestor path segment `protocol_observation`
octet-consumer-check>    --> crates/chaoscontrol-protocol/src/protocol_observation/model.rs:120:1
octet-consumer-check>     |
octet-consumer-check> 120 | / pub struct ObservationDraft {
octet-consumer-check> 121 | |     pub schema: String,
octet-consumer-check> 122 | |     pub profile_ref: String,
octet-consumer-check> 123 | |     pub protocol_ref: String,
octet-consumer-check> ...   |
octet-consumer-check> 143 | |     pub parent_snapshot_ref: Option<String>,
octet-consumer-check> 144 | | }
octet-consumer-check>     | |_^
octet-consumer-check>     |
octet-consumer-check>     = help: Tiger Style (Searchable Path Names): do not repeat crate or module path words in item names unless documenting a compatibility API Example: guest::spawn_vm
octet-consumer-check>     = note: see Tiger Style guide: Naming
octet-consumer-check> 
octet-consumer-check> error: implicit default on external type — construct with explicit values
octet-consumer-check>    --> crates/chaoscontrol-protocol/src/protocol_observation/model.rs:137:5
octet-consumer-check>     |
octet-consumer-check> 137 | /     #[serde(default, skip_serializing_if = "Option::is_none")]
octet-consumer-check> 138 | |     pub projection_bytes: Option<Vec<u8>>,
octet-consumer-check>     | |_________________________________________^
octet-consumer-check>     |
octet-consumer-check>     = help: Tiger Style (Explicit Defaults): construct foreign-crate values explicitly instead of relying on `Default` Example: let client = reqwest::ClientBuilder::new();
octet-consumer-check>     = note: structured suggestion applicability: HasPlaceholders
octet-consumer-check>     = note: see Tiger Style guide: Explicit Defaults
octet-consumer-check> help: use explicit constructor instead of `Default::default()`
octet-consumer-check>     |
octet-consumer-check> 137 -     #[serde(default, skip_serializing_if = "Option::is_none")]
octet-consumer-check> 138 -     pub projection_bytes: Option<Vec<u8>>,
octet-consumer-check> 137 +     std::option::Option::new(/* fields */),
octet-consumer-check>     |
octet-consumer-check> 
octet-consumer-check> error: implicit default on external type — construct with explicit values
octet-consumer-check>    --> crates/chaoscontrol-protocol/src/protocol_observation/model.rs:140:5
octet-consumer-check>     |
octet-consumer-check> 140 | /     #[serde(default, skip_serializing_if = "Option::is_none")]
octet-consumer-check> 141 | |     pub marker_identity: Option<String>,
octet-consumer-check>     | |_______________________________________^
octet-consumer-check>     |
octet-consumer-check>     = help: Tiger Style (Explicit Defaults): construct foreign-crate values explicitly instead of relying on `Default` Example: let client = reqwest::ClientBuilder::new();
octet-consumer-check>     = note: structured suggestion applicability: HasPlaceholders
octet-consumer-check>     = note: see Tiger Style guide: Explicit Defaults
octet-consumer-check> help: use explicit constructor instead of `Default::default()`
octet-consumer-check>     |
octet-consumer-check> 140 -     #[serde(default, skip_serializing_if = "Option::is_none")]
octet-consumer-check> 141 -     pub marker_identity: Option<String>,
octet-consumer-check> 140 +     std::option::Option::new(/* fields */),
octet-consumer-check>     |
octet-consumer-check> 
octet-consumer-check> error: implicit default on external type — construct with explicit values
octet-consumer-check>    --> crates/chaoscontrol-protocol/src/protocol_observation/model.rs:142:5
octet-consumer-check>     |
octet-consumer-check> 142 | /     #[serde(default, skip_serializing_if = "Option::is_none")]
octet-consumer-check> 143 | |     pub parent_snapshot_ref: Option<String>,
octet-consumer-check>     | |___________________________________________^
octet-consumer-check>     |
octet-consumer-check>     = help: Tiger Style (Explicit Defaults): construct foreign-crate values explicitly instead of relying on `Default` Example: let client = reqwest::ClientBuilder::new();
octet-consumer-check>     = note: structured suggestion applicability: HasPlaceholders
octet-consumer-check>     = note: see Tiger Style guide: Explicit Defaults
octet-consumer-check> help: use explicit constructor instead of `Default::default()`
octet-consumer-check>     |
octet-consumer-check> 142 -     #[serde(default, skip_serializing_if = "Option::is_none")]
octet-consumer-check> 143 -     pub parent_snapshot_ref: Option<String>,
octet-consumer-check> 142 +     std::option::Option::new(/* fields */),
octet-consumer-check>     |
octet-consumer-check> 
octet-consumer-check> warning: item name `CollectedObservation` repeats `observation` from ancestor path segment `protocol_observation`
octet-consumer-check>    --> crates/chaoscontrol-protocol/src/protocol_observation/model.rs:157:1
octet-consumer-check>     |
octet-consumer-check> 157 | / pub struct CollectedObservation {
octet-consumer-check> 158 | |     pub schema: String,
octet-consumer-check> 159 | |     pub draft: ObservationDraft,
octet-consumer-check> 160 | |     pub scheduler_position: SchedulerPosition,
octet-consumer-check> 161 | | }
octet-consumer-check>     | |_^
octet-consumer-check>     |
octet-consumer-check>     = help: Tiger Style (Searchable Path Names): do not repeat crate or module path words in item names unless documenting a compatibility API Example: guest::spawn_vm
octet-consumer-check>     = note: see Tiger Style guide: Naming
octet-consumer-check> 
octet-consumer-check> warning: item name `AdmittedObservation` repeats `observation` from ancestor path segment `protocol_observation`
octet-consumer-check>    --> crates/chaoscontrol-protocol/src/protocol_observation/model.rs:165:1
octet-consumer-check>     |
octet-consumer-check> 165 | / pub struct AdmittedObservation {
octet-consumer-check> 166 | |     pub record_identity: String,
octet-consumer-check> 167 | |     pub collected: CollectedObservation,
octet-consumer-check> 168 | | }
octet-consumer-check>     | |_^
octet-consumer-check>     |
octet-consumer-check>     = help: Tiger Style (Searchable Path Names): do not repeat crate or module path words in item names unless documenting a compatibility API Example: guest::spawn_vm
octet-consumer-check>     = note: see Tiger Style guide: Naming
octet-consumer-check> 
octet-consumer-check>    Compiling build-script-build v0.1.0
octet-consumer-check> warning: item name `ProtocolEvidenceContext` repeats `protocol` from ancestor path segment `protocol_observation`
octet-consumer-check>    --> crates/chaoscontrol-protocol/src/protocol_observation/model.rs:220:1
octet-consumer-check>     |
octet-consumer-check> 220 | / pub struct ProtocolEvidenceContext {
octet-consumer-check> 221 | |     #[serde(default, skip_serializing_if = "Option::is_none")]
octet-consumer-check> 222 | |     pub marker_binding: Option<MarkerSnapshotBinding>,
octet-consumer-check> 223 | |     pub fault_refs: Vec<String>,
octet-consumer-check> 224 | |     pub replay_refs: Vec<String>,
octet-consumer-check> 225 | | }
octet-consumer-check>     | |_^
octet-consumer-check>     |
octet-consumer-check>     = help: Tiger Style (Searchable Path Names): do not repeat crate or module path words in item names unless documenting a compatibility API Example: guest::spawn_vm
octet-consumer-check>     = note: see Tiger Style guide: Naming
octet-consumer-check> 
octet-consumer-check> error: implicit default on external type — construct with explicit values
octet-consumer-check>    --> crates/chaoscontrol-protocol/src/protocol_observation/model.rs:221:5
octet-consumer-check>     |
octet-consumer-check> 221 | /     #[serde(default, skip_serializing_if = "Option::is_none")]
octet-consumer-check> 222 | |     pub marker_binding: Option<MarkerSnapshotBinding>,
octet-consumer-check>     | |_____________________________________________________^
octet-consumer-check>     |
octet-consumer-check>     = help: Tiger Style (Explicit Defaults): construct foreign-crate values explicitly instead of relying on `Default` Example: let client = reqwest::ClientBuilder::new();
octet-consumer-check>     = note: structured suggestion applicability: HasPlaceholders
octet-consumer-check>     = note: see Tiger Style guide: Explicit Defaults
octet-consumer-check> help: use explicit constructor instead of `Default::default()`
octet-consumer-check>     |
octet-consumer-check> 221 -     #[serde(default, skip_serializing_if = "Option::is_none")]
octet-consumer-check> 222 -     pub marker_binding: Option<MarkerSnapshotBinding>,
octet-consumer-check> 221 +     std::option::Option::new(/* fields */),
octet-consumer-check>     |
octet-consumer-check> 
octet-consumer-check> warning: item name `ProtocolObservationReceipt` repeats `protocol` from ancestor path segment `protocol_observation`
octet-consumer-check>    --> crates/chaoscontrol-protocol/src/protocol_observation/model.rs:229:1
octet-consumer-check>     |
octet-consumer-check> 229 | / pub struct ProtocolObservationReceipt {
octet-consumer-check> 230 | |     pub schema: String,
octet-consumer-check> 231 | |     pub receipt_ref: String,
octet-consumer-check> 232 | |     pub profile_ref: String,
octet-consumer-check> ...   |
octet-consumer-check> 250 | |     pub non_claims: Vec<String>,
octet-consumer-check> 251 | | }
octet-consumer-check>     | |_^
octet-consumer-check>     |
octet-consumer-check>     = help: Tiger Style (Searchable Path Names): do not repeat crate or module path words in item names unless documenting a compatibility API Example: guest::spawn_vm
octet-consumer-check>     = note: see Tiger Style guide: Naming
octet-consumer-check> 
octet-consumer-check> error: implicit default on external type — construct with explicit values
octet-consumer-check>    --> crates/chaoscontrol-protocol/src/protocol_observation/model.rs:242:5
octet-consumer-check>     |
octet-consumer-check> 242 | /     #[serde(default, skip_serializing_if = "Option::is_none")]
octet-consumer-check> 243 | |     pub oracle_result: Option<ProtocolOracleResult>,
octet-consumer-check>     | |___________________________________________________^
octet-consumer-check>     |
octet-consumer-check>     = help: Tiger Style (Explicit Defaults): construct foreign-crate values explicitly instead of relying on `Default` Example: let client = reqwest::ClientBuilder::new();
octet-consumer-check>     = note: structured suggestion applicability: HasPlaceholders
octet-consumer-check>     = note: see Tiger Style guide: Explicit Defaults
octet-consumer-check> help: use explicit constructor instead of `Default::default()`
octet-consumer-check>     |
octet-consumer-check> 242 -     #[serde(default, skip_serializing_if = "Option::is_none")]
octet-consumer-check> 243 -     pub oracle_result: Option<ProtocolOracleResult>,
octet-consumer-check> 242 +     std::option::Option::new(/* fields */),
octet-consumer-check>     |
octet-consumer-check> 
octet-consumer-check> error: implicit default on external type — construct with explicit values
octet-consumer-check>    --> crates/chaoscontrol-protocol/src/protocol_observation/model.rs:245:5
octet-consumer-check>     |
octet-consumer-check> 245 | /     #[serde(default, skip_serializing_if = "Option::is_none")]
octet-consumer-check> 246 | |     pub marker_binding: Option<MarkerSnapshotBinding>,
octet-consumer-check>     | |_____________________________________________________^
octet-consumer-check>     |
octet-consumer-check>     = help: Tiger Style (Explicit Defaults): construct foreign-crate values explicitly instead of relying on `Default` Example: let client = reqwest::ClientBuilder::new();
octet-consumer-check>     = note: structured suggestion applicability: HasPlaceholders
octet-consumer-check>     = note: see Tiger Style guide: Explicit Defaults
octet-consumer-check> help: use explicit constructor instead of `Default::default()`
octet-consumer-check>     |
octet-consumer-check> 245 -     #[serde(default, skip_serializing_if = "Option::is_none")]
octet-consumer-check> 246 -     pub marker_binding: Option<MarkerSnapshotBinding>,
octet-consumer-check> 245 +     std::option::Option::new(/* fields */),
octet-consumer-check>     |
octet-consumer-check> 
octet-consumer-check> warning: item name `ProtocolObservationStatus` repeats `protocol` from ancestor path segment `protocol_observation`
octet-consumer-check>    --> crates/chaoscontrol-protocol/src/protocol_observation/model.rs:262:1
octet-consumer-check>     |
octet-consumer-check> 262 | / pub struct ProtocolObservationStatus {
octet-consumer-check> 263 | |     pub classification: CohortClassification,
octet-consumer-check> 264 | |     pub required_participants: usize,
octet-consumer-check> 265 | |     pub observed_participants: usize,
octet-consumer-check> ...   |
octet-consumer-check> 274 | |     pub blocker_kinds: Vec<CohortIssueKind>,
octet-consumer-check> 275 | | }
octet-consumer-check>     | |_^
octet-consumer-check>     |
octet-consumer-check>     = help: Tiger Style (Searchable Path Names): do not repeat crate or module path words in item names unless documenting a compatibility API Example: guest::spawn_vm
octet-consumer-check>     = note: see Tiger Style guide: Naming
octet-consumer-check> 
octet-consumer-check> error: implicit default on external type — construct with explicit values
octet-consumer-check>    --> crates/chaoscontrol-protocol/src/protocol_observation/model.rs:270:5
octet-consumer-check>     |
octet-consumer-check> 270 | /     #[serde(default, skip_serializing_if = "Option::is_none")]
octet-consumer-check> 271 | |     pub oracle_verdict: Option<ProtocolVerdict>,
octet-consumer-check>     | |_______________________________________________^
octet-consumer-check>     |
octet-consumer-check>     = help: Tiger Style (Explicit Defaults): construct foreign-crate values explicitly instead of relying on `Default` Example: let client = reqwest::ClientBuilder::new();
octet-consumer-check>     = note: structured suggestion applicability: HasPlaceholders
octet-consumer-check>     = note: see Tiger Style guide: Explicit Defaults
octet-consumer-check> help: use explicit constructor instead of `Default::default()`
octet-consumer-check>     |
octet-consumer-check> 270 -     #[serde(default, skip_serializing_if = "Option::is_none")]
octet-consumer-check> 271 -     pub oracle_verdict: Option<ProtocolVerdict>,
octet-consumer-check> 270 +     std::option::Option::new(/* fields */),
octet-consumer-check>     |
octet-consumer-check> 
octet-consumer-check> warning: item name `ProtocolObservationError` repeats `protocol` from ancestor path segment `protocol_observation`
octet-consumer-check>    --> crates/chaoscontrol-protocol/src/protocol_observation/model.rs:278:1
octet-consumer-check>     |
octet-consumer-check> 278 | / pub enum ProtocolObservationError {
octet-consumer-check> 279 | |     BoundExceeded(&'static str),
octet-consumer-check> 280 | |     CardinalityOverflow,
octet-consumer-check> 281 | |     ClaimOverreach,
octet-consumer-check> ...   |
octet-consumer-check> 296 | |     UnknownProducer,
octet-consumer-check> 297 | | }
octet-consumer-check>     | |_^
octet-consumer-check>     |
octet-consumer-check>     = help: Tiger Style (Searchable Path Names): do not repeat crate or module path words in item names unless documenting a compatibility API Example: guest::spawn_vm
octet-consumer-check>     = note: see Tiger Style guide: Naming
octet-consumer-check> 
octet-consumer-check> warning: non-trait import `BranchMarker` hides the owner path; prefer the qualified path at the use site
octet-consumer-check>  --> crates/chaoscontrol-protocol/src/protocol_observation/oracle/marker.rs:2:1
octet-consumer-check>   |
octet-consumer-check> 2 | use crate::branch_marker::BranchMarker;
octet-consumer-check>   | ^^^^^^^^^^^^^^^^^^^^^^^^^^^^^^^^^^^^^^^
octet-consumer-check>   |
octet-consumer-check>   = help: Tiger Style (Searchable Owner Paths): keep concrete owner types at their qualified use sites; import traits only for method resolution Example: crate::addr::Addr
octet-consumer-check>   = note: see Tiger Style guide: Naming
octet-consumer-check> 
octet-consumer-check> warning: item name `MarkerSnapshotBinding` repeats `marker` from ancestor path segment `marker`
octet-consumer-check>   --> crates/chaoscontrol-protocol/src/protocol_observation/oracle/marker.rs:7:1
octet-consumer-check>    |
octet-consumer-check>  7 | / pub struct MarkerSnapshotBinding {
octet-consumer-check>  8 | |     pub marker_identity: String,
octet-consumer-check>  9 | |     pub projection_ref: String,
octet-consumer-check> 10 | |     pub record_ref: String,
octet-consumer-check> ...  |
octet-consumer-check> 14 | |     pub scheduler_state_ref: String,
octet-consumer-check> 15 | | }
octet-consumer-check>    | |_^
octet-consumer-check>    |
octet-consumer-check>    = help: Tiger Style (Searchable Path Names): do not repeat crate or module path words in item names unless documenting a compatibility API Example: guest::spawn_vm
octet-consumer-check>    = note: see Tiger Style guide: Naming
octet-consumer-check> 
octet-consumer-check> warning: item name `bind_marker_snapshot` repeats `marker` from ancestor path segment `marker`
octet-consumer-check>   --> crates/chaoscontrol-protocol/src/protocol_observation/oracle/marker.rs:17:1
octet-consumer-check>    |
octet-consumer-check> 17 | / pub fn bind_marker_snapshot(
octet-consumer-check> 18 | |     profile: &AdmittedProfile,
octet-consumer-check> 19 | |     cohort: &CohortResult,
octet-consumer-check> 20 | |     marker: &BranchMarker,
octet-consumer-check> ...  |
octet-consumer-check> 60 | |     Ok(binding)
octet-consumer-check> 61 | | }
octet-consumer-check>    | |_^
octet-consumer-check>    |
octet-consumer-check>    = help: Tiger Style (Searchable Path Names): do not repeat crate or module path words in item names unless documenting a compatibility API Example: guest::spawn_vm
octet-consumer-check>    = note: see Tiger Style guide: Naming
octet-consumer-check> 
octet-consumer-check> warning: item name `validate_marker_binding` repeats `marker` from ancestor path segment `marker`
octet-consumer-check>   --> crates/chaoscontrol-protocol/src/protocol_observation/oracle/marker.rs:63:1
octet-consumer-check>    |
octet-consumer-check> 63 | / pub fn validate_marker_binding(
octet-consumer-check> 64 | |     profile: &AdmittedProfile,
octet-consumer-check> 65 | |     cohort: &CohortResult,
octet-consumer-check> 66 | |     binding: &MarkerSnapshotBinding,
octet-consumer-check> ...  |
octet-consumer-check> 93 | |     Ok(())
octet-consumer-check> 94 | | }
octet-consumer-check>    | |_^
octet-consumer-check>    |
octet-consumer-check>    = help: Tiger Style (Searchable Path Names): do not repeat crate or module path words in item names unless documenting a compatibility API Example: guest::spawn_vm
octet-consumer-check>    = note: see Tiger Style guide: Naming
octet-consumer-check> 
octet-consumer-check> warning: non-trait import `Deserialize` hides the owner path; prefer the qualified path at the use site
octet-consumer-check>  --> crates/chaoscontrol-protocol/src/protocol_observation/oracle.rs:7:13
octet-consumer-check>   |
octet-consumer-check> 7 | use serde::{Deserialize, Serialize};
octet-consumer-check>   |             ^^^^^^^^^^^
octet-consumer-check>   |
octet-consumer-check>   = help: Tiger Style (Searchable Owner Paths): keep concrete owner types at their qualified use sites; import traits only for method resolution Example: crate::addr::Addr
octet-consumer-check>   = note: see Tiger Style guide: Naming
octet-consumer-check> 
octet-consumer-check> warning: non-trait import `Serialize` hides the owner path; prefer the qualified path at the use site
octet-consumer-check>  --> crates/chaoscontrol-protocol/src/protocol_observation/oracle.rs:7:26
octet-consumer-check>   |
octet-consumer-check> 7 | use serde::{Deserialize, Serialize};
octet-consumer-check>   |                          ^^^^^^^^^
octet-consumer-check>   |
octet-consumer-check>   = help: Tiger Style (Searchable Owner Paths): keep concrete owner types at their qualified use sites; import traits only for method resolution Example: crate::addr::Addr
octet-consumer-check>   = note: see Tiger Style guide: Naming
octet-consumer-check> 
octet-consumer-check> warning: item name `ProtocolVerdict` repeats `protocol` from ancestor path segment `protocol_observation`
octet-consumer-check>   --> crates/chaoscontrol-protocol/src/protocol_observation/oracle.rs:13:1
octet-consumer-check>    |
octet-consumer-check> 13 | / pub enum ProtocolVerdict {
octet-consumer-check> 14 | |     Pass,
octet-consumer-check> 15 | |     Fail,
octet-consumer-check> 16 | |     Unsupported,
octet-consumer-check> 17 | | }
octet-consumer-check>    | |_^
octet-consumer-check>    |
octet-consumer-check>    = help: Tiger Style (Searchable Path Names): do not repeat crate or module path words in item names unless documenting a compatibility API Example: guest::spawn_vm
octet-consumer-check>    = note: see Tiger Style guide: Naming
octet-consumer-check> 
octet-consumer-check> warning: item name `OracleDecision` repeats `oracle` from ancestor path segment `oracle`
octet-consumer-check>   --> crates/chaoscontrol-protocol/src/protocol_observation/oracle.rs:21:1
octet-consumer-check>    |
octet-consumer-check> 21 | / pub struct OracleDecision {
octet-consumer-check> 22 | |     pub verdict: ProtocolVerdict,
octet-consumer-check> 23 | |     pub diagnostic_refs: Vec<String>,
octet-consumer-check> 24 | |     pub work_items: u32,
octet-consumer-check> 25 | | }
octet-consumer-check>    | |_^
octet-consumer-check>    |
octet-consumer-check>    = help: Tiger Style (Searchable Path Names): do not repeat crate or module path words in item names unless documenting a compatibility API Example: guest::spawn_vm
octet-consumer-check>    = note: see Tiger Style guide: Naming
octet-consumer-check> 
octet-consumer-check> warning: item name `ProtocolOracleResult` repeats `protocol` from ancestor path segment `protocol_observation`
octet-consumer-check>   --> crates/chaoscontrol-protocol/src/protocol_observation/oracle.rs:29:1
octet-consumer-check>    |
octet-consumer-check> 29 | / pub struct ProtocolOracleResult {
octet-consumer-check> 30 | |     pub adapter_ref: String,
octet-consumer-check> 31 | |     pub cohort_identity: String,
octet-consumer-check> 32 | |     pub result_ref: String,
octet-consumer-check> 33 | |     pub decision: OracleDecision,
octet-consumer-check> 34 | | }
octet-consumer-check>    | |_^
octet-consumer-check>    |
octet-consumer-check>    = help: Tiger Style (Searchable Path Names): do not repeat crate or module path words in item names unless documenting a compatibility API Example: guest::spawn_vm
octet-consumer-check>    = note: see Tiger Style guide: Naming
octet-consumer-check> 
octet-consumer-check> warning: item name `validate_oracle_adapter` repeats `oracle` from ancestor path segment `oracle`
octet-consumer-check>   --> crates/chaoscontrol-protocol/src/protocol_observation/oracle.rs:49:1
octet-consumer-check>    |
octet-consumer-check> 49 | / pub fn validate_oracle_adapter<O: ProtocolOracle + ?Sized>(
octet-consumer-check> 50 | |     profile: &AdmittedProfile,
octet-consumer-check> 51 | |     oracle: &O,
octet-consumer-check> 52 | | ) -> Result<(), ProtocolObservationError> {
octet-consumer-check> ...  |
octet-consumer-check> 62 | |     Ok(())
octet-consumer-check> 63 | | }
octet-consumer-check>    | |_^
octet-consumer-check>    |
octet-consumer-check>    = help: Tiger Style (Searchable Path Names): do not repeat crate or module path words in item names unless documenting a compatibility API Example: guest::spawn_vm
octet-consumer-check>    = note: see Tiger Style guide: Naming
octet-consumer-check> 
octet-consumer-check> warning: item name `run_consumer_oracle` repeats `oracle` from ancestor path segment `oracle`
octet-consumer-check>   --> crates/chaoscontrol-protocol/src/protocol_observation/oracle.rs:65:1
octet-consumer-check>    |
octet-consumer-check> 65 | / pub fn run_consumer_oracle<O: ProtocolOracle + ?Sized>(
octet-consumer-check> 66 | |     profile: &AdmittedProfile,
octet-consumer-check> 67 | |     cohort: &CohortResult,
octet-consumer-check> 68 | |     oracle: &O,
octet-consumer-check> ...  |
octet-consumer-check> 88 | |     Ok(result)
octet-consumer-check> 89 | | }
octet-consumer-check>    | |_^
octet-consumer-check>    |
octet-consumer-check>    = help: Tiger Style (Searchable Path Names): do not repeat crate or module path words in item names unless documenting a compatibility API Example: guest::spawn_vm
octet-consumer-check>    = note: see Tiger Style guide: Naming
octet-consumer-check> 
octet-consumer-check> warning: item name `validate_oracle_result` repeats `oracle` from ancestor path segment `oracle`
octet-consumer-check>    --> crates/chaoscontrol-protocol/src/protocol_observation/oracle.rs:91:1
octet-consumer-check>     |
octet-consumer-check>  91 | / pub fn validate_oracle_result(
octet-consumer-check>  92 | |     profile: &AdmittedProfile,
octet-consumer-check>  93 | |     cohort: &CohortResult,
octet-consumer-check>  94 | |     result: &ProtocolOracleResult,
octet-consumer-check> ...   |
octet-consumer-check> 109 | |     Ok(())
octet-consumer-check> 110 | | }
octet-consumer-check>     | |_^
octet-consumer-check>     |
octet-consumer-check>     = help: Tiger Style (Searchable Path Names): do not repeat crate or module path words in item names unless documenting a compatibility API Example: guest::spawn_vm
octet-consumer-check>     = note: see Tiger Style guide: Naming
octet-consumer-check> 
octet-consumer-check> warning: non-trait import `BTreeSet` hides the owner path; prefer the qualified path at the use site
octet-consumer-check>  --> crates/chaoscontrol-protocol/src/protocol_observation/profile.rs:4:1
octet-consumer-check>   |
octet-consumer-check> 4 | use std::collections::BTreeSet;
octet-consumer-check>   | ^^^^^^^^^^^^^^^^^^^^^^^^^^^^^^^
octet-consumer-check>   |
octet-consumer-check>   = help: Tiger Style (Searchable Owner Paths): keep concrete owner types at their qualified use sites; import traits only for method resolution Example: crate::addr::Addr
octet-consumer-check>   = note: see Tiger Style guide: Naming
octet-consumer-check> 
octet-consumer-check> warning: item name `decode_profile` repeats `profile` from ancestor path segment `profile`
octet-consumer-check>   --> crates/chaoscontrol-protocol/src/protocol_observation/profile.rs:22:1
octet-consumer-check>    |
octet-consumer-check> 22 | / pub fn decode_profile(bytes: &[u8]) -> Result<AdmittedProfile, ProtocolObservationError> {
octet-consumer-check> 23 | |     if bytes.len() > MAX_PROFILE_BYTES {
octet-consumer-check> 24 | |         return Err(ProtocolObservationError::BoundExceeded("profile-bytes"));
octet-consumer-check> ...  |
octet-consumer-check> 28 | |     admit_profile(profile)
octet-consumer-check> 29 | | }
octet-consumer-check>    | |_^
octet-consumer-check>    |
octet-consumer-check>    = help: Tiger Style (Searchable Path Names): do not repeat crate or module path words in item names unless documenting a compatibility API Example: guest::spawn_vm
octet-consumer-check>    = note: see Tiger Style guide: Naming
octet-consumer-check> 
octet-consumer-check> warning: item name `admit_profile` repeats `profile` from ancestor path segment `profile`
octet-consumer-check>   --> crates/chaoscontrol-protocol/src/protocol_observation/profile.rs:31:1
octet-consumer-check>    |
octet-consumer-check> 31 | / pub fn admit_profile(
octet-consumer-check> 32 | |     profile: ProtocolObservationProfile,
octet-consumer-check> 33 | | ) -> Result<AdmittedProfile, ProtocolObservationError> {
octet-consumer-check> 34 | |     validate(&profile)?;
octet-consumer-check> ...  |
octet-consumer-check> 40 | |     })
octet-consumer-check> 41 | | }
octet-consumer-check>    | |_^
octet-consumer-check>    |
octet-consumer-check>    = help: Tiger Style (Searchable Path Names): do not repeat crate or module path words in item names unless documenting a compatibility API Example: guest::spawn_vm
octet-consumer-check>    = note: see Tiger Style guide: Naming
octet-consumer-check> 
octet-consumer-check> warning: item name `validate_profile_identity` repeats `profile` from ancestor path segment `profile`
octet-consumer-check>   --> crates/chaoscontrol-protocol/src/protocol_observation/profile.rs:43:1
octet-consumer-check>    |
octet-consumer-check> 43 | / pub fn validate_profile_identity(
octet-consumer-check> 44 | |     profile: &AdmittedProfile,
octet-consumer-check> 45 | | ) -> Result<(), ProtocolObservationError> {
octet-consumer-check> 46 | |     validate(&profile.profile)?;
octet-consumer-check> ...  |
octet-consumer-check> 53 | |     Ok(())
octet-consumer-check> 54 | | }
octet-consumer-check>    | |_^
octet-consumer-check>    |
octet-consumer-check>    = help: Tiger Style (Searchable Path Names): do not repeat crate or module path words in item names unless documenting a compatibility API Example: guest::spawn_vm
octet-consumer-check>    = note: see Tiger Style guide: Naming
octet-consumer-check> 
octet-consumer-check> warning: fallible integer conversion hides an out-of-range error behind a sentinel fallback
octet-consumer-check>    --> crates/chaoscontrol-protocol/src/protocol_observation/mod.rs:131:18
octet-consumer-check>     |
octet-consumer-check> 131 |     let length = u64::try_from(bytes.len()).unwrap_or(u64::MAX);
octet-consumer-check>     |                  ^^^^^^^^^^^^^^^^^^^^^^^^^^^^^^^^^^^^^^^^^^^^^^
octet-consumer-check>     |
octet-consumer-check>     = help: Tiger Style (Error Handling): propagate integer conversion failures instead of replacing them with sentinel or default values Example: let id = u32::try_from(raw)?;
octet-consumer-check>     = note: see Tiger Style guide: Error Handling
octet-consumer-check> 
octet-consumer-check>    Compiling ciborium v0.2.2
octet-consumer-check> error: could not compile `chaoscontrol-protocol` (lib) due to 9 previous errors; 124 warnings emitted
octet-consumer-check> warning: build failed, waiting for other jobs to finish...
octet-consumer-check>    Compiling rand v0.8.6
octet-consumer-check>    Compiling axum v0.8.8
octet-consumer-check> --- octet summary ---
octet-consumer-check> Status: integration-failure
octet-consumer-check> Findings: 140
octet-consumer-check> Warnings: 131
octet-consumer-check> Errors: 9
octet-consumer-check> Autofixable: 0
octet-consumer-check> Tool: cargo-octet 0.1.0
octet-consumer-check> Toolchain: nightly-2026-03-21-x86_64-unknown-linux-gnu
octet-consumer-check> Config hash: b3:e2725b9e119ec913d6f1a55c9ef4aff593a8b5938ac2590e87bb338436067c10
octet-consumer-check> Profile hash: b3:1ac2aef44914c68a81e38435898e141742ca97dec57c9deac8a22203e5b1cd2a
octet-consumer-check> 
octet-consumer-check> By crate:
octet-consumer-check>   chaoscontrol_protocol        133
octet-consumer-check>   build-script-build           7
octet-consumer-check> 
octet-consumer-check> By effect:
octet-consumer-check>   unknown         121
octet-consumer-check>   failure         11
octet-consumer-check>   resource        8
octet-consumer-check> 
octet-consumer-check> By lint:
octet-consumer-check>   path_segment_repetition              61
octet-consumer-check>   non_trait_imports                    57
octet-consumer-check>   explicit_defaults                    9
octet-consumer-check>   ambient_env                          4
octet-consumer-check>   excessive_file_length                3
octet-consumer-check>   underscore_in_module_filename        3
octet-consumer-check>   fallible_int_fallback                2
octet-consumer-check>   module_file_count                    1
octet-consumer-check> 
octet-consumer-check> Index:
octet-consumer-check>   F1    non_trait_imports             chaoscontrol_protocol  crates/chaoscontrol-protocol/src/admission/evidence.rs:2
octet-consumer-check>   F2    non_trait_imports             chaoscontrol_protocol  crates/chaoscontrol-protocol/src/admission/evidence.rs:2
octet-consumer-check>   F3    non_trait_imports             chaoscontrol_protocol  crates/chaoscontrol-protocol/src/admission/evidence.rs:2
octet-consumer-check>   F4    non_trait_imports             chaoscontrol_protocol  crates/chaoscontrol-protocol/src/admission/evidence.rs:2
octet-consumer-check>   F5    non_trait_imports             chaoscontrol_protocol  crates/chaoscontrol-protocol/src/admission/evidence.rs:2
octet-consumer-check>   F6    non_trait_imports             chaoscontrol_protocol  crates/chaoscontrol-protocol/src/admission/evidence.rs:4
octet-consumer-check>   F7    non_trait_imports             chaoscontrol_protocol  crates/chaoscontrol-protocol/src/admission/evidence.rs:4
octet-consumer-check>   F8    path_segment_repetition       chaoscontrol_protocol  crates/chaoscontrol-protocol/src/admission/evidence.rs:8
octet-consumer-check>   F9    module_file_count             chaoscontrol_protocol  crates/chaoscontrol-protocol/src/branch_marker.rs:1
octet-consumer-check>   F10   underscore_in_module_filename chaoscontrol_protocol  crates/chaoscontrol-protocol/src/branch_marker.rs:1
octet-consumer-check>   F11   non_trait_imports             chaoscontrol_protocol  crates/chaoscontrol-protocol/src/branch_marker.rs:3
octet-consumer-check>   F12   non_trait_imports             chaoscontrol_protocol  crates/chaoscontrol-protocol/src/branch_marker.rs:3
octet-consumer-check>   F13   path_segment_repetition       chaoscontrol_protocol  crates/chaoscontrol-protocol/src/branch_marker.rs:18
octet-consumer-check>   F14   path_segment_repetition       chaoscontrol_protocol  crates/chaoscontrol-protocol/src/branch_marker.rs:29
octet-consumer-check>   F15   explicit_defaults             chaoscontrol_protocol  crates/chaoscontrol-protocol/src/branch_marker.rs:36
octet-consumer-check>   F16   explicit_defaults             chaoscontrol_protocol  crates/chaoscontrol-protocol/src/branch_marker.rs:38
octet-consumer-check>   F17   path_segment_repetition       chaoscontrol_protocol  crates/chaoscontrol-protocol/src/branch_marker.rs:103
octet-consumer-check>   F18   fallible_int_fallback         chaoscontrol_protocol  crates/chaoscontrol-protocol/src/branch_marker.rs:112
octet-consumer-check>   F19   excessive_file_length         chaoscontrol_protocol  crates/chaoscontrol-protocol/src/fallback.rs:1
octet-consumer-check>   F20   non_trait_imports             chaoscontrol_protocol  crates/chaoscontrol-protocol/src/fallback.rs:8
octet-consumer-check>   F21   non_trait_imports             chaoscontrol_protocol  crates/chaoscontrol-protocol/src/fallback.rs:8
octet-consumer-check>   F22   non_trait_imports             chaoscontrol_protocol  crates/chaoscontrol-protocol/src/fallback.rs:8
octet-consumer-check>   F23   non_trait_imports             chaoscontrol_protocol  crates/chaoscontrol-protocol/src/fallback.rs:8
octet-consumer-check>   F24   non_trait_imports             chaoscontrol_protocol  crates/chaoscontrol-protocol/src/fallback.rs:9
octet-consumer-check>   F25   non_trait_imports             chaoscontrol_protocol  crates/chaoscontrol-protocol/src/fallback.rs:12
octet-consumer-check>   F26   non_trait_imports             chaoscontrol_protocol  crates/chaoscontrol-protocol/src/fallback.rs:12
octet-consumer-check>   F27   non_trait_imports             chaoscontrol_protocol  crates/chaoscontrol-protocol/src/fallback.rs:12
octet-consumer-check>   F28   non_trait_imports             chaoscontrol_protocol  crates/chaoscontrol-protocol/src/fallback.rs:12
octet-consumer-check>   F29   non_trait_imports             chaoscontrol_protocol  crates/chaoscontrol-protocol/src/fallback.rs:13
octet-consumer-check>   F30   non_trait_imports             chaoscontrol_protocol  crates/chaoscontrol-protocol/src/fallback.rs:13
octet-consumer-check>   F31   non_trait_imports             chaoscontrol_protocol  crates/chaoscontrol-protocol/src/fallback.rs:13
octet-consumer-check>   F32   non_trait_imports             chaoscontrol_protocol  crates/chaoscontrol-protocol/src/fallback.rs:14
octet-consumer-check>   F33   non_trait_imports             chaoscontrol_protocol  crates/chaoscontrol-protocol/src/fallback.rs:16
octet-consumer-check>   F34   non_trait_imports             chaoscontrol_protocol  crates/chaoscontrol-protocol/src/fallback.rs:16
octet-consumer-check>   F35   non_trait_imports             chaoscontrol_protocol  crates/chaoscontrol-protocol/src/fallback.rs:17
octet-consumer-check>   F36   path_segment_repetition       chaoscontrol_protocol  crates/chaoscontrol-protocol/src/fallback.rs:33
octet-consumer-check>   F37   path_segment_repetition       chaoscontrol_protocol  crates/chaoscontrol-protocol/src/fallback.rs:63
octet-consumer-check>   F38   path_segment_repetition       chaoscontrol_protocol  crates/chaoscontrol-protocol/src/fallback.rs:89
octet-consumer-check>   F39   path_segment_repetition       chaoscontrol_protocol  crates/chaoscontrol-protocol/src/fallback.rs:195
octet-consumer-check>   F40   path_segment_repetition       chaoscontrol_protocol  crates/chaoscontrol-protocol/src/fallback.rs:203
octet-consumer-check>   F41   path_segment_repetition       chaoscontrol_protocol  crates/chaoscontrol-protocol/src/fallback.rs:213
octet-consumer-check>   F42   path_segment_repetition       chaoscontrol_protocol  crates/chaoscontrol-protocol/src/fallback.rs:243
octet-consumer-check>   F43   path_segment_repetition       chaoscontrol_protocol  crates/chaoscontrol-protocol/src/fallback.rs:252
octet-consumer-check>   F44   path_segment_repetition       chaoscontrol_protocol  crates/chaoscontrol-protocol/src/fallback.rs:327
octet-consumer-check>   F45   path_segment_repetition       chaoscontrol_protocol  crates/chaoscontrol-protocol/src/fallback.rs:366
octet-consumer-check>   F46   path_segment_repetition       chaoscontrol_protocol  crates/chaoscontrol-protocol/src/fallback.rs:390
octet-consumer-check>   F47   path_segment_repetition       chaoscontrol_protocol  crates/chaoscontrol-protocol/src/fallback.rs:399
octet-consumer-check>   F48   path_segment_repetition       chaoscontrol_protocol  crates/chaoscontrol-protocol/src/fallback.rs:406
octet-consumer-check>   F49   path_segment_repetition       chaoscontrol_protocol  crates/chaoscontrol-protocol/src/fallback.rs:457
octet-consumer-check>   F50   excessive_file_length         chaoscontrol_protocol  crates/chaoscontrol-protocol/src/guest_process.rs:1
octet-consumer-check>   F51   underscore_in_module_filename chaoscontrol_protocol  crates/chaoscontrol-protocol/src/guest_process.rs:1
octet-consumer-check>   F52   non_trait_imports             chaoscontrol_protocol  crates/chaoscontrol-protocol/src/guest_process.rs:1
octet-consumer-check>   F53   non_trait_imports             chaoscontrol_protocol  crates/chaoscontrol-protocol/src/guest_process.rs:1
octet-consumer-check>   F54   non_trait_imports             chaoscontrol_protocol  crates/chaoscontrol-protocol/src/guest_process.rs:2
octet-consumer-check>   F55   non_trait_imports             chaoscontrol_protocol  crates/chaoscontrol-protocol/src/guest_process.rs:2
octet-consumer-check>   F56   non_trait_imports             chaoscontrol_protocol  crates/chaoscontrol-protocol/src/guest_process.rs:3
octet-consumer-check>   F57   non_trait_imports             chaoscontrol_protocol  crates/chaoscontrol-protocol/src/guest_process.rs:3
octet-consumer-check>   F58   path_segment_repetition       chaoscontrol_protocol  crates/chaoscontrol-protocol/src/guest_process.rs:49
octet-consumer-check>   F59   path_segment_repetition       chaoscontrol_protocol  crates/chaoscontrol-protocol/src/guest_process.rs:62
octet-consumer-check>   F60   path_segment_repetition       chaoscontrol_protocol  crates/chaoscontrol-protocol/src/guest_process.rs:71
octet-consumer-check>   F61   path_segment_repetition       chaoscontrol_protocol  crates/chaoscontrol-protocol/src/guest_process.rs:180
octet-consumer-check>   F62   path_segment_repetition       chaoscontrol_protocol  crates/chaoscontrol-protocol/src/guest_process.rs:262
octet-consumer-check>   F63   path_segment_repetition       chaoscontrol_protocol  crates/chaoscontrol-protocol/src/guest_process.rs:271
octet-consumer-check>   F64   path_segment_repetition       chaoscontrol_protocol  crates/chaoscontrol-protocol/src/guest_process.rs:302
octet-consumer-check>   F65   excessive_file_length         chaoscontrol_protocol  crates/chaoscontrol-protocol/src/oci_intake.rs:1
octet-consumer-check>   F66   underscore_in_module_filename chaoscontrol_protocol  crates/chaoscontrol-protocol/src/oci_intake.rs:1
octet-consumer-check>   F67   non_trait_imports             chaoscontrol_protocol  crates/chaoscontrol-protocol/src/oci_intake.rs:4
octet-consumer-check>   F68   non_trait_imports             chaoscontrol_protocol  crates/chaoscontrol-protocol/src/oci_intake.rs:4
octet-consumer-check>   F69   non_trait_imports             chaoscontrol_protocol  crates/chaoscontrol-protocol/src/oci_intake.rs:4
octet-consumer-check>   F70   non_trait_imports             chaoscontrol_protocol  crates/chaoscontrol-protocol/src/oci_intake.rs:4
octet-consumer-check>   F71   non_trait_imports             chaoscontrol_protocol  crates/chaoscontrol-protocol/src/oci_intake.rs:4
octet-consumer-check>   F72   non_trait_imports             chaoscontrol_protocol  crates/chaoscontrol-protocol/src/oci_intake.rs:5
octet-consumer-check>   F73   non_trait_imports             chaoscontrol_protocol  crates/chaoscontrol-protocol/src/oci_intake.rs:5
octet-consumer-check>   F74   non_trait_imports             chaoscontrol_protocol  crates/chaoscontrol-protocol/src/oci_intake.rs:7
octet-consumer-check>   F75   non_trait_imports             chaoscontrol_protocol  crates/chaoscontrol-protocol/src/oci_intake.rs:7
octet-consumer-check>   F76   non_trait_imports             chaoscontrol_protocol  crates/chaoscontrol-protocol/src/oci_intake.rs:8
octet-consumer-check>   F77   path_segment_repetition       chaoscontrol_protocol  crates/chaoscontrol-protocol/src/oci_intake.rs:59
octet-consumer-check>   F78   path_segment_repetition       chaoscontrol_protocol  crates/chaoscontrol-protocol/src/oci_intake.rs:88
octet-consumer-check>   F79   path_segment_repetition       chaoscontrol_protocol  crates/chaoscontrol-protocol/src/oci_intake.rs:276
octet-consumer-check>   F80   path_segment_repetition       chaoscontrol_protocol  crates/chaoscontrol-protocol/src/oci_intake.rs:285
octet-consumer-check>   F81   path_segment_repetition       chaoscontrol_protocol  crates/chaoscontrol-protocol/src/oci_intake.rs:294
octet-consumer-check>   F82   non_trait_imports             chaoscontrol_protocol  crates/chaoscontrol-protocol/src/process.rs:3
octet-consumer-check>   F83   non_trait_imports             chaoscontrol_protocol  crates/chaoscontrol-protocol/src/process.rs:3
octet-consumer-check>   F84   path_segment_repetition       chaoscontrol_protocol  crates/chaoscontrol-protocol/src/process.rs:11
octet-consumer-check>   F85   path_segment_repetition       chaoscontrol_protocol  crates/chaoscontrol-protocol/src/process.rs:19
octet-consumer-check>   F86   path_segment_repetition       chaoscontrol_protocol  crates/chaoscontrol-protocol/src/process.rs:28
octet-consumer-check>   F87   path_segment_repetition       chaoscontrol_protocol  crates/chaoscontrol-protocol/src/process.rs:82
octet-consumer-check>   F88   path_segment_repetition       chaoscontrol_protocol  crates/chaoscontrol-protocol/src/protocol_observation/admission.rs:18
octet-consumer-check>   F89   path_segment_repetition       chaoscontrol_protocol  crates/chaoscontrol-protocol/src/protocol_observation/admission.rs:31
octet-consumer-check>   F90   path_segment_repetition       chaoscontrol_protocol  crates/chaoscontrol-protocol/src/protocol_observation/admission.rs:52
octet-consumer-check>   F91   non_trait_imports             chaoscontrol_protocol  crates/chaoscontrol-protocol/src/protocol_observation/cohort.rs:6
octet-consumer-check>   F92   path_segment_repetition       chaoscontrol_protocol  crates/chaoscontrol-protocol/src/protocol_observation/cohort.rs:10
octet-consumer-check>   F93   path_segment_repetition       chaoscontrol_protocol  crates/chaoscontrol-protocol/src/protocol_observation/cohort.rs:107
octet-consumer-check>   F94   non_trait_imports             chaoscontrol_protocol  crates/chaoscontrol-protocol/src/protocol_observation/evidence.rs:4
octet-consumer-check>   F95   path_segment_repetition       chaoscontrol_protocol  crates/chaoscontrol-protocol/src/protocol_observation/evidence.rs:8
octet-consumer-check>   F96   fallible_int_fallback         chaoscontrol_protocol  crates/chaoscontrol-protocol/src/protocol_observation/mod.rs:131
octet-consumer-check>   F97   non_trait_imports             chaoscontrol_protocol  crates/chaoscontrol-protocol/src/protocol_observation/model.rs:1
octet-consumer-check>   F98   non_trait_imports             chaoscontrol_protocol  crates/chaoscontrol-protocol/src/protocol_observation/model.rs:1
octet-consumer-check>   F99   non_trait_imports             chaoscontrol_protocol  crates/chaoscontrol-protocol/src/protocol_observation/model.rs:1
octet-consumer-check>   F100  non_trait_imports             chaoscontrol_protocol  crates/chaoscontrol-protocol/src/protocol_observation/model.rs:2
octet-consumer-check>   F101  non_trait_imports             chaoscontrol_protocol  crates/chaoscontrol-protocol/src/protocol_observation/model.rs:2
octet-consumer-check>   F102  path_segment_repetition       chaoscontrol_protocol  crates/chaoscontrol-protocol/src/protocol_observation/model.rs:63
octet-consumer-check>   F103  path_segment_repetition       chaoscontrol_protocol  crates/chaoscontrol-protocol/src/protocol_observation/model.rs:94
octet-consumer-check>   F104  path_segment_repetition       chaoscontrol_protocol  crates/chaoscontrol-protocol/src/protocol_observation/model.rs:120
octet-consumer-check>   F105  explicit_defaults             chaoscontrol_protocol  crates/chaoscontrol-protocol/src/protocol_observation/model.rs:137
octet-consumer-check>   F106  explicit_defaults             chaoscontrol_protocol  crates/chaoscontrol-protocol/src/protocol_observation/model.rs:140
octet-consumer-check>   F107  explicit_defaults             chaoscontrol_protocol  crates/chaoscontrol-protocol/src/protocol_observation/model.rs:142
octet-consumer-check>   F108  path_segment_repetition       chaoscontrol_protocol  crates/chaoscontrol-protocol/src/protocol_observation/model.rs:157
octet-consumer-check>   F109  path_segment_repetition       chaoscontrol_protocol  crates/chaoscontrol-protocol/src/protocol_observation/model.rs:165
octet-consumer-check>   F110  path_segment_repetition       chaoscontrol_protocol  crates/chaoscontrol-protocol/src/protocol_observation/model.rs:220
octet-consumer-check>   F111  explicit_defaults             chaoscontrol_protocol  crates/chaoscontrol-protocol/src/protocol_observation/model.rs:221
octet-consumer-check>   F112  path_segment_repetition       chaoscontrol_protocol  crates/chaoscontrol-protocol/src/protocol_observation/model.rs:229
octet-consumer-check>   F113  explicit_defaults             chaoscontrol_protocol  crates/chaoscontrol-protocol/src/protocol_observation/model.rs:242
octet-consumer-check>   F114  explicit_defaults             chaoscontrol_protocol  crates/chaoscontrol-protocol/src/protocol_observation/model.rs:245
octet-consumer-check>   F115  path_segment_repetition       chaoscontrol_protocol  crates/chaoscontrol-protocol/src/protocol_observation/model.rs:262
octet-consumer-check>   F116  explicit_defaults             chaoscontrol_protocol  crates/chaoscontrol-protocol/src/protocol_observation/model.rs:270
octet-consumer-check>   F117  path_segment_repetition       chaoscontrol_protocol  crates/chaoscontrol-protocol/src/protocol_observation/model.rs:278
octet-consumer-check>   F118  non_trait_imports             chaoscontrol_protocol  crates/chaoscontrol-protocol/src/protocol_observation/oracle.rs:7
octet-consumer-check>   F119  non_trait_imports             chaoscontrol_protocol  crates/chaoscontrol-protocol/src/protocol_observation/oracle.rs:7
octet-consumer-check>   F120  path_segment_repetition       chaoscontrol_protocol  crates/chaoscontrol-protocol/src/protocol_observation/oracle.rs:13
octet-consumer-check>   F121  path_segment_repetition       chaoscontrol_protocol  crates/chaoscontrol-protocol/src/protocol_observation/oracle.rs:21
octet-consumer-check>   F122  path_segment_repetition       chaoscontrol_protocol  crates/chaoscontrol-protocol/src/protocol_observation/oracle.rs:29
octet-consumer-check>   F123  path_segment_repetition       chaoscontrol_protocol  crates/chaoscontrol-protocol/src/protocol_observation/oracle.rs:49
octet-consumer-check>   F124  path_segment_repetition       chaoscontrol_protocol  crates/chaoscontrol-protocol/src/protocol_observation/oracle.rs:65
octet-consumer-check>   F125  path_segment_repetition       chaoscontrol_protocol  crates/chaoscontrol-protocol/src/protocol_observation/oracle.rs:91
octet-consumer-check>   F126  non_trait_imports             chaoscontrol_protocol  crates/chaoscontrol-protocol/src/protocol_observation/oracle/marker.rs:2
octet-consumer-check>   F127  path_segment_repetition       chaoscontrol_protocol  crates/chaoscontrol-protocol/src/protocol_observation/oracle/marker.rs:7
octet-consumer-check>   F128  path_segment_repetition       chaoscontrol_protocol  crates/chaoscontrol-protocol/src/protocol_observation/oracle/marker.rs:17
octet-consumer-check>   F129  path_segment_repetition       chaoscontrol_protocol  crates/chaoscontrol-protocol/src/protocol_observation/oracle/marker.rs:63
octet-consumer-check>   F130  non_trait_imports             chaoscontrol_protocol  crates/chaoscontrol-protocol/src/protocol_observation/profile.rs:4
octet-consumer-check>   F131  path_segment_repetition       chaoscontrol_protocol  crates/chaoscontrol-protocol/src/protocol_observation/profile.rs:22
octet-consumer-check>   F132  path_segment_repetition       chaoscontrol_protocol  crates/chaoscontrol-protocol/src/protocol_observation/profile.rs:31
octet-consumer-check>   F133  path_segment_repetition       chaoscontrol_protocol  crates/chaoscontrol-protocol/src/protocol_observation/profile.rs:43
octet-consumer-check>   F134  non_trait_imports             build-script-build     crates/chaoscontrol-trace/build.rs:1
octet-consumer-check>   F135  non_trait_imports             build-script-build     crates/chaoscontrol-trace/build.rs:2
octet-consumer-check>   F136  non_trait_imports             build-script-build     crates/chaoscontrol-trace/build.rs:3
octet-consumer-check>   F137  ambient_env                   build-script-build     crates/chaoscontrol-trace/build.rs:155
octet-consumer-check>   F138  ambient_env                   build-script-build     crates/chaoscontrol-trace/build.rs:155
octet-consumer-check>   F139  ambient_env                   build-script-build     crates/chaoscontrol-trace/build.rs:168
octet-consumer-check>   F140  ambient_env                   build-script-build     crates/chaoscontrol-trace/build.rs:217
octet-consumer-check> ---
error: Cannot build '/nix/store/3lix2sxy3h4qzm5gknx7cciq67x8w7l0-octet-consumer-check.drv'.
       Reason: builder failed with exit code 2.
       Output paths:
         /nix/store/8pvfzb7dfbv5f8smvspwvjrplr805wq7-octet-consumer-check
       Last 25 log lines:
       >   F117  path_segment_repetition       chaoscontrol_protocol  crates/chaoscontrol-protocol/src/protocol_observation/model.rs:278
       >   F118  non_trait_imports             chaoscontrol_protocol  crates/chaoscontrol-protocol/src/protocol_observation/oracle.rs:7
       >   F119  non_trait_imports             chaoscontrol_protocol  crates/chaoscontrol-protocol/src/protocol_observation/oracle.rs:7
       >   F120  path_segment_repetition       chaoscontrol_protocol  crates/chaoscontrol-protocol/src/protocol_observation/oracle.rs:13
       >   F121  path_segment_repetition       chaoscontrol_protocol  crates/chaoscontrol-protocol/src/protocol_observation/oracle.rs:21
       >   F122  path_segment_repetition       chaoscontrol_protocol  crates/chaoscontrol-protocol/src/protocol_observation/oracle.rs:29
       >   F123  path_segment_repetition       chaoscontrol_protocol  crates/chaoscontrol-protocol/src/protocol_observation/oracle.rs:49
       >   F124  path_segment_repetition       chaoscontrol_protocol  crates/chaoscontrol-protocol/src/protocol_observation/oracle.rs:65
       >   F125  path_segment_repetition       chaoscontrol_protocol  crates/chaoscontrol-protocol/src/protocol_observation/oracle.rs:91
       >   F126  non_trait_imports             chaoscontrol_protocol  crates/chaoscontrol-protocol/src/protocol_observation/oracle/marker.rs:2
       >   F127  path_segment_repetition       chaoscontrol_protocol  crates/chaoscontrol-protocol/src/protocol_observation/oracle/marker.rs:7
       >   F128  path_segment_repetition       chaoscontrol_protocol  crates/chaoscontrol-protocol/src/protocol_observation/oracle/marker.rs:17
       >   F129  path_segment_repetition       chaoscontrol_protocol  crates/chaoscontrol-protocol/src/protocol_observation/oracle/marker.rs:63
       >   F130  non_trait_imports             chaoscontrol_protocol  crates/chaoscontrol-protocol/src/protocol_observation/profile.rs:4
       >   F131  path_segment_repetition       chaoscontrol_protocol  crates/chaoscontrol-protocol/src/protocol_observation/profile.rs:22
       >   F132  path_segment_repetition       chaoscontrol_protocol  crates/chaoscontrol-protocol/src/protocol_observation/profile.rs:31
       >   F133  path_segment_repetition       chaoscontrol_protocol  crates/chaoscontrol-protocol/src/protocol_observation/profile.rs:43
       >   F134  non_trait_imports             build-script-build     crates/chaoscontrol-trace/build.rs:1
       >   F135  non_trait_imports             build-script-build     crates/chaoscontrol-trace/build.rs:2
       >   F136  non_trait_imports             build-script-build     crates/chaoscontrol-trace/build.rs:3
       >   F137  ambient_env                   build-script-build     crates/chaoscontrol-trace/build.rs:155
       >   F138  ambient_env                   build-script-build     crates/chaoscontrol-trace/build.rs:155
       >   F139  ambient_env                   build-script-build     crates/chaoscontrol-trace/build.rs:168
       >   F140  ambient_env                   build-script-build     crates/chaoscontrol-trace/build.rs:217
       > ---
       For full logs, run:
         nix log /nix/store/3lix2sxy3h4qzm5gknx7cciq67x8w7l0-octet-consumer-check.drv
